sample_id,true_genres,pred_genres_image,outcome_image,jaccard_image,tp_image,fp_image,fn_image,pred_genres_text,outcome_text,jaccard_text,tp_text,fp_text,fn_text,pred_genres_multimodal,outcome_multimodal,jaccard_multimodal,tp_multimodal,fp_multimodal,fn_multimodal
1001590_0,Action|Casual,Action|Adventure|Casual|RPG,partial,0.5000,2,2,0,Action|Adventure|Casual,partial,0.6667,2,1,0,Action|Casual,exact,1.0000,2,0,0
1001590_1,Action|Casual,Action|Adventure|Casual|RPG|Strategy,partial,0.4000,2,3,0,Action|Adventure|Casual,partial,0.6667,2,1,0,Action|Casual,exact,1.0000,2,0,0
1001660_0,Action|Adventure|Casual|RPG,Action,partial,0.2500,1,0,3,Action|RPG|Strategy,partial,0.4000,2,1,2,RPG,partial,0.2500,1,0,3
1001660_1,Action|Adventure|Casual|RPG,Action|Adventure,partial,0.5000,2,0,2,Action|RPG|Strategy,partial,0.4000,2,1,2,RPG|Strategy,partial,0.2000,1,1,3
1004790_0,Adventure|Casual|RPG,Casual|Simulation|Strategy,partial,0.2000,1,2,2,Action|Adventure|RPG,partial,0.5000,2,1,1,Action|Adventure|Casual|RPG|Simulation,partial,0.6000,3,2,0
1004790_1,Adventure|Casual|RPG,Adventure|Casual|RPG|Strategy,partial,0.7500,3,1,0,Action|Adventure|RPG,partial,0.5000,2,1,1,Action|Adventure|Casual|RPG|Strategy,partial,0.6000,3,2,0
1006120_0,Action|Casual|Sports,Action|Adventure|Casual,partial,0.5000,2,1,1,Action|Casual|Sports,exact,1.0000,3,0,0,Action|Casual|Sports,exact,1.0000,3,0,0
1006120_1,Action|Casual|Sports,Action|Adventure|Casual,partial,0.5000,2,1,1,Action|Casual|Sports,exact,1.0000,3,0,0,Action|Casual|Sports,exact,1.0000,3,0,0
1006390_0,Casual|Strategy,Simulation|Strategy,partial,0.3333,1,1,1,Casual|Strategy,exact,1.0000,2,0,0,Casual|Strategy,exact,1.0000,2,0,0
1006390_1,Casual|Strategy,Casual|Strategy,exact,1.0000,2,0,0,Casual|Strategy,exact,1.0000,2,0,0,Casual|Strategy,exact,1.0000,2,0,0
1007140_0,Racing|Simulation|Sports,Action|Casual|Racing|Simulation,partial,0.4000,2,2,1,Racing|Simulation|Sports,exact,1.0000,3,0,0,Racing|Simulation|Sports,exact,1.0000,3,0,0
1007140_1,Racing|Simulation|Sports,Action|Adventure|Casual,wrong,0.0000,0,3,3,Racing|Simulation|Sports,exact,1.0000,3,0,0,Racing|Simulation|Sports,exact,1.0000,3,0,0
1007730_0,Adventure|Casual|Simulation|Strategy,Adventure|Casual|Simulation,partial,0.7500,3,0,1,Adventure|Casual,partial,0.5000,2,0,2,Adventure|Casual,partial,0.5000,2,0,2
1007730_1,Adventure|Casual|Simulation|Strategy,Action|Adventure|Casual|Simulation,partial,0.6000,3,1,1,Adventure|Casual,partial,0.5000,2,0,2,Adventure|Casual,partial,0.5000,2,0,2
1007810_0,Adventure|RPG,Action|Adventure|Casual,partial,0.2500,1,2,1,Action|Adventure|Casual,partial,0.2500,1,2,1,Action|Adventure|Casual,partial,0.2500,1,2,1
1007810_1,Adventure|RPG,Adventure|Casual,partial,0.3333,1,1,1,Action|Adventure|Casual,partial,0.2500,1,2,1,Action|Adventure|Casual,partial,0.2500,1,2,1
1008510_0,Action|Adventure|Simulation|Strategy,Action|Casual|Simulation,partial,0.4000,2,1,2,Action|Adventure|Simulation,partial,0.7500,3,0,1,Action|Adventure|Simulation,partial,0.7500,3,0,1
1008510_1,Action|Adventure|Simulation|Strategy,Action|Adventure|Casual|Simulation,partial,0.6000,3,1,1,Action|Adventure|Simulation,partial,0.7500,3,0,1,Action|Adventure|Simulation,partial,0.7500,3,0,1
1009920_0,Adventure|Casual|RPG|Simulation,Adventure|Casual|Simulation|Strategy,partial,0.6000,3,1,1,Adventure|Casual,partial,0.5000,2,0,2,Adventure|Casual,partial,0.5000,2,0,2
1009920_1,Adventure|Casual|RPG|Simulation,Adventure|Casual|Simulation|Strategy,partial,0.6000,3,1,1,Adventure|Casual,partial,0.5000,2,0,2,Adventure|Casual,partial,0.5000,2,0,2
1010480_0,Action,Adventure|Casual|RPG,wrong,0.0000,0,3,1,Action|Adventure|Casual,partial,0.3333,1,2,0,Action|Adventure|Casual,partial,0.3333,1,2,0
1010480_1,Action,Action|Adventure|RPG,partial,0.3333,1,2,0,Action|Adventure|Casual,partial,0.3333,1,2,0,Action|Adventure|Casual,partial,0.3333,1,2,0
1011590_0,Simulation|Strategy,Action|Simulation|Strategy,partial,0.6667,2,1,0,Strategy,partial,0.5000,1,0,1,Simulation|Strategy,exact,1.0000,2,0,0
1011590_1,Simulation|Strategy,Action|Adventure|RPG,wrong,0.0000,0,3,2,Strategy,partial,0.5000,1,0,1,Action|Strategy,partial,0.3333,1,1,1
1011670_0,Action|Adventure|Casual|Racing|Simulation,Action|Casual|Racing|Simulation|Sports,partial,0.6667,4,1,1,Adventure|Simulation,partial,0.4000,2,0,3,Action|Adventure|Casual|Simulation,partial,0.8000,4,0,1
1011670_1,Action|Adventure|Casual|Racing|Simulation,Action|Adventure|Casual,partial,0.6000,3,0,2,Adventure|Simulation,partial,0.4000,2,0,3,Action|Adventure|Casual,partial,0.6000,3,0,2
1012280_0,Action,Action|Adventure|Casual,partial,0.3333,1,2,0,Action|Adventure|Casual,partial,0.3333,1,2,0,Action|Adventure|Casual,partial,0.3333,1,2,0
1012280_1,Action,Action|Adventure|Casual,partial,0.3333,1,2,0,Action|Adventure|Casual,partial,0.3333,1,2,0,Action|Adventure|Casual,partial,0.3333,1,2,0
1015430_0,Adventure,Action|Adventure|RPG,partial,0.3333,1,2,0,Adventure|Casual|Simulation,partial,0.3333,1,2,0,Adventure|Casual|Simulation|Strategy,partial,0.2500,1,3,0
1015430_1,Adventure,Action|Adventure|Simulation,partial,0.3333,1,2,0,Adventure|Casual|Simulation,partial,0.3333,1,2,0,Adventure|Simulation|Strategy,partial,0.3333,1,2,0
1015530_0,RPG,Action|Adventure|Casual|RPG,partial,0.2500,1,3,0,Adventure|RPG,partial,0.5000,1,1,0,Action|Adventure|RPG,partial,0.3333,1,2,0
1015530_1,RPG,Adventure|Casual|RPG|Strategy,partial,0.2500,1,3,0,Adventure|RPG,partial,0.5000,1,1,0,Action|Adventure|RPG,partial,0.3333,1,2,0
1016030_0,Action|Adventure|Casual,Action|Adventure|Casual,exact,1.0000,3,0,0,Adventure|Casual,partial,0.6667,2,0,1,Action|Adventure|Casual,exact,1.0000,3,0,0
1016030_1,Action|Adventure|Casual,Action|Adventure|Casual,exact,1.0000,3,0,0,Adventure|Casual,partial,0.6667,2,0,1,Action|Adventure|Casual,exact,1.0000,3,0,0
1016650_0,Casual|Simulation,Casual|Simulation,exact,1.0000,2,0,0,Casual,partial,0.5000,1,0,1,Casual,partial,0.5000,1,0,1
1017880_0,Adventure|Casual,Adventure|Casual|RPG|Simulation,partial,0.5000,2,2,0,Adventure|Casual,exact,1.0000,2,0,0,Adventure|Casual|Simulation,partial,0.6667,2,1,0
1017880_1,Adventure|Casual,Adventure|Casual|RPG|Simulation,partial,0.5000,2,2,0,Adventure|Casual,exact,1.0000,2,0,0,Adventure|Casual|Simulation,partial,0.6667,2,1,0
1020390_0,Action|Adventure|Casual|Racing|Simulation,Action|Adventure|Casual,partial,0.6000,3,0,2,Action|Adventure|Casual,partial,0.6000,3,0,2,Action|Casual|Racing,partial,0.6000,3,0,2
1020390_1,Action|Adventure|Casual|Racing|Simulation,Action|Casual|Racing,partial,0.6000,3,0,2,Action|Adventure|Casual,partial,0.6000,3,0,2,Action|Casual,partial,0.4000,2,0,3
1021650_0,Adventure,Action|Adventure,partial,0.5000,1,1,0,Adventure,exact,1.0000,1,0,0,Action|Adventure,partial,0.5000,1,1,0
1021650_1,Adventure,Action|Adventure,partial,0.5000,1,1,0,Adventure,exact,1.0000,1,0,0,Action|Adventure,partial,0.5000,1,1,0
1028330_0,Casual,Action|Adventure|Casual,partial,0.3333,1,2,0,Adventure,wrong,0.0000,0,1,1,Adventure|Casual|Simulation,partial,0.3333,1,2,0
1028330_1,Casual,Action|Adventure|Simulation,wrong,0.0000,0,3,1,Adventure,wrong,0.0000,0,1,1,Action|Adventure,wrong,0.0000,0,2,1
1029660_0,Racing|Sports,Action|Casual|Racing|Simulation|Sports,partial,0.4000,2,3,0,Simulation|Sports,partial,0.3333,1,1,1,Casual|Racing|Simulation|Sports,partial,0.5000,2,2,0
1029660_1,Racing|Sports,Action|Casual|Simulation|Sports,partial,0.2000,1,3,1,Simulation|Sports,partial,0.3333,1,1,1,Racing|Simulation|Sports,partial,0.6667,2,1,0
1030530_0,Action|Casual|Strategy,Casual|Strategy,partial,0.6667,2,0,1,Action|Adventure|Casual,partial,0.5000,2,1,1,Casual|Strategy,partial,0.6667,2,0,1
1030530_1,Action|Casual|Strategy,Action|Adventure|Casual|Strategy,partial,0.7500,3,1,0,Action|Adventure|Casual,partial,0.5000,2,1,1,Action|Casual,partial,0.6667,2,0,1
1031660_0,Simulation|Strategy,Casual|Simulation|Strategy,partial,0.6667,2,1,0,Simulation|Strategy,exact,1.0000,2,0,0,Simulation|Strategy,exact,1.0000,2,0,0
1031660_1,Simulation|Strategy,Casual|Simulation|Sports|Strategy,partial,0.5000,2,2,0,Simulation|Strategy,exact,1.0000,2,0,0,Simulation|Strategy,exact,1.0000,2,0,0
1033330_0,Action|Adventure|RPG,Action|Adventure,partial,0.6667,2,0,1,Action|RPG|Strategy,partial,0.5000,2,1,1,Action|RPG|Strategy,partial,0.5000,2,1,1
1033330_1,Action|Adventure|RPG,Action|Adventure|Simulation,partial,0.5000,2,1,1,Action|RPG|Strategy,partial,0.5000,2,1,1,Action|RPG|Strategy,partial,0.5000,2,1,1
1038640_0,Adventure|Casual,Action|Adventure|Casual,partial,0.6667,2,1,0,Adventure|Casual,exact,1.0000,2,0,0,Adventure|Casual,exact,1.0000,2,0,0
1038640_1,Adventure|Casual,Adventure|Casual,exact,1.0000,2,0,0,Adventure|Casual,exact,1.0000,2,0,0,Adventure|Casual,exact,1.0000,2,0,0
1040370_0,Action|Casual|Sports,Action|Adventure|Casual,partial,0.5000,2,1,1,Action|Casual|Simulation|Sports,partial,0.7500,3,1,0,Action|Casual|Sports,exact,1.0000,3,0,0
1040370_1,Action|Casual|Sports,Action|Adventure|Casual,partial,0.5000,2,1,1,Action|Casual|Simulation|Sports,partial,0.7500,3,1,0,Action|Casual|Sports,exact,1.0000,3,0,0
1040720_0,Adventure,Adventure|RPG,partial,0.5000,1,1,0,Adventure|Simulation,partial,0.5000,1,1,0,Adventure|Casual|Simulation,partial,0.3333,1,2,0
1040720_1,Adventure,Action|Adventure|Casual|RPG,partial,0.2500,1,3,0,Adventure|Simulation,partial,0.5000,1,1,0,Adventure|Casual|Simulation,partial,0.3333,1,2,0
1047750_0,Action|Casual,Action|Adventure|Casual|Strategy,partial,0.5000,2,2,0,Adventure|Casual,partial,0.3333,1,1,1,Casual,partial,0.5000,1,0,1
1047750_1,Action|Casual,Action|Adventure|Casual|Strategy,partial,0.5000,2,2,0,Adventure|Casual,partial,0.3333,1,1,1,Casual,partial,0.5000,1,0,1
1048860_0,Adventure|Casual|Simulation,Casual|Racing|Simulation,partial,0.5000,2,1,1,Adventure|RPG|Simulation|Strategy,partial,0.4000,2,2,1,Adventure|RPG|Simulation,partial,0.5000,2,1,1
1048860_1,Adventure|Casual|Simulation,Action|Adventure|Casual|Simulation,partial,0.7500,3,1,0,Adventure|RPG|Simulation|Strategy,partial,0.4000,2,2,1,Adventure|Casual|RPG|Simulation|Strategy,partial,0.6000,3,2,0
1053850_0,Action,Action|Adventure|Casual|Simulation,partial,0.2500,1,3,0,Action|Casual|Racing|Sports,partial,0.2500,1,3,0,Action|Casual|Racing|Simulation|Sports,partial,0.2000,1,4,0
1053850_1,Action,Action|Adventure|Casual|Racing|Simulation,partial,0.2000,1,4,0,Action|Casual|Racing|Sports,partial,0.2500,1,3,0,Action|Casual|Racing|Sports,partial,0.2500,1,3,0
1055950_0,Adventure|RPG,Action|Adventure|Casual,partial,0.2500,1,2,1,Adventure|RPG|Strategy,partial,0.6667,2,1,0,Adventure|RPG|Strategy,partial,0.6667,2,1,0
1055950_1,Adventure|RPG,Action|Adventure|Casual,partial,0.2500,1,2,1,Adventure|RPG|Strategy,partial,0.6667,2,1,0,RPG|Strategy,partial,0.3333,1,1,1
1056750_0,RPG,Adventure|Casual|RPG,partial,0.3333,1,2,0,Action|Adventure|RPG,partial,0.3333,1,2,0,Action|Adventure|RPG,partial,0.3333,1,2,0
1056750_1,RPG,Action|Adventure|Casual|Simulation,wrong,0.0000,0,4,1,Action|Adventure|RPG,partial,0.3333,1,2,0,Action|Adventure|RPG,partial,0.3333,1,2,0
1058280_0,Action|Racing,Adventure|Casual|Simulation,wrong,0.0000,0,3,2,Action,partial,0.5000,1,0,1,Action|Casual,partial,0.3333,1,1,1
1058280_1,Action|Racing,Action|Adventure|RPG,partial,0.2500,1,2,1,Action,partial,0.5000,1,0,1,Action,partial,0.5000,1,0,1
1059160_0,Casual|Racing,Action|Adventure|Casual,partial,0.2500,1,2,1,Action|Casual|Racing,partial,0.6667,2,1,0,Action|Casual|Racing|Simulation|Sports,partial,0.4000,2,3,0
1059160_1,Casual|Racing,Action|Adventure|Casual|Racing|Simulation,partial,0.4000,2,3,0,Action|Casual|Racing,partial,0.6667,2,1,0,Action|Casual|Racing|Sports,partial,0.5000,2,2,0
1060240_0,Adventure|RPG|Strategy,Action|Adventure|Casual,partial,0.2000,1,2,2,Action|Adventure|RPG,partial,0.5000,2,1,1,Action|Adventure|Casual,partial,0.2000,1,2,2
1060240_1,Adventure|RPG|Strategy,Action|Adventure|Casual|Strategy,partial,0.4000,2,2,1,Action|Adventure|RPG,partial,0.5000,2,1,1,Action|Adventure|Casual|RPG,partial,0.4000,2,2,1
1063060_0,Action|Adventure|Casual,Action|Adventure|Casual,exact,1.0000,3,0,0,Action|Casual,partial,0.6667,2,0,1,Action|Adventure|Casual,exact,1.0000,3,0,0
1063060_1,Action|Adventure|Casual,Action|Adventure,partial,0.6667,2,0,1,Action|Casual,partial,0.6667,2,0,1,Action|Adventure|Casual,exact,1.0000,3,0,0
1064620_0,Action|Adventure,Action|Adventure|Casual,partial,0.6667,2,1,0,Adventure|RPG,partial,0.3333,1,1,1,Action|Adventure|RPG,partial,0.6667,2,1,0
1064620_1,Action|Adventure,Action|Adventure,exact,1.0000,2,0,0,Adventure|RPG,partial,0.3333,1,1,1,Action|Adventure|RPG,partial,0.6667,2,1,0
1066660_0,Adventure|RPG|Strategy,Adventure|Casual|Simulation,partial,0.2000,1,2,2,Action|Adventure|Casual,partial,0.2000,1,2,2,Adventure|Casual,partial,0.2500,1,1,2
1066660_1,Adventure|RPG|Strategy,Adventure|Casual|Strategy,partial,0.5000,2,1,1,Action|Adventure|Casual,partial,0.2000,1,2,2,Action|Casual,wrong,0.0000,0,2,3
1072870_0,Action|Casual,Action|Casual|Sports,partial,0.6667,2,1,0,Action|Casual,exact,1.0000,2,0,0,Action|Casual|Racing,partial,0.6667,2,1,0
1072870_1,Action|Casual,Casual|Simulation|Strategy,partial,0.2500,1,2,1,Action|Casual,exact,1.0000,2,0,0,Action|Casual|Strategy,partial,0.6667,2,1,0
1077210_0,Action,Action|Adventure|Simulation,partial,0.3333,1,2,0,Action|Adventure|Casual,partial,0.3333,1,2,0,Action|Adventure|Casual,partial,0.3333,1,2,0
1077210_1,Action,Action|Adventure,partial,0.5000,1,1,0,Action|Adventure|Casual,partial,0.3333,1,2,0,Action|Adventure|Casual,partial,0.3333,1,2,0
1078610_0,Action|Adventure|Casual|RPG,Action|Adventure|Casual,partial,0.7500,3,0,1,Adventure|RPG,partial,0.5000,2,0,2,Action|Adventure|RPG,partial,0.7500,3,0,1
1078610_1,Action|Adventure|Casual|RPG,Action|Adventure|Casual|Simulation,partial,0.6000,3,1,1,Adventure|RPG,partial,0.5000,2,0,2,Action|Adventure|RPG,partial,0.7500,3,0,1
1082680_0,Action|Adventure|RPG|Simulation,Action|Adventure|RPG|Simulation,exact,1.0000,4,0,0,Action|Adventure,partial,0.5000,2,0,2,Action|Adventure|Simulation,partial,0.7500,3,0,1
1082680_1,Action|Adventure|RPG|Simulation,Action|Simulation|Strategy,partial,0.4000,2,1,2,Action|Adventure,partial,0.5000,2,0,2,Action|Adventure|Simulation,partial,0.7500,3,0,1
1083350_0,Casual|Racing|Sports,Action|Adventure|Casual|Racing|Simulation|Sports,partial,0.5000,3,3,0,Action|Casual|Racing|Simulation|Sports,partial,0.6000,3,2,0,Action|Casual|Racing|Simulation|Sports,partial,0.6000,3,2,0
1083350_1,Casual|Racing|Sports,Action|Adventure|Casual,partial,0.2000,1,2,2,Action|Casual|Racing|Simulation|Sports,partial,0.6000,3,2,0,Action|Casual|Racing|Simulation|Sports,partial,0.6000,3,2,0
1085090_0,Action|Adventure|Casual|RPG|Sports,Action|Casual|Simulation|Strategy,partial,0.2857,2,2,3,Action|Casual,partial,0.4000,2,0,3,Casual,partial,0.2000,1,0,4
1085090_1,Action|Adventure|Casual|RPG|Sports,Action|Adventure|Casual|Strategy,partial,0.5000,3,1,2,Action|Casual,partial,0.4000,2,0,3,Action|Casual,partial,0.4000,2,0,3
1085390_0,Adventure|RPG|Racing|Simulation|Sports,Action|Adventure|RPG|Simulation,partial,0.5000,3,1,2,Adventure|Casual|Simulation,partial,0.3333,2,1,3,Adventure|Casual|Simulation|Sports,partial,0.5000,3,1,2
1085390_1,Adventure|RPG|Racing|Simulation|Sports,Action|Adventure|Racing|Simulation|Sports,partial,0.6667,4,1,1,Adventure|Casual|Simulation,partial,0.3333,2,1,3,Adventure|Casual|Racing|Simulation|Sports,partial,0.6667,4,1,1
1085540_0,Adventure|Strategy,Action|Adventure|Casual,partial,0.2500,1,2,1,Action|Adventure,partial,0.3333,1,1,1,Action|Adventure,partial,0.3333,1,1,1
1085540_1,Adventure|Strategy,Action|Adventure|Casual,partial,0.2500,1,2,1,Action|Adventure,partial,0.3333,1,1,1,Action|Adventure,partial,0.3333,1,1,1
1085570_0,Action|Adventure|RPG,Action|Adventure|Casual,partial,0.5000,2,1,1,Action|Adventure|RPG,exact,1.0000,3,0,0,Action|Adventure|RPG,exact,1.0000,3,0,0
1085570_1,Action|Adventure|RPG,Action|Adventure|Casual|Strategy,partial,0.4000,2,2,1,Action|Adventure|RPG,exact,1.0000,3,0,0,Action|Adventure|RPG,exact,1.0000,3,0,0
1087770_0,Casual|Simulation,Action|Adventure,wrong,0.0000,0,2,2,Action|Casual|Simulation,partial,0.6667,2,1,0,Action|Casual|Simulation|Sports,partial,0.5000,2,2,0
1087770_1,Casual|Simulation,Action|Adventure|Casual,partial,0.2500,1,2,1,Action|Casual|Simulation,partial,0.6667,2,1,0,Casual|Sports,partial,0.3333,1,1,1
1090800_0,Simulation,Action|Adventure|Casual|Simulation,partial,0.2500,1,3,0,Action|Adventure|Simulation,partial,0.3333,1,2,0,Action|Adventure|Simulation,partial,0.3333,1,2,0
1090800_1,Simulation,Action|Adventure|Simulation,partial,0.3333,1,2,0,Action|Adventure|Simulation,partial,0.3333,1,2,0,Action|Adventure|Simulation,partial,0.3333,1,2,0
1091690_0,Action|Adventure,Action|Adventure|Casual|RPG,partial,0.5000,2,2,0,Action|Casual,partial,0.3333,1,1,1,Action|Casual,partial,0.3333,1,1,1
1091690_1,Action|Adventure,Action|Adventure|Casual,partial,0.6667,2,1,0,Action|Casual,partial,0.3333,1,1,1,Action|Adventure|Casual,partial,0.6667,2,1,0
1093850_0,Casual|Simulation|Sports,Action|Adventure|Casual,partial,0.2000,1,2,2,Action|Casual,partial,0.2500,1,1,2,Action|Casual|Sports,partial,0.5000,2,1,1
1093850_1,Casual|Simulation|Sports,Action|Adventure|Casual,partial,0.2000,1,2,2,Action|Casual,partial,0.2500,1,1,2,Action|Casual|Simulation|Sports,partial,0.7500,3,1,0
1096760_0,Action|Adventure|Casual|Simulation,Action|Adventure|Casual|Simulation,exact,1.0000,4,0,0,Action|Casual|Sports,partial,0.4000,2,1,2,Action|Casual|Racing|Sports,partial,0.3333,2,2,2
1096760_1,Action|Adventure|Casual|Simulation,Action|Adventure|Casual,partial,0.7500,3,0,1,Action|Casual|Sports,partial,0.4000,2,1,2,Action|Casual|Racing|Sports,partial,0.3333,2,2,2
1102410_0,Simulation,Adventure|Casual,wrong,0.0000,0,2,1,Adventure|Casual,wrong,0.0000,0,2,1,Adventure|Casual,wrong,0.0000,0,2,1
1102410_1,Simulation,Adventure|Casual,wrong,0.0000,0,2,1,Adventure|Casual,wrong,0.0000,0,2,1,Adventure|Casual,wrong,0.0000,0,2,1
1106880_0,Action|Adventure,Action|Adventure|Casual|RPG,partial,0.5000,2,2,0,Action|Adventure|RPG|Strategy,partial,0.5000,2,2,0,Action|Adventure|RPG|Strategy,partial,0.5000,2,2,0
1106880_1,Action|Adventure,Action|Adventure|Casual|RPG|Simulation|Strategy,partial,0.3333,2,4,0,Action|Adventure|RPG|Strategy,partial,0.5000,2,2,0,Action|Casual|RPG|Strategy,partial,0.2000,1,3,1
1107100_0,Adventure,Action|Adventure|Casual,partial,0.3333,1,2,0,Action|Adventure|Casual|Simulation,partial,0.2500,1,3,0,Action|Adventure,partial,0.5000,1,1,0
1107100_1,Adventure,Action|Adventure|Casual,partial,0.3333,1,2,0,Action|Adventure|Casual|Simulation,partial,0.2500,1,3,0,Action|Adventure|Casual,partial,0.3333,1,2,0
1110620_0,Adventure,Action|Adventure|Casual,partial,0.3333,1,2,0,Casual|Strategy,wrong,0.0000,0,2,1,Casual,wrong,0.0000,0,1,1
1110620_1,Adventure,Action|Adventure|Casual,partial,0.3333,1,2,0,Casual|Strategy,wrong,0.0000,0,2,1,Casual,wrong,0.0000,0,1,1
1114870_0,Action|Adventure|RPG,Adventure|Casual|RPG|Strategy,partial,0.4000,2,2,1,Action|Adventure|RPG,exact,1.0000,3,0,0,Adventure|RPG|Strategy,partial,0.5000,2,1,1
1114870_1,Action|Adventure|RPG,Casual|RPG|Strategy,partial,0.2000,1,2,2,Action|Adventure|RPG,exact,1.0000,3,0,0,Adventure|RPG|Strategy,partial,0.5000,2,1,1
1120160_0,Casual,Action|Casual,partial,0.5000,1,1,0,Action|Adventure|Casual,partial,0.3333,1,2,0,Action|Casual,partial,0.5000,1,1,0
1120160_1,Casual,Action|Casual,partial,0.5000,1,1,0,Action|Adventure|Casual,partial,0.3333,1,2,0,Action|Casual,partial,0.5000,1,1,0
1120210_0,Simulation|Strategy,Action|RPG|Strategy,partial,0.2500,1,2,1,Action|Strategy,partial,0.3333,1,1,1,Action|Strategy,partial,0.3333,1,1,1
1120210_1,Simulation|Strategy,Action|Casual|Simulation|Strategy,partial,0.5000,2,2,0,Action|Strategy,partial,0.3333,1,1,1,Action|Simulation|Strategy,partial,0.6667,2,1,0
1124810_0,Action|Adventure|Strategy,Action|Adventure,partial,0.6667,2,0,1,Action|Adventure|Casual|Strategy,partial,0.7500,3,1,0,Action|Casual|Strategy,partial,0.5000,2,1,1
1124810_1,Action|Adventure|Strategy,Action|Adventure,partial,0.6667,2,0,1,Action|Adventure|Casual|Strategy,partial,0.7500,3,1,0,Action|Casual|RPG|Strategy,partial,0.4000,2,2,1
1131590_0,Adventure|Casual|RPG|Simulation|Strategy,Action|Casual,partial,0.1667,1,1,4,Casual|Simulation,partial,0.4000,2,0,3,Casual|Simulation,partial,0.4000,2,0,3
1131590_1,Adventure|Casual|RPG|Simulation|Strategy,Action|Adventure|Casual,partial,0.3333,2,1,3,Casual|Simulation,partial,0.4000,2,0,3,Casual|Simulation,partial,0.4000,2,0,3
1132910_0,Action|Adventure,Action|Adventure|Casual,partial,0.6667,2,1,0,Action|Adventure|RPG,partial,0.6667,2,1,0,Action|Adventure,exact,1.0000,2,0,0
1132910_1,Action|Adventure,Action|Adventure|Casual|Simulation|Strategy,partial,0.4000,2,3,0,Action|Adventure|RPG,partial,0.6667,2,1,0,Action|Adventure,exact,1.0000,2,0,0
1135760_0,Action|Casual|Strategy,Adventure|Casual,partial,0.2500,1,1,2,Action|Casual,partial,0.6667,2,0,1,Casual|Strategy,partial,0.6667,2,0,1
1137690_0,Action|Adventure,Action|Adventure|Casual|RPG|Strategy,partial,0.4000,2,3,0,Action|Adventure,exact,1.0000,2,0,0,Action|Casual,partial,0.3333,1,1,1
1137690_1,Action|Adventure,Action|Adventure|Casual|RPG,partial,0.5000,2,2,0,Action|Adventure,exact,1.0000,2,0,0,Action|Adventure|Casual,partial,0.6667,2,1,0
1140020_0,Action|Adventure|RPG,Action|Adventure|Casual|Simulation,partial,0.4000,2,2,1,Action|Adventure|RPG,exact,1.0000,3,0,0,Action|Adventure|Casual|Simulation,partial,0.4000,2,2,1
1140020_1,Action|Adventure|RPG,Action|Adventure|Casual|Simulation,partial,0.4000,2,2,1,Action|Adventure|RPG,exact,1.0000,3,0,0,Action|Adventure|Casual|RPG|Simulation,partial,0.6000,3,2,0
1141850_0,Action,Action|Adventure|RPG|Strategy,partial,0.2500,1,3,0,Action|Adventure|Casual|Racing,partial,0.2500,1,3,0,Action|Casual,partial,0.5000,1,1,0
1141850_1,Action,Action|Adventure|RPG|Strategy,partial,0.2500,1,3,0,Action|Adventure|Casual|Racing,partial,0.2500,1,3,0,Action|Adventure|Casual,partial,0.3333,1,2,0
1142070_0,Action|Adventure|Casual|RPG,Action|Adventure|Casual,partial,0.7500,3,0,1,Action|Adventure|RPG,partial,0.7500,3,0,1,Action|Adventure,partial,0.5000,2,0,2
1142070_1,Action|Adventure|Casual|RPG,Action|Adventure|Casual,partial,0.7500,3,0,1,Action|Adventure|RPG,partial,0.7500,3,0,1,Action|Adventure|RPG,partial,0.7500,3,0,1
1143800_0,Adventure|Casual|Simulation|Strategy,Action|Adventure|Casual,partial,0.4000,2,1,2,Casual|Simulation,partial,0.5000,2,0,2,Casual|Simulation,partial,0.5000,2,0,2
1143800_1,Adventure|Casual|Simulation|Strategy,Casual|Simulation|Strategy,partial,0.7500,3,0,1,Casual|Simulation,partial,0.5000,2,0,2,Casual|Simulation,partial,0.5000,2,0,2
1145460_0,Casual|RPG|Simulation,Adventure|Casual,partial,0.2500,1,1,2,Adventure|Casual|Simulation,partial,0.5000,2,1,1,Adventure|Casual|Simulation,partial,0.5000,2,1,1
1145460_1,Casual|RPG|Simulation,Adventure|Casual|Simulation,partial,0.5000,2,1,1,Adventure|Casual|Simulation,partial,0.5000,2,1,1,Adventure|Casual|Simulation,partial,0.5000,2,1,1
1151050_0,Action|Casual|Racing|Sports,Action|Adventure|Casual|Simulation,partial,0.3333,2,2,2,Action|Casual|Racing,partial,0.7500,3,0,1,Action|Casual|Racing|Sports,exact,1.0000,4,0,0
1151050_1,Action|Casual|Racing|Sports,Action|Adventure|Casual|Racing|Simulation,partial,0.5000,3,2,1,Action|Casual|Racing,partial,0.7500,3,0,1,Action|Casual|Racing|Sports,exact,1.0000,4,0,0
1151930_0,Action|Casual,Action|Adventure|Casual|Strategy,partial,0.5000,2,2,0,Action|Adventure|Casual,partial,0.6667,2,1,0,Action|Casual|Strategy,partial,0.6667,2,1,0
1151930_1,Action|Casual,Action|Adventure|Casual|Strategy,partial,0.5000,2,2,0,Action|Adventure|Casual,partial,0.6667,2,1,0,Action|Casual|Strategy,partial,0.6667,2,1,0
1153210_0,Adventure|Casual|RPG|Simulation,Adventure|Casual|Simulation|Strategy,partial,0.6000,3,1,1,Casual|Simulation,partial,0.5000,2,0,2,Casual|Simulation,partial,0.5000,2,0,2
1153210_1,Adventure|Casual|RPG|Simulation,Action|Adventure|Casual|RPG|Simulation,partial,0.8000,4,1,0,Casual|Simulation,partial,0.5000,2,0,2,Casual|Simulation,partial,0.5000,2,0,2
1158390_0,Adventure|RPG,Adventure|Casual|RPG|Strategy,partial,0.5000,2,2,0,Adventure|RPG,exact,1.0000,2,0,0,Adventure|Casual|RPG,partial,0.6667,2,1,0
1158390_1,Adventure|RPG,Adventure|Casual|RPG,partial,0.6667,2,1,0,Adventure|RPG,exact,1.0000,2,0,0,Adventure|Casual|RPG,partial,0.6667,2,1,0
1160820_0,Adventure|Casual,Adventure|Casual|RPG|Strategy,partial,0.5000,2,2,0,Adventure|Casual|RPG,partial,0.6667,2,1,0,Adventure|Casual|RPG,partial,0.6667,2,1,0
1160820_1,Adventure|Casual,Adventure|Casual,exact,1.0000,2,0,0,Adventure|Casual|RPG,partial,0.6667,2,1,0,Adventure|Casual|RPG,partial,0.6667,2,1,0
1161300_0,Adventure,Action|Adventure|RPG,partial,0.3333,1,2,0,Action|Adventure,partial,0.5000,1,1,0,Action|Adventure,partial,0.5000,1,1,0
1161300_1,Adventure,Action|Adventure|Casual,partial,0.3333,1,2,0,Action|Adventure,partial,0.5000,1,1,0,Action|Adventure,partial,0.5000,1,1,0
1164330_0,Casual|Simulation|Strategy,Action|Adventure|Casual,partial,0.2000,1,2,2,Adventure|Casual|Simulation,partial,0.5000,2,1,1,Action|Adventure|Casual|Simulation,partial,0.4000,2,2,1
1164330_1,Casual|Simulation|Strategy,Action|Adventure|Casual|Strategy,partial,0.4000,2,2,1,Adventure|Casual|Simulation,partial,0.5000,2,1,1,Casual|Simulation|Strategy,exact,1.0000,3,0,0
1166290_0,Adventure|Casual|Simulation|Strategy,Adventure|Casual|RPG|Simulation|Strategy,partial,0.8000,4,1,0,Action|Adventure,partial,0.2000,1,1,3,Adventure|Casual|RPG|Simulation,partial,0.6000,3,1,1
1166290_1,Adventure|Casual|Simulation|Strategy,Adventure|Casual|RPG,partial,0.4000,2,1,2,Action|Adventure,partial,0.2000,1,1,3,Adventure|Casual|RPG|Simulation,partial,0.6000,3,1,1
1167380_0,Action|Adventure,Action|Adventure|Casual|RPG,partial,0.5000,2,2,0,Action|Adventure|Casual,partial,0.6667,2,1,0,Action|Adventure|Casual,partial,0.6667,2,1,0
1167380_1,Action|Adventure,Action|Adventure|RPG,partial,0.6667,2,1,0,Action|Adventure|Casual,partial,0.6667,2,1,0,Action|Adventure,exact,1.0000,2,0,0
1167900_0,Casual|RPG,Adventure|Casual|RPG|Simulation,partial,0.5000,2,2,0,Adventure|Casual|RPG|Simulation,partial,0.5000,2,2,0,Adventure|Casual|RPG|Simulation,partial,0.5000,2,2,0
1167900_1,Casual|RPG,Adventure|Casual|RPG,partial,0.6667,2,1,0,Adventure|Casual|RPG|Simulation,partial,0.5000,2,2,0,Adventure|Casual|RPG|Simulation,partial,0.5000,2,2,0
1172680_0,Strategy,Action|Adventure|Casual|Simulation,wrong,0.0000,0,4,1,Action|Strategy,partial,0.5000,1,1,0,Action|Simulation|Strategy,partial,0.3333,1,2,0
1172680_1,Strategy,Action|Adventure|Casual,wrong,0.0000,0,3,1,Action|Strategy,partial,0.5000,1,1,0,Strategy,exact,1.0000,1,0,0
1174970_0,Adventure,Action|Adventure|Casual|RPG,partial,0.2500,1,3,0,Adventure,exact,1.0000,1,0,0,Adventure|Casual,partial,0.5000,1,1,0
1174970_1,Adventure,Action|Adventure|Casual|RPG|Strategy,partial,0.2000,1,4,0,Adventure,exact,1.0000,1,0,0,Action|Adventure|Casual,partial,0.3333,1,2,0
1178790_0,RPG,Adventure|Casual|Strategy,wrong,0.0000,0,3,1,Action|Adventure,wrong,0.0000,0,2,1,Action|Adventure|Casual,wrong,0.0000,0,3,1
1178790_1,RPG,Action|Adventure|Casual|RPG|Strategy,partial,0.2000,1,4,0,Action|Adventure,wrong,0.0000,0,2,1,Action|Adventure|RPG,partial,0.3333,1,2,0
1181750_0,Adventure|Casual|Simulation|Sports,Action|Adventure|Casual|RPG|Simulation,partial,0.5000,3,2,1,Adventure|Casual,partial,0.5000,2,0,2,Action|Adventure|Casual|Simulation,partial,0.6000,3,1,1
1181750_1,Adventure|Casual|Simulation|Sports,Action|Adventure|RPG,partial,0.1667,1,2,3,Adventure|Casual,partial,0.5000,2,0,2,Adventure|Casual|Simulation,partial,0.7500,3,0,1
1185340_0,Adventure|Casual,Action|Adventure|Casual,partial,0.6667,2,1,0,Adventure|Simulation,partial,0.3333,1,1,1,Adventure|Casual|Simulation,partial,0.6667,2,1,0
1185340_1,Adventure|Casual,Action|Adventure,partial,0.3333,1,1,1,Adventure|Simulation,partial,0.3333,1,1,1,Adventure|Casual|Simulation,partial,0.6667,2,1,0
1190190_0,Action,Action|Adventure|Casual|RPG,partial,0.2500,1,3,0,Action|Adventure,partial,0.5000,1,1,0,Action|Adventure|Casual,partial,0.3333,1,2,0
1190190_1,Action,Action|Adventure|RPG,partial,0.3333,1,2,0,Action|Adventure,partial,0.5000,1,1,0,Action|Adventure,partial,0.5000,1,1,0
1193120_0,Action|RPG,Action|Adventure|Casual|RPG|Strategy,partial,0.4000,2,3,0,Action|Casual,partial,0.3333,1,1,1,Action|Casual,partial,0.3333,1,1,1
1193120_1,Action|RPG,Action|Adventure|RPG,partial,0.6667,2,1,0,Action|Casual,partial,0.3333,1,1,1,Action|Casual|Strategy,partial,0.2500,1,2,1
1193590_0,RPG|Strategy,Action|Adventure|Casual|Simulation,wrong,0.0000,0,4,2,Action|Adventure|RPG,partial,0.2500,1,2,1,Action|Adventure|Casual|RPG|Simulation,partial,0.1667,1,4,1
1193590_1,RPG|Strategy,Action|Adventure|Casual,wrong,0.0000,0,3,2,Action|Adventure|RPG,partial,0.2500,1,2,1,Action|Adventure|Casual|RPG|Simulation,partial,0.1667,1,4,1
1196970_0,Action|Adventure,Action|Adventure,exact,1.0000,2,0,0,Action|Adventure,exact,1.0000,2,0,0,Action|Adventure,exact,1.0000,2,0,0
1196970_1,Action|Adventure,Action|Adventure,exact,1.0000,2,0,0,Action|Adventure,exact,1.0000,2,0,0,Action|Adventure,exact,1.0000,2,0,0
1199140_0,Casual,Action|Adventure|Casual|RPG,partial,0.2500,1,3,0,Action|Adventure|Casual,partial,0.3333,1,2,0,Action|Adventure|Casual,partial,0.3333,1,2,0
1199140_1,Casual,Action|Adventure,wrong,0.0000,0,2,1,Action|Adventure|Casual,partial,0.3333,1,2,0,Action|Adventure|Casual,partial,0.3333,1,2,0
1200_0,Action,Action|Adventure|Simulation,partial,0.3333,1,2,0,Action|Simulation,partial,0.5000,1,1,0,Action|Simulation,partial,0.5000,1,1,0
1200_1,Action,Action|Adventure,partial,0.5000,1,1,0,Action|Simulation,partial,0.5000,1,1,0,Action|Adventure|Simulation,partial,0.3333,1,2,0
1201760_0,Adventure,Action|Adventure|Casual|Simulation,partial,0.2500,1,3,0,Action|Adventure|Casual|RPG,partial,0.2500,1,3,0,Action|Adventure|Casual|RPG,partial,0.2500,1,3,0
1201760_1,Adventure,Action|Adventure|Casual|Simulation|Strategy,partial,0.2000,1,4,0,Action|Adventure|Casual|RPG,partial,0.2500,1,3,0,Action|Adventure|Casual|RPG,partial,0.2500,1,3,0
1203430_0,Action|Adventure,Action|Adventure|Casual|Simulation,partial,0.5000,2,2,0,Action|Adventure,exact,1.0000,2,0,0,Action|Adventure|Casual,partial,0.6667,2,1,0
1203430_1,Action|Adventure,Action|Adventure|Simulation,partial,0.6667,2,1,0,Action|Adventure,exact,1.0000,2,0,0,Action|Adventure,exact,1.0000,2,0,0
1205640_0,Action,Action|Adventure|Casual,partial,0.3333,1,2,0,Action|Casual,partial,0.5000,1,1,0,Action|Casual,partial,0.5000,1,1,0
1205640_1,Action,Action|Adventure|Casual,partial,0.3333,1,2,0,Action|Casual,partial,0.5000,1,1,0,Action|Casual,partial,0.5000,1,1,0
1206410_0,Action|Adventure|RPG,Action|Adventure,partial,0.6667,2,0,1,Action|Adventure|RPG,exact,1.0000,3,0,0,Action|Adventure|RPG,exact,1.0000,3,0,0
1206410_1,Action|Adventure|RPG,Action|Adventure|RPG,exact,1.0000,3,0,0,Action|Adventure|RPG,exact,1.0000,3,0,0,Action|Adventure|RPG,exact,1.0000,3,0,0
1210570_0,Action|Adventure,Action|Adventure|Casual,partial,0.6667,2,1,0,Action|Casual,partial,0.3333,1,1,1,Casual,wrong,0.0000,0,1,2
1210570_1,Action|Adventure,Adventure|Casual|Simulation|Strategy,partial,0.2000,1,3,1,Action|Casual,partial,0.3333,1,1,1,Casual,wrong,0.0000,0,1,2
1215660_0,Action|Adventure|Strategy,Action|Adventure|Casual,partial,0.5000,2,1,1,Action|Adventure|Casual,partial,0.5000,2,1,1,Adventure|Casual,partial,0.2500,1,1,2
1215660_1,Action|Adventure|Strategy,Action|Casual|Simulation|Strategy,partial,0.4000,2,2,1,Action|Adventure|Casual,partial,0.5000,2,1,1,Adventure|Casual,partial,0.2500,1,1,2
1220580_0,Adventure|RPG,Adventure|Casual|RPG,partial,0.6667,2,1,0,Action|Adventure|Casual|Strategy,partial,0.2000,1,3,1,Adventure|Casual|RPG,partial,0.6667,2,1,0
1220580_1,Adventure|RPG,Adventure|Casual|RPG,partial,0.6667,2,1,0,Action|Adventure|Casual|Strategy,partial,0.2000,1,3,1,Adventure|Casual|RPG|Strategy,partial,0.5000,2,2,0
1221330_0,Action,Action|Casual,partial,0.5000,1,1,0,Action,exact,1.0000,1,0,0,Action|Casual,partial,0.5000,1,1,0
1221330_1,Action,Casual|Simulation|Strategy,wrong,0.0000,0,3,1,Action,exact,1.0000,1,0,0,Action|Casual,partial,0.5000,1,1,0
1234980_0,Action|Adventure|RPG,Action|Adventure|Casual|RPG,partial,0.7500,3,1,0,Casual|Simulation|Strategy,wrong,0.0000,0,3,3,Action|Adventure|Casual,partial,0.5000,2,1,1
1234980_1,Action|Adventure|RPG,Action|Adventure|Casual,partial,0.5000,2,1,1,Casual|Simulation|Strategy,wrong,0.0000,0,3,3,Casual|Strategy,wrong,0.0000,0,2,3
1237590_0,Action|Casual,Action|Adventure|Casual|Strategy,partial,0.5000,2,2,0,Action|Casual,exact,1.0000,2,0,0,Action|Casual,exact,1.0000,2,0,0
1237590_1,Action|Casual,Action|Adventure,partial,0.3333,1,1,1,Action|Casual,exact,1.0000,2,0,0,Action|Adventure|Casual,partial,0.6667,2,1,0
1241030_0,Action|Sports,Adventure|Casual|Simulation,wrong,0.0000,0,3,2,Action|Casual|Sports,partial,0.6667,2,1,0,Action|Casual|Sports,partial,0.6667,2,1,0
1241030_1,Action|Sports,Action|Adventure|Casual|Simulation,partial,0.2000,1,3,1,Action|Casual|Sports,partial,0.6667,2,1,0,Action|Casual|Sports,partial,0.6667,2,1,0
1241950_0,Strategy,Action|Adventure|Racing|Simulation,wrong,0.0000,0,4,1,Simulation|Strategy,partial,0.5000,1,1,0,Simulation|Strategy,partial,0.5000,1,1,0
1241950_1,Strategy,Action|Adventure|RPG,wrong,0.0000,0,3,1,Simulation|Strategy,partial,0.5000,1,1,0,Strategy,exact,1.0000,1,0,0
1243030_0,Casual,Action|Adventure|Casual|Simulation,partial,0.2500,1,3,0,Action|Adventure|Casual,partial,0.3333,1,2,0,Action|Adventure|Casual,partial,0.3333,1,2,0
1243030_1,Casual,Action|Adventure|Casual|Simulation,partial,0.2500,1,3,0,Action|Adventure|Casual,partial,0.3333,1,2,0,Action|Adventure|Casual,partial,0.3333,1,2,0
1244460_0,Simulation|Strategy,Casual|Simulation|Strategy,partial,0.6667,2,1,0,Simulation|Strategy,exact,1.0000,2,0,0,Simulation|Strategy,exact,1.0000,2,0,0
1244460_1,Simulation|Strategy,Action|Adventure|Simulation,partial,0.2500,1,2,1,Simulation|Strategy,exact,1.0000,2,0,0,Simulation|Strategy,exact,1.0000,2,0,0
1247030_0,Adventure,Action|Adventure|Casual|Racing|Simulation,partial,0.2000,1,4,0,Adventure|Casual,partial,0.5000,1,1,0,Adventure|Casual,partial,0.5000,1,1,0
1247030_1,Adventure,Action|Adventure|Casual|RPG|Simulation,partial,0.2000,1,4,0,Adventure|Casual,partial,0.5000,1,1,0,Action|Adventure|Casual,partial,0.3333,1,2,0
1250610_0,Action|Sports,Action|Adventure|Casual,partial,0.2500,1,2,1,Casual|Simulation|Sports|Strategy,partial,0.2000,1,3,1,Casual|Simulation|Sports|Strategy,partial,0.2000,1,3,1
1250610_1,Action|Sports,Action|Adventure|Casual,partial,0.2500,1,2,1,Casual|Simulation|Sports|Strategy,partial,0.2000,1,3,1,Casual|Simulation|Sports|Strategy,partial,0.2000,1,3,1
1253010_0,Strategy,Action|Adventure|RPG|Strategy,partial,0.2500,1,3,0,Action|Adventure|RPG|Simulation,wrong,0.0000,0,4,1,Action|Adventure|Casual|RPG,wrong,0.0000,0,4,1
1253010_1,Strategy,Action|Adventure|Casual|RPG|Strategy,partial,0.2000,1,4,0,Action|Adventure|RPG|Simulation,wrong,0.0000,0,4,1,Action|Adventure|Casual|RPG,wrong,0.0000,0,4,1
1253160_0,Simulation,Action|Adventure|Casual|Simulation,partial,0.2500,1,3,0,Casual|Simulation,partial,0.5000,1,1,0,Casual|Simulation,partial,0.5000,1,1,0
1253160_1,Simulation,Action|Adventure|Simulation,partial,0.3333,1,2,0,Casual|Simulation,partial,0.5000,1,1,0,Casual|Simulation,partial,0.5000,1,1,0
1253220_0,Adventure|Casual|Simulation,Action|Adventure,partial,0.2500,1,1,2,Adventure|Simulation,partial,0.6667,2,0,1,Action|Adventure|Casual|Simulation,partial,0.7500,3,1,0
1253220_1,Adventure|Casual|Simulation,Action|Adventure|Casual|Simulation,partial,0.7500,3,1,0,Adventure|Simulation,partial,0.6667,2,0,1,Action|Adventure|Casual|Simulation,partial,0.7500,3,1,0
1257300_0,Casual|Simulation,Casual|Simulation,exact,1.0000,2,0,0,Casual|Simulation,exact,1.0000,2,0,0,Casual|Simulation,exact,1.0000,2,0,0
1257300_1,Casual|Simulation,Casual|Strategy,partial,0.3333,1,1,1,Casual|Simulation,exact,1.0000,2,0,0,Casual|Simulation,exact,1.0000,2,0,0
1268350_0,Casual|Simulation|Strategy,Casual|Simulation|Strategy,exact,1.0000,3,0,0,Adventure|Casual|RPG|Simulation,partial,0.4000,2,2,1,Adventure|Casual|Simulation|Strategy,partial,0.7500,3,1,0
1268350_1,Casual|Simulation|Strategy,Casual|Simulation|Strategy,exact,1.0000,3,0,0,Adventure|Casual|RPG|Simulation,partial,0.4000,2,2,1,Adventure|Casual|RPG|Simulation,partial,0.4000,2,2,1
1275660_0,Action|Adventure|Casual,Action|Adventure|Casual|Simulation,partial,0.7500,3,1,0,Adventure,partial,0.3333,1,0,2,Action|Adventure,partial,0.6667,2,0,1
1275660_1,Action|Adventure|Casual,Action|Adventure|RPG,partial,0.5000,2,1,1,Adventure,partial,0.3333,1,0,2,Action|Adventure,partial,0.6667,2,0,1
1275670_0,Action|Adventure|RPG|Simulation,Action|Casual|Simulation,partial,0.4000,2,1,2,Adventure|Casual,partial,0.2000,1,1,3,Casual|Simulation,partial,0.2000,1,1,3
1275670_1,Action|Adventure|RPG|Simulation,Action|Adventure|Casual|Simulation|Strategy,partial,0.5000,3,2,1,Adventure|Casual,partial,0.2000,1,1,3,Casual|Simulation,partial,0.2000,1,1,3
1283500_0,Adventure|Casual|Simulation|Strategy,Action|Simulation,partial,0.2000,1,1,3,Adventure|Casual,partial,0.5000,2,0,2,Adventure|Casual|Simulation,partial,0.7500,3,0,1
1283500_1,Adventure|Casual|Simulation|Strategy,Action|Adventure|Simulation,partial,0.4000,2,1,2,Adventure|Casual,partial,0.5000,2,0,2,Adventure|Casual|Simulation,partial,0.7500,3,0,1
1283700_0,Action,Action|Adventure|Casual|RPG,partial,0.2500,1,3,0,Action,exact,1.0000,1,0,0,Action|Sports,partial,0.5000,1,1,0
1283700_1,Action,Action|Adventure|Casual,partial,0.3333,1,2,0,Action,exact,1.0000,1,0,0,Action|Sports,partial,0.5000,1,1,0
1287150_0,Action|Casual|Simulation|Sports,Action|Adventure|Simulation,partial,0.4000,2,1,2,Action,partial,0.2500,1,0,3,Action,partial,0.2500,1,0,3
1287150_1,Action|Casual|Simulation|Sports,Action|Casual|Simulation|Sports,exact,1.0000,4,0,0,Action,partial,0.2500,1,0,3,Action|Sports,partial,0.5000,2,0,2
1290170_0,Adventure|Casual|Simulation,Action|Adventure,partial,0.2500,1,1,2,Action|Adventure|Casual,partial,0.5000,2,1,1,Action|Adventure|Casual|Racing|Simulation,partial,0.6000,3,2,0
1290170_1,Adventure|Casual|Simulation,Action|Adventure,partial,0.2500,1,1,2,Action|Adventure|Casual,partial,0.5000,2,1,1,Action|Adventure|Casual|Racing|Simulation,partial,0.6000,3,2,0
1290490_0,Action|Adventure,Action|Adventure|Casual|Simulation,partial,0.5000,2,2,0,Adventure,partial,0.5000,1,0,1,Action|Adventure,exact,1.0000,2,0,0
1290490_1,Action|Adventure,Action|Adventure|Casual|Racing|Simulation,partial,0.4000,2,3,0,Adventure,partial,0.5000,1,0,1,Adventure,partial,0.5000,1,0,1
1295790_0,Adventure|Casual,Action|Adventure|Casual|Simulation,partial,0.5000,2,2,0,Adventure|Casual|RPG,partial,0.6667,2,1,0,Adventure|Casual|RPG,partial,0.6667,2,1,0
1295790_1,Adventure|Casual,Action|Adventure,partial,0.3333,1,1,1,Adventure|Casual|RPG,partial,0.6667,2,1,0,Adventure|Casual,exact,1.0000,2,0,0
1296200_0,Sports|Strategy,Casual|Simulation|Strategy,partial,0.2500,1,2,1,Simulation|Sports|Strategy,partial,0.6667,2,1,0,Simulation|Sports|Strategy,partial,0.6667,2,1,0
1298280_0,Adventure,Action|Adventure|Casual|Simulation,partial,0.2500,1,3,0,Action|Adventure,partial,0.5000,1,1,0,Action|Adventure,partial,0.5000,1,1,0
1298280_1,Adventure,Action|Casual|Simulation|Strategy,wrong,0.0000,0,4,1,Action|Adventure,partial,0.5000,1,1,0,Action|Adventure|Casual,partial,0.3333,1,2,0
1299800_0,Casual|Simulation,Adventure|Casual|Simulation,partial,0.6667,2,1,0,Adventure|Casual,partial,0.3333,1,1,1,Adventure|Casual|Simulation,partial,0.6667,2,1,0
1299800_1,Casual|Simulation,Adventure|Casual|Simulation,partial,0.6667,2,1,0,Adventure|Casual,partial,0.3333,1,1,1,Adventure|Casual,partial,0.3333,1,1,1
1301290_0,Action|Adventure|Casual|Simulation,Action|Adventure|Casual|Simulation,exact,1.0000,4,0,0,Action|Adventure|Casual,partial,0.7500,3,0,1,Action|Adventure|Casual,partial,0.7500,3,0,1
1301290_1,Action|Adventure|Casual|Simulation,Casual|Simulation|Strategy,partial,0.4000,2,1,2,Action|Adventure|Casual,partial,0.7500,3,0,1,Action|Casual,partial,0.5000,2,0,2
1303000_0,Action|Casual,Action|Adventure|Casual,partial,0.6667,2,1,0,Action,partial,0.5000,1,0,1,Action,partial,0.5000,1,0,1
1303000_1,Action|Casual,Action|Casual|Strategy,partial,0.6667,2,1,0,Action,partial,0.5000,1,0,1,Action,partial,0.5000,1,0,1
1333590_0,Casual|Strategy,Action|Casual,partial,0.3333,1,1,1,Action|Adventure|Casual|Simulation|Sports,partial,0.1667,1,4,1,Casual|Simulation|Sports,partial,0.2500,1,2,1
1333590_1,Casual|Strategy,Casual|Simulation|Strategy,partial,0.6667,2,1,0,Action|Adventure|Casual|Simulation|Sports,partial,0.1667,1,4,1,Casual|Simulation,partial,0.3333,1,1,1
1338100_0,Action|Adventure,Action|Adventure|Casual|RPG,partial,0.5000,2,2,0,Action|Adventure|Casual,partial,0.6667,2,1,0,Action|Casual,partial,0.3333,1,1,1
1338100_1,Action|Adventure,Action|Adventure|Casual|Strategy,partial,0.5000,2,2,0,Action|Adventure|Casual,partial,0.6667,2,1,0,Action|Adventure|Casual,partial,0.6667,2,1,0
1338330_0,Casual|Simulation,Adventure|Casual|Simulation|Strategy,partial,0.5000,2,2,0,Casual|Simulation,exact,1.0000,2,0,0,Casual|Simulation,exact,1.0000,2,0,0
1338330_1,Casual|Simulation,Action|Adventure|Casual,partial,0.2500,1,2,1,Casual|Simulation,exact,1.0000,2,0,0,Casual|Simulation,exact,1.0000,2,0,0
1341220_0,Casual,Casual|Simulation|Strategy,partial,0.3333,1,2,0,Casual|Strategy,partial,0.5000,1,1,0,Casual|Strategy,partial,0.5000,1,1,0
1341220_1,Casual,Action|Casual|Strategy,partial,0.3333,1,2,0,Casual|Strategy,partial,0.5000,1,1,0,Casual|Strategy,partial,0.5000,1,1,0
1342750_0,Action,Action|Adventure,partial,0.5000,1,1,0,Action|Adventure,partial,0.5000,1,1,0,Action|Adventure,partial,0.5000,1,1,0
1342750_1,Action,Action|Adventure|Simulation,partial,0.3333,1,2,0,Action|Adventure,partial,0.5000,1,1,0,Action|Adventure,partial,0.5000,1,1,0
1343100_0,Action|Adventure|Casual,Action|Adventure|Casual|Simulation,partial,0.7500,3,1,0,Action|Casual,partial,0.6667,2,0,1,Action|Casual,partial,0.6667,2,0,1
1343100_1,Action|Adventure|Casual,Action|Adventure|Casual|Racing,partial,0.7500,3,1,0,Action|Casual,partial,0.6667,2,0,1,Action|Casual,partial,0.6667,2,0,1
1347630_0,Adventure|Casual|RPG,Action|Adventure|Casual|RPG,partial,0.7500,3,1,0,Action|Adventure|Casual|RPG,partial,0.7500,3,1,0,Action|Adventure|Casual|RPG,partial,0.7500,3,1,0
1347630_1,Adventure|Casual|RPG,Action|Adventure|Casual|RPG,partial,0.7500,3,1,0,Action|Adventure|Casual|RPG,partial,0.7500,3,1,0,Action|Adventure|Casual|RPG,partial,0.7500,3,1,0
1350060_0,Adventure,Adventure|Casual|RPG,partial,0.3333,1,2,0,Adventure,exact,1.0000,1,0,0,Adventure|Casual,partial,0.5000,1,1,0
1350060_1,Adventure,Action|Adventure|Casual,partial,0.3333,1,2,0,Adventure,exact,1.0000,1,0,0,Action|Adventure|Casual,partial,0.3333,1,2,0
1351400_0,Action|Casual|Sports,Casual,partial,0.3333,1,0,2,Action|Casual,partial,0.6667,2,0,1,Casual,partial,0.3333,1,0,2
1351400_1,Action|Casual|Sports,Casual|Strategy,partial,0.2500,1,1,2,Action|Casual,partial,0.6667,2,0,1,Casual,partial,0.3333,1,0,2
1351820_0,Adventure|Casual,Adventure|Casual|Simulation|Strategy,partial,0.5000,2,2,0,Adventure|Casual|RPG,partial,0.6667,2,1,0,Adventure|Casual|Strategy,partial,0.6667,2,1,0
1351820_1,Adventure|Casual,Adventure|Casual|Simulation|Strategy,partial,0.5000,2,2,0,Adventure|Casual|RPG,partial,0.6667,2,1,0,Casual|Strategy,partial,0.3333,1,1,1
1354830_0,Simulation|Strategy,Adventure|Casual|RPG|Strategy,partial,0.2000,1,3,1,Adventure|Casual|Simulation,partial,0.2500,1,2,1,Casual|Simulation,partial,0.3333,1,1,1
1354830_1,Simulation|Strategy,Action|Adventure|Casual,wrong,0.0000,0,3,2,Adventure|Casual|Simulation,partial,0.2500,1,2,1,Adventure|Casual|Simulation,partial,0.2500,1,2,1
1356800_0,Action|Adventure|Casual,Action|Adventure,partial,0.6667,2,0,1,Adventure|Casual,partial,0.6667,2,0,1,Action|Adventure|Casual,exact,1.0000,3,0,0
1356800_1,Action|Adventure|Casual,Action|Adventure,partial,0.6667,2,0,1,Adventure|Casual,partial,0.6667,2,0,1,Action|Adventure|Casual,exact,1.0000,3,0,0
1360360_0,Action|Adventure|Simulation,Action|Adventure,partial,0.6667,2,0,1,Adventure|Simulation,partial,0.6667,2,0,1,Action|Adventure|Simulation,exact,1.0000,3,0,0
1360360_1,Action|Adventure|Simulation,Action|Adventure|Simulation,exact,1.0000,3,0,0,Adventure|Simulation,partial,0.6667,2,0,1,Action|Adventure|Simulation,exact,1.0000,3,0,0
13630_0,Action,Action|Adventure|RPG,partial,0.3333,1,2,0,Action|Adventure,partial,0.5000,1,1,0,Action|Strategy,partial,0.5000,1,1,0
13630_1,Action,Action|Adventure|RPG,partial,0.3333,1,2,0,Action|Adventure,partial,0.5000,1,1,0,Action|Strategy,partial,0.5000,1,1,0
1367320_0,Simulation|Strategy,Action|Adventure|Casual|RPG|Strategy,partial,0.1667,1,4,1,Action|Simulation|Strategy,partial,0.6667,2,1,0,Action|Simulation|Strategy,partial,0.6667,2,1,0
1367320_1,Simulation|Strategy,Action|Adventure|RPG,wrong,0.0000,0,3,2,Action|Simulation|Strategy,partial,0.6667,2,1,0,Action|Simulation|Strategy,partial,0.6667,2,1,0
1367880_0,Action|Casual|Simulation|Strategy,Action|Adventure|Casual,partial,0.4000,2,1,2,Simulation|Strategy,partial,0.5000,2,0,2,Casual|Simulation|Strategy,partial,0.7500,3,0,1
1367880_1,Action|Casual|Simulation|Strategy,Action|Adventure|Casual,partial,0.4000,2,1,2,Simulation|Strategy,partial,0.5000,2,0,2,Casual|Simulation|Strategy,partial,0.7500,3,0,1
1371500_0,Simulation|Strategy,Casual|Simulation|Strategy,partial,0.6667,2,1,0,Casual|Simulation,partial,0.3333,1,1,1,Casual|Simulation|Strategy,partial,0.6667,2,1,0
1371500_1,Simulation|Strategy,Action|Casual|Simulation|Strategy,partial,0.5000,2,2,0,Casual|Simulation,partial,0.3333,1,1,1,Casual|Racing|Simulation,partial,0.2500,1,2,1
1371790_0,Action|Adventure,Action|Adventure,exact,1.0000,2,0,0,Adventure|RPG,partial,0.3333,1,1,1,Action|Adventure,exact,1.0000,2,0,0
1371790_1,Action|Adventure,Action|Adventure|Casual|RPG|Simulation,partial,0.4000,2,3,0,Adventure|RPG,partial,0.3333,1,1,1,Action|Adventure,exact,1.0000,2,0,0
1372990_0,Sports,Action|Adventure|Casual|Simulation|Sports,partial,0.2000,1,4,0,Action|Casual|Sports,partial,0.3333,1,2,0,Casual|Simulation|Sports,partial,0.3333,1,2,0
1372990_1,Sports,Action|Adventure|Casual|Simulation,wrong,0.0000,0,4,1,Action|Casual|Sports,partial,0.3333,1,2,0,Action|Casual|Simulation|Sports,partial,0.2500,1,3,0
1378040_0,Adventure|RPG,Adventure|Casual|RPG|Simulation,partial,0.5000,2,2,0,Adventure,partial,0.5000,1,0,1,Adventure|Casual|RPG,partial,0.6667,2,1,0
1378040_1,Adventure|RPG,Adventure|Casual|RPG,partial,0.6667,2,1,0,Adventure,partial,0.5000,1,0,1,Adventure|Casual|RPG,partial,0.6667,2,1,0
1381770_0,Action|RPG,Adventure|Casual|RPG|Simulation|Strategy,partial,0.1667,1,4,1,Action|Casual,partial,0.3333,1,1,1,Action|Casual|RPG,partial,0.6667,2,1,0
1381770_1,Action|RPG,Adventure|Casual|RPG|Strategy,partial,0.2000,1,3,1,Action|Casual,partial,0.3333,1,1,1,Action|Casual,partial,0.3333,1,1,1
1383010_0,Casual|Simulation,Action|Adventure|Casual|Simulation,partial,0.5000,2,2,0,Adventure|Casual|Simulation,partial,0.6667,2,1,0,Casual|Simulation,exact,1.0000,2,0,0
1383010_1,Casual|Simulation,Action|Adventure|Casual,partial,0.2500,1,2,1,Adventure|Casual|Simulation,partial,0.6667,2,1,0,Casual|Simulation,exact,1.0000,2,0,0
1384090_0,Action|Casual,Adventure|Casual|Strategy,partial,0.2500,1,2,1,Action|Adventure|Casual,partial,0.6667,2,1,0,Action|Casual,exact,1.0000,2,0,0
1384090_1,Action|Casual,Casual|Strategy,partial,0.3333,1,1,1,Action|Adventure|Casual,partial,0.6667,2,1,0,Action|Casual,exact,1.0000,2,0,0
1385750_0,Action|Adventure|Casual,Action|Adventure,partial,0.6667,2,0,1,Action|Casual,partial,0.6667,2,0,1,Action|Adventure|Casual,exact,1.0000,3,0,0
1385750_1,Action|Adventure|Casual,Action|Adventure|Casual|Simulation,partial,0.7500,3,1,0,Action|Casual,partial,0.6667,2,0,1,Action|Adventure|Casual,exact,1.0000,3,0,0
1389360_0,Strategy,Action|Adventure|Casual|RPG|Simulation,wrong,0.0000,0,5,1,Action|Strategy,partial,0.5000,1,1,0,Action|Strategy,partial,0.5000,1,1,0
1389360_1,Strategy,Action|Adventure|RPG|Strategy,partial,0.2500,1,3,0,Action|Strategy,partial,0.5000,1,1,0,Action|Strategy,partial,0.5000,1,1,0
1392770_0,Simulation|Sports,Action|Adventure|Casual|RPG|Simulation|Strategy,partial,0.1429,1,5,1,Simulation|Sports,exact,1.0000,2,0,0,Simulation|Sports,exact,1.0000,2,0,0
1392770_1,Simulation|Sports,Action|Adventure|Casual|Simulation,partial,0.2000,1,3,1,Simulation|Sports,exact,1.0000,2,0,0,Casual|Racing|Simulation|Sports,partial,0.5000,2,2,0
1394470_0,Adventure|Casual,Action|Adventure|Casual|Simulation,partial,0.5000,2,2,0,Adventure|Casual|Simulation,partial,0.6667,2,1,0,Adventure|Casual|Simulation,partial,0.6667,2,1,0
1394470_1,Adventure|Casual,Action|Adventure|Casual,partial,0.6667,2,1,0,Adventure|Casual|Simulation,partial,0.6667,2,1,0,Adventure|Casual,exact,1.0000,2,0,0
1396140_0,Action|Casual|Simulation|Strategy,Action|Casual|Strategy,partial,0.7500,3,0,1,Casual|Simulation,partial,0.5000,2,0,2,Casual|Simulation,partial,0.5000,2,0,2
1396140_1,Action|Casual|Simulation|Strategy,Action|Casual|Racing,partial,0.4000,2,1,2,Casual|Simulation,partial,0.5000,2,0,2,Casual|Simulation,partial,0.5000,2,0,2
1396190_0,Action|Adventure|Casual,Action|Adventure|Casual,exact,1.0000,3,0,0,Action|Adventure,partial,0.6667,2,0,1,Action|Adventure|Casual,exact,1.0000,3,0,0
1396190_1,Action|Adventure|Casual,Action|Adventure|Casual,exact,1.0000,3,0,0,Action|Adventure,partial,0.6667,2,0,1,Action|Adventure|Casual,exact,1.0000,3,0,0
1397920_0,Adventure|Casual|RPG|Simulation|Strategy,Casual|Simulation|Strategy,partial,0.6000,3,0,2,Adventure|Casual,partial,0.4000,2,0,3,Casual|Simulation,partial,0.4000,2,0,3
1397920_1,Adventure|Casual|RPG|Simulation|Strategy,Action|Adventure|Casual|Simulation|Strategy,partial,0.6667,4,1,1,Adventure|Casual,partial,0.4000,2,0,3,Adventure|Casual|Simulation,partial,0.6000,3,0,2
1414180_0,RPG|Simulation|Strategy,Action|Adventure|Casual|Simulation|Strategy,partial,0.3333,2,3,1,Adventure|Casual,wrong,0.0000,0,2,3,Adventure|Casual|Simulation,partial,0.2000,1,2,2
1414180_1,RPG|Simulation|Strategy,Action|Adventure|Casual|Simulation,partial,0.1667,1,3,2,Adventure|Casual,wrong,0.0000,0,2,3,Adventure|Casual|Simulation,partial,0.2000,1,2,2
1414680_0,Action|Racing,Action|Adventure|Casual|Strategy,partial,0.2000,1,3,1,Action|Casual,partial,0.3333,1,1,1,Action|Casual,partial,0.3333,1,1,1
1414680_1,Action|Racing,Action|Adventure|Casual,partial,0.2500,1,2,1,Action|Casual,partial,0.3333,1,1,1,Action|Casual,partial,0.3333,1,1,1
1416920_0,RPG|Simulation,Casual|Simulation|Strategy,partial,0.2500,1,2,1,Adventure|Casual|RPG,partial,0.2500,1,2,1,Casual|Simulation,partial,0.3333,1,1,1
1416920_1,RPG|Simulation,Action|Adventure|Casual|RPG|Simulation|Strategy,partial,0.3333,2,4,0,Adventure|Casual|RPG,partial,0.2500,1,2,1,Casual|RPG|Simulation,partial,0.6667,2,1,0
1420330_0,Simulation,Action|Adventure|Casual|Simulation,partial,0.2500,1,3,0,Casual|Simulation,partial,0.5000,1,1,0,Casual|Simulation,partial,0.5000,1,1,0
1420330_1,Simulation,Casual|Simulation|Strategy,partial,0.3333,1,2,0,Casual|Simulation,partial,0.5000,1,1,0,Casual|Simulation,partial,0.5000,1,1,0
1422420_0,Action|Adventure|RPG|Sports,Action|Casual|Strategy,partial,0.1667,1,2,3,Action|Casual|RPG|Sports,partial,0.6000,3,1,1,Casual|Strategy,wrong,0.0000,0,2,4
1422420_1,Action|Adventure|RPG|Sports,Action|Casual|Strategy,partial,0.1667,1,2,3,Action|Casual|RPG|Sports,partial,0.6000,3,1,1,Casual|Sports,partial,0.2000,1,1,3
1423010_0,Action|Racing|Sports,Adventure|Casual|RPG,wrong,0.0000,0,3,3,Action|Racing,partial,0.6667,2,0,1,Action,partial,0.3333,1,0,2
1423010_1,Action|Racing|Sports,Action|Adventure|Casual,partial,0.2000,1,2,2,Action|Racing,partial,0.6667,2,0,1,Action|Racing,partial,0.6667,2,0,1
1423050_0,Action,Action|Adventure|Casual,partial,0.3333,1,2,0,Adventure|Casual,wrong,0.0000,0,2,1,Adventure|Casual|Strategy,wrong,0.0000,0,3,1
1423050_1,Action,Action|Adventure|Casual|Strategy,partial,0.2500,1,3,0,Adventure|Casual,wrong,0.0000,0,2,1,Adventure|Casual|Strategy,wrong,0.0000,0,3,1
1423780_1,Adventure|Casual|Simulation,Adventure|Casual|RPG|Strategy,partial,0.4000,2,2,1,Adventure,partial,0.3333,1,0,2,Adventure|Casual|RPG,partial,0.5000,2,1,1
1426230_0,Adventure,Action|Adventure|Simulation,partial,0.3333,1,2,0,Adventure|Casual,partial,0.5000,1,1,0,Adventure|Casual,partial,0.5000,1,1,0
1426230_1,Adventure,Action|Adventure|RPG,partial,0.3333,1,2,0,Adventure|Casual,partial,0.5000,1,1,0,Adventure|Casual,partial,0.5000,1,1,0
1429210_0,Action|RPG,Action|Adventure|Casual|RPG|Simulation,partial,0.4000,2,3,0,Action|Adventure|RPG,partial,0.6667,2,1,0,Action|Adventure|RPG,partial,0.6667,2,1,0
1429210_1,Action|RPG,Action|Adventure|Simulation,partial,0.2500,1,2,1,Action|Adventure|RPG,partial,0.6667,2,1,0,Action|Adventure|RPG,partial,0.6667,2,1,0
1434470_0,Action|Adventure|Casual|Simulation|Sports|Strategy,Action|Casual|Strategy,partial,0.5000,3,0,3,Action|Casual,partial,0.3333,2,0,4,Action|Casual,partial,0.3333,2,0,4
1434470_1,Action|Adventure|Casual|Simulation|Sports|Strategy,Adventure|Casual,partial,0.3333,2,0,4,Action|Casual,partial,0.3333,2,0,4,Action|Casual,partial,0.3333,2,0,4
1438950_0,Adventure|Casual|RPG|Strategy,Action|Adventure|RPG|Strategy,partial,0.6000,3,1,1,Action|Adventure|RPG,partial,0.4000,2,1,2,Action|Adventure|RPG,partial,0.4000,2,1,2
1438950_1,Adventure|Casual|RPG|Strategy,Action|Adventure|Casual|RPG,partial,0.6000,3,1,1,Action|Adventure|RPG,partial,0.4000,2,1,2,Action|Adventure|RPG,partial,0.4000,2,1,2
1444490_0,Action,Adventure|Casual,wrong,0.0000,0,2,1,Casual|Simulation,wrong,0.0000,0,2,1,Casual|Simulation,wrong,0.0000,0,2,1
1444490_1,Action,Action|Adventure|Casual,partial,0.3333,1,2,0,Casual|Simulation,wrong,0.0000,0,2,1,Casual|Simulation,wrong,0.0000,0,2,1
1448140_0,Action|Racing,Action|Casual|Simulation,partial,0.2500,1,2,1,Action|Casual,partial,0.3333,1,1,1,Action|Casual|Racing|Sports,partial,0.5000,2,2,0
1448140_1,Action|Racing,Action|Adventure|Casual|Racing,partial,0.5000,2,2,0,Action|Casual,partial,0.3333,1,1,1,Action|Casual|Racing|Sports,partial,0.5000,2,2,0
1448310_0,Action|RPG|Strategy,Action|Adventure|Casual|Simulation,partial,0.1667,1,3,2,Action|Adventure,partial,0.2500,1,1,2,Action|Adventure,partial,0.2500,1,1,2
1448310_1,Action|RPG|Strategy,Action|Adventure,partial,0.2500,1,1,2,Action|Adventure,partial,0.2500,1,1,2,Action,partial,0.3333,1,0,2
1449060_0,Action|Racing|Sports,Action|Adventure|Casual,partial,0.2000,1,2,2,Action|Casual|Racing,partial,0.5000,2,1,1,Action|Casual|Racing|Sports,partial,0.7500,3,1,0
1449060_1,Action|Racing|Sports,Action|Adventure|Casual,partial,0.2000,1,2,2,Action|Casual|Racing,partial,0.5000,2,1,1,Action|Casual|Racing|Sports,partial,0.7500,3,1,0
1454050_0,Casual|Racing|Simulation|Sports|Strategy,Action|Simulation,partial,0.1667,1,1,4,Casual|Racing|Sports,partial,0.6000,3,0,2,Action|Adventure|Casual|Racing|Simulation|Sports,partial,0.5714,4,2,1
1454050_1,Casual|Racing|Simulation|Sports|Strategy,Adventure|Casual|Simulation|Strategy,partial,0.5000,3,1,2,Casual|Racing|Sports,partial,0.6000,3,0,2,Adventure|Casual|Racing|Sports,partial,0.5000,3,1,2
1460820_0,RPG|Strategy,Action|Adventure|Casual|RPG,partial,0.2000,1,3,1,Action|Casual|Strategy,partial,0.2500,1,2,1,Action|Casual|RPG|Strategy,partial,0.5000,2,2,0
1460820_1,RPG|Strategy,Adventure|Casual|RPG|Strategy,partial,0.5000,2,2,0,Action|Casual|Strategy,partial,0.2500,1,2,1,Casual|Strategy,partial,0.3333,1,1,1
1463730_0,Action|Adventure|Simulation,Action|Adventure|Casual|Racing|Simulation|Sports,partial,0.5000,3,3,0,Adventure|Casual,partial,0.2500,1,1,2,Adventure|Casual|Simulation,partial,0.5000,2,1,1
1463730_1,Action|Adventure|Simulation,Action|Adventure|RPG,partial,0.5000,2,1,1,Adventure|Casual,partial,0.2500,1,1,2,Action|Adventure|Casual|Simulation,partial,0.7500,3,1,0
1463840_0,Action,Action|Adventure|Casual,partial,0.3333,1,2,0,Action|Casual,partial,0.5000,1,1,0,Action|Casual,partial,0.5000,1,1,0
1463840_1,Action,Action|Adventure|Casual|Racing|Simulation,partial,0.2000,1,4,0,Action|Casual,partial,0.5000,1,1,0,Action|Casual,partial,0.5000,1,1,0
1466090_0,Adventure,Action|Adventure|RPG,partial,0.3333,1,2,0,Adventure,exact,1.0000,1,0,0,Action|Adventure|RPG,partial,0.3333,1,2,0
1466090_1,Adventure,Action|Adventure|RPG,partial,0.3333,1,2,0,Adventure,exact,1.0000,1,0,0,Action|Adventure|RPG,partial,0.3333,1,2,0
1471490_0,Casual|Strategy,Action|Adventure|Casual|RPG,partial,0.2000,1,3,1,Action|Casual,partial,0.3333,1,1,1,Action|Casual|Strategy,partial,0.6667,2,1,0
1471490_1,Casual|Strategy,Action|Adventure|Casual|RPG|Strategy,partial,0.4000,2,3,0,Action|Casual,partial,0.3333,1,1,1,Casual|Strategy,exact,1.0000,2,0,0
1474300_0,Casual|RPG,Action|Adventure|Casual|Simulation,partial,0.2000,1,3,1,Action|Adventure,wrong,0.0000,0,2,2,Adventure|Casual,partial,0.3333,1,1,1
1474300_1,Casual|RPG,Action|Adventure|Casual|RPG,partial,0.5000,2,2,0,Action|Adventure,wrong,0.0000,0,2,2,Action|Adventure|Casual|RPG,partial,0.5000,2,2,0
1476970_0,Casual|RPG|Simulation,Action|Adventure|RPG,partial,0.2000,1,2,2,Action|Adventure|Casual|RPG|Simulation,partial,0.6000,3,2,0,Action|Adventure|Casual|RPG,partial,0.4000,2,2,1
1476970_1,Casual|RPG|Simulation,Action|Adventure|Casual|RPG|Strategy,partial,0.3333,2,3,1,Action|Adventure|Casual|RPG|Simulation,partial,0.6000,3,2,0,Action|Adventure|Casual|RPG|Simulation,partial,0.6000,3,2,0
1480970_0,Casual,Casual,exact,1.0000,1,0,0,Casual|Strategy,partial,0.5000,1,1,0,Casual|Strategy,partial,0.5000,1,1,0
1480970_1,Casual,Casual|Simulation|Strategy,partial,0.3333,1,2,0,Casual|Strategy,partial,0.5000,1,1,0,Casual|Strategy,partial,0.5000,1,1,0
1486120_0,Casual,Action|Adventure,wrong,0.0000,0,2,1,Casual|Simulation,partial,0.5000,1,1,0,Action|Adventure|Casual|Simulation,partial,0.2500,1,3,0
1486120_1,Casual,Action|Adventure|Casual,partial,0.3333,1,2,0,Casual|Simulation,partial,0.5000,1,1,0,Action|Adventure|Casual|Racing,partial,0.2500,1,3,0
1486440_0,Action|Casual,Action|Adventure|Casual,partial,0.6667,2,1,0,Action|Adventure,partial,0.3333,1,1,1,Action,partial,0.5000,1,0,1
1486440_1,Action|Casual,Action|Adventure|Casual,partial,0.6667,2,1,0,Action|Adventure,partial,0.3333,1,1,1,Action,partial,0.5000,1,0,1
1486660_0,Action|Adventure|Casual|Simulation,Action|Adventure|RPG,partial,0.4000,2,1,2,Action|Adventure|Casual|Simulation,exact,1.0000,4,0,0,Action|Adventure|Casual|Simulation,exact,1.0000,4,0,0
1486660_1,Action|Adventure|Casual|Simulation,Action|Adventure|Casual|RPG,partial,0.6000,3,1,1,Action|Adventure|Casual|Simulation,exact,1.0000,4,0,0,Action|Adventure|Casual|Simulation,exact,1.0000,4,0,0
1486970_0,Casual|Racing|Simulation,Action|Casual|Racing|Simulation,partial,0.7500,3,1,0,Adventure|Casual,partial,0.2500,1,1,2,Casual|Simulation,partial,0.6667,2,0,1
1486970_1,Casual|Racing|Simulation,Casual|Simulation,partial,0.6667,2,0,1,Adventure|Casual,partial,0.2500,1,1,2,Casual|Simulation,partial,0.6667,2,0,1
1488310_0,Action|Adventure|Simulation,Action|Adventure|RPG,partial,0.5000,2,1,1,Action|RPG|Strategy,partial,0.2000,1,2,2,Action|RPG|Strategy,partial,0.2000,1,2,2
1488310_1,Action|Adventure|Simulation,Action|Adventure|Simulation,exact,1.0000,3,0,0,Action|RPG|Strategy,partial,0.2000,1,2,2,Action|RPG|Strategy,partial,0.2000,1,2,2
1488540_0,Adventure,Action|Adventure|Casual,partial,0.3333,1,2,0,Action|Adventure|Casual|Simulation,partial,0.2500,1,3,0,Action|Adventure|Casual|Simulation,partial,0.2500,1,3,0
1488540_1,Adventure,Action|Adventure|Casual|RPG,partial,0.2500,1,3,0,Action|Adventure|Casual|Simulation,partial,0.2500,1,3,0,Action|Adventure|Casual|Simulation,partial,0.2500,1,3,0
1488640_0,Action,Action|Adventure|Casual|Racing,partial,0.2500,1,3,0,Action|Adventure,partial,0.5000,1,1,0,Action|Adventure,partial,0.5000,1,1,0
1488640_1,Action,Action|Adventure|Casual,partial,0.3333,1,2,0,Action|Adventure,partial,0.5000,1,1,0,Action|Adventure,partial,0.5000,1,1,0
1490870_0,Action|Adventure,Action|Casual|Simulation,partial,0.2500,1,2,1,Action|Adventure,exact,1.0000,2,0,0,Action|Adventure|Casual,partial,0.6667,2,1,0
1490870_1,Action|Adventure,Action|Adventure|Casual,partial,0.6667,2,1,0,Action|Adventure,exact,1.0000,2,0,0,Action|Adventure,exact,1.0000,2,0,0
1492440_0,Simulation|Strategy,Action|RPG,wrong,0.0000,0,2,2,Action|Simulation|Strategy,partial,0.6667,2,1,0,Action|Simulation|Strategy,partial,0.6667,2,1,0
1492440_1,Simulation|Strategy,Action|Adventure|RPG,wrong,0.0000,0,3,2,Action|Simulation|Strategy,partial,0.6667,2,1,0,Action|Strategy,partial,0.3333,1,1,1
1499980_0,Action|Adventure|Casual,Action|Casual,partial,0.6667,2,0,1,Adventure|Casual,partial,0.6667,2,0,1,Adventure|Casual,partial,0.6667,2,0,1
1506440_0,Action|RPG,Action|Adventure|Casual|RPG,partial,0.5000,2,2,0,Action|Adventure|Casual|RPG|Strategy,partial,0.4000,2,3,0,Action|Adventure|Casual|RPG,partial,0.5000,2,2,0
1506440_1,Action|RPG,Action|Adventure|Casual|RPG,partial,0.5000,2,2,0,Action|Adventure|Casual|RPG|Strategy,partial,0.4000,2,3,0,Action|Adventure|Casual|RPG,partial,0.5000,2,2,0
1508980_0,Casual|Simulation|Strategy,Action|Casual|Strategy,partial,0.5000,2,1,1,Action|Adventure,wrong,0.0000,0,2,3,Action,wrong,0.0000,0,1,3
1508980_1,Casual|Simulation|Strategy,Action|Adventure|Casual|Strategy,partial,0.4000,2,2,1,Action|Adventure,wrong,0.0000,0,2,3,Action|Adventure,wrong,0.0000,0,2,3
1511190_0,Racing|Sports,Action|Casual|Racing|Simulation|Sports,partial,0.4000,2,3,0,Action|Casual|Racing,partial,0.2500,1,2,1,Action|Casual|Racing|Sports,partial,0.5000,2,2,0
1511190_1,Racing|Sports,Action|Casual|Racing|Simulation|Sports,partial,0.4000,2,3,0,Action|Casual|Racing,partial,0.2500,1,2,1,Action|Casual|Racing|Sports,partial,0.5000,2,2,0
1514660_0,Casual|Sports,Action|Adventure|Casual|RPG|Strategy,partial,0.1667,1,4,1,Action|Casual|Sports,partial,0.6667,2,1,0,Action|Casual,partial,0.3333,1,1,1
1514660_1,Casual|Sports,Action|Adventure|Simulation|Strategy,wrong,0.0000,0,4,2,Action|Casual|Sports,partial,0.6667,2,1,0,Action|Casual|Sports,partial,0.6667,2,1,0
1516490_0,Casual|Simulation|Strategy,Action|Casual|Strategy,partial,0.5000,2,1,1,Casual|Simulation|Strategy,exact,1.0000,3,0,0,Casual|Strategy,partial,0.6667,2,0,1
1516490_1,Casual|Simulation|Strategy,Casual|Simulation|Strategy,exact,1.0000,3,0,0,Casual|Simulation|Strategy,exact,1.0000,3,0,0,Casual|Strategy,partial,0.6667,2,0,1
1519610_0,Action,Action|Casual|Strategy,partial,0.3333,1,2,0,Action|Adventure|Casual,partial,0.3333,1,2,0,Action|Casual,partial,0.5000,1,1,0
1519610_1,Action,Action|Adventure|Casual,partial,0.3333,1,2,0,Action|Adventure|Casual,partial,0.3333,1,2,0,Action|Casual,partial,0.5000,1,1,0
1522080_0,Action,Action|Adventure|Casual,partial,0.3333,1,2,0,Action,exact,1.0000,1,0,0,Action,exact,1.0000,1,0,0
1522080_1,Action,Action|Adventure|Casual|Strategy,partial,0.2500,1,3,0,Action,exact,1.0000,1,0,0,Action,exact,1.0000,1,0,0
1524790_0,Adventure|Casual|RPG|Simulation,Action|Adventure|Casual,partial,0.4000,2,1,2,Action|Adventure|Casual,partial,0.4000,2,1,2,Casual,partial,0.2500,1,0,3
1524790_1,Adventure|Casual|RPG|Simulation,Action|Adventure|Casual,partial,0.4000,2,1,2,Action|Adventure|Casual,partial,0.4000,2,1,2,Action|Casual,partial,0.2000,1,1,3
1529560_0,Action,Action|Adventure|Casual|RPG|Strategy,partial,0.2000,1,4,0,Action|Casual,partial,0.5000,1,1,0,Action|Casual,partial,0.5000,1,1,0
1529560_1,Action,Adventure|Casual|Simulation,wrong,0.0000,0,3,1,Action|Casual,partial,0.5000,1,1,0,Action|Casual,partial,0.5000,1,1,0
1537410_0,Racing,Action|Adventure|Casual,wrong,0.0000,0,3,1,Action|Casual|Racing,partial,0.3333,1,2,0,Action|Casual|Racing|Sports,partial,0.2500,1,3,0
1537410_1,Racing,Action|Adventure|Casual|Simulation|Strategy,wrong,0.0000,0,5,1,Action|Casual|Racing,partial,0.3333,1,2,0,Casual|Racing|Sports,partial,0.3333,1,2,0
1540100_0,Adventure,Action|Adventure,partial,0.5000,1,1,0,Action|Adventure|Casual,partial,0.3333,1,2,0,Action|Adventure,partial,0.5000,1,1,0
1540100_1,Adventure,Action|Casual|Strategy,wrong,0.0000,0,3,1,Action|Adventure|Casual,partial,0.3333,1,2,0,Action|Adventure|Casual,partial,0.3333,1,2,0
1541670_0,Casual,Action|Adventure|Casual|Racing|Simulation,partial,0.2000,1,4,0,Action|Adventure|Casual,partial,0.3333,1,2,0,Action|Casual|Simulation,partial,0.3333,1,2,0
1541670_1,Casual,Action|Adventure,wrong,0.0000,0,2,1,Action|Adventure|Casual,partial,0.3333,1,2,0,Action|Adventure|Casual,partial,0.3333,1,2,0
1542080_0,Action|Adventure|Casual,Action|Adventure|Casual,exact,1.0000,3,0,0,Action|Adventure,partial,0.6667,2,0,1,Action|Adventure|Casual,exact,1.0000,3,0,0
1542080_1,Action|Adventure|Casual,Action|Adventure|Casual,exact,1.0000,3,0,0,Action|Adventure,partial,0.6667,2,0,1,Action|Adventure|Casual,exact,1.0000,3,0,0
1551000_0,Action|Adventure|Casual|RPG|Simulation,Action|Adventure|Casual|Simulation,partial,0.8000,4,0,1,Action|Adventure|Casual|Simulation,partial,0.8000,4,0,1,Action|Adventure|Casual|Simulation,partial,0.8000,4,0,1
1551000_1,Action|Adventure|Casual|RPG|Simulation,Action|Adventure|Casual|RPG|Strategy,partial,0.6667,4,1,1,Action|Adventure|Casual|Simulation,partial,0.8000,4,0,1,Action|Adventure|Casual|Simulation,partial,0.8000,4,0,1
1551770_0,Action|Adventure|Casual,Action|Adventure|Casual|RPG,partial,0.7500,3,1,0,Action|Adventure|Simulation,partial,0.5000,2,1,1,Action|Adventure|Casual|Simulation,partial,0.7500,3,1,0
1551770_1,Action|Adventure|Casual,Action|Adventure|Casual|RPG,partial,0.7500,3,1,0,Action|Adventure|Simulation,partial,0.5000,2,1,1,Action|Adventure|Casual|Simulation,partial,0.7500,3,1,0
1554530_0,Action|Adventure|RPG,Action|Casual|RPG|Strategy,partial,0.4000,2,2,1,Adventure|RPG,partial,0.6667,2,0,1,Adventure|Casual|RPG,partial,0.5000,2,1,1
1554530_1,Action|Adventure|RPG,Action|Adventure|Casual|RPG|Strategy,partial,0.6000,3,2,0,Adventure|RPG,partial,0.6667,2,0,1,Adventure|Casual|RPG,partial,0.5000,2,1,1
1561880_0,Casual,Adventure|Casual|RPG,partial,0.3333,1,2,0,Action|Adventure|Casual,partial,0.3333,1,2,0,Adventure|Casual,partial,0.5000,1,1,0
1561880_1,Casual,Adventure|Casual,partial,0.5000,1,1,0,Action|Adventure|Casual,partial,0.3333,1,2,0,Adventure|Casual,partial,0.5000,1,1,0
1563940_0,Action|Adventure|Casual|RPG|Strategy,Action|Adventure|RPG,partial,0.6000,3,0,2,Action|Adventure|RPG,partial,0.6000,3,0,2,Action|Adventure|RPG,partial,0.6000,3,0,2
1563940_1,Action|Adventure|Casual|RPG|Strategy,Action|Adventure|Casual,partial,0.6000,3,0,2,Action|Adventure|RPG,partial,0.6000,3,0,2,Action|Adventure|RPG,partial,0.6000,3,0,2
1565250_0,Action|Adventure|RPG,Action|Adventure|Casual|RPG|Simulation,partial,0.6000,3,2,0,Action|Adventure|RPG,exact,1.0000,3,0,0,Action|Adventure|RPG,exact,1.0000,3,0,0
1565250_1,Action|Adventure|RPG,Action|Adventure|Casual|RPG|Strategy,partial,0.6000,3,2,0,Action|Adventure|RPG,exact,1.0000,3,0,0,Adventure|RPG|Strategy,partial,0.5000,2,1,1
1565870_0,Action|Sports,Casual|Simulation,wrong,0.0000,0,2,2,Action|Casual|Sports,partial,0.6667,2,1,0,Action|Casual|Sports,partial,0.6667,2,1,0
1565870_1,Action|Sports,Adventure|Casual|Simulation,wrong,0.0000,0,3,2,Action|Casual|Sports,partial,0.6667,2,1,0,Action|Casual|Sports,partial,0.6667,2,1,0
1566120_0,Simulation|Sports,Action|Adventure|Casual|Simulation,partial,0.2000,1,3,1,Action|Sports,partial,0.3333,1,1,1,Action|Casual|Racing|Sports,partial,0.2000,1,3,1
1566120_1,Simulation|Sports,Action|Casual|Racing|Simulation|Sports,partial,0.4000,2,3,0,Action|Sports,partial,0.3333,1,1,1,Action|Casual|Racing|Simulation|Sports,partial,0.4000,2,3,0
1566580_0,Adventure,Action|Adventure|Casual|Simulation|Strategy,partial,0.2000,1,4,0,Action|Adventure|RPG,partial,0.3333,1,2,0,Action|Adventure|Casual|RPG,partial,0.2500,1,3,0
1566580_1,Adventure,Action|Adventure|Casual,partial,0.3333,1,2,0,Action|Adventure|RPG,partial,0.3333,1,2,0,Action|Adventure|Casual|RPG,partial,0.2500,1,3,0
1571030_0,Strategy,Adventure|Casual|Strategy,partial,0.3333,1,2,0,Strategy,exact,1.0000,1,0,0,Casual|Strategy,partial,0.5000,1,1,0
1571030_1,Strategy,Adventure|Casual|RPG|Strategy,partial,0.2500,1,3,0,Strategy,exact,1.0000,1,0,0,Casual|Strategy,partial,0.5000,1,1,0
1573280_0,Action|Adventure|Casual|RPG|Simulation|Strategy,Action|Adventure|Simulation,partial,0.5000,3,0,3,Simulation,partial,0.1667,1,0,5,Action|Adventure|Simulation,partial,0.5000,3,0,3
1573280_1,Action|Adventure|Casual|RPG|Simulation|Strategy,Action|Adventure|Casual|Simulation,partial,0.6667,4,0,2,Simulation,partial,0.1667,1,0,5,Action|Adventure|Casual|Simulation,partial,0.6667,4,0,2
1579300_0,Casual|Simulation,Action|Adventure,wrong,0.0000,0,2,2,Adventure|Casual,partial,0.3333,1,1,1,Adventure|Casual,partial,0.3333,1,1,1
1579300_1,Casual|Simulation,Action|Adventure|Casual|Simulation,partial,0.5000,2,2,0,Adventure|Casual,partial,0.3333,1,1,1,Adventure|Casual|Simulation,partial,0.6667,2,1,0
1581040_0,Action,Action|Adventure|Casual|Simulation,partial,0.2500,1,3,0,Action|Adventure|RPG,partial,0.3333,1,2,0,Action|Adventure|RPG,partial,0.3333,1,2,0
1581040_1,Action,Action|Adventure|Casual|RPG|Simulation,partial,0.2000,1,4,0,Action|Adventure|RPG,partial,0.3333,1,2,0,Action|Adventure|RPG,partial,0.3333,1,2,0
1582960_1,Action|Casual,Action|Adventure|Casual|Simulation,partial,0.5000,2,2,0,Action|Casual,exact,1.0000,2,0,0,Action|Casual,exact,1.0000,2,0,0
1583910_0,Casual,Casual,exact,1.0000,1,0,0,Casual,exact,1.0000,1,0,0,Casual,exact,1.0000,1,0,0
1583910_1,Casual,Casual,exact,1.0000,1,0,0,Casual,exact,1.0000,1,0,0,Casual|Strategy,partial,0.5000,1,1,0
1584530_0,Action,Action|Adventure|Casual|RPG|Strategy,partial,0.2000,1,4,0,Action|Casual,partial,0.5000,1,1,0,Action|Casual,partial,0.5000,1,1,0
1584530_1,Action,Casual|Simulation|Strategy,wrong,0.0000,0,3,1,Action|Casual,partial,0.5000,1,1,0,Action|Casual,partial,0.5000,1,1,0
1584750_0,Action,Action|Adventure|Simulation,partial,0.3333,1,2,0,Action,exact,1.0000,1,0,0,Action,exact,1.0000,1,0,0
1584750_1,Action,Action|RPG|Simulation|Strategy,partial,0.2500,1,3,0,Action,exact,1.0000,1,0,0,Action,exact,1.0000,1,0,0
1585220_0,Action,Casual,wrong,0.0000,0,1,1,Action|Adventure|Casual,partial,0.3333,1,2,0,Casual,wrong,0.0000,0,1,1
1585220_1,Action,Action|Adventure|Casual,partial,0.3333,1,2,0,Action|Adventure|Casual,partial,0.3333,1,2,0,Adventure|Casual,wrong,0.0000,0,2,1
1586750_0,Action|Casual,Action|Adventure|RPG,partial,0.2500,1,2,1,Action|Adventure|RPG,partial,0.2500,1,2,1,Action|Adventure,partial,0.3333,1,1,1
1586750_1,Action|Casual,Action|Adventure|RPG,partial,0.2500,1,2,1,Action|Adventure|RPG,partial,0.2500,1,2,1,Action|Adventure,partial,0.3333,1,1,1
1586880_0,Casual|RPG,Adventure|Casual|Simulation|Strategy,partial,0.2000,1,3,1,Adventure|Casual,partial,0.3333,1,1,1,Adventure|Casual,partial,0.3333,1,1,1
1586880_1,Casual|RPG,Adventure|Casual|Simulation,partial,0.2500,1,2,1,Adventure|Casual,partial,0.3333,1,1,1,Adventure|Casual,partial,0.3333,1,1,1
1587130_0,Action|RPG,Action|Adventure,partial,0.3333,1,1,1,Action|Adventure|RPG,partial,0.6667,2,1,0,Action|Adventure|RPG,partial,0.6667,2,1,0
1587130_1,Action|RPG,Action|Adventure,partial,0.3333,1,1,1,Action|Adventure|RPG,partial,0.6667,2,1,0,Action|Adventure|RPG,partial,0.6667,2,1,0
1587860_0,Casual|Racing|Simulation|Sports,Action|Adventure|Casual|Simulation,partial,0.3333,2,2,2,Action|Adventure|Racing|Simulation|Sports,partial,0.5000,3,2,1,Casual|Racing|Simulation|Sports,exact,1.0000,4,0,0
1587860_1,Casual|Racing|Simulation|Sports,Adventure|Casual|RPG|Simulation,partial,0.3333,2,2,2,Action|Adventure|Racing|Simulation|Sports,partial,0.5000,3,2,1,Casual|Racing|Simulation|Sports,exact,1.0000,4,0,0
1590840_0,Action|Adventure,Action|Adventure|Simulation,partial,0.6667,2,1,0,Action|Adventure,exact,1.0000,2,0,0,Action|Adventure,exact,1.0000,2,0,0
1590840_1,Action|Adventure,Action|Adventure|Casual|Simulation,partial,0.5000,2,2,0,Action|Adventure,exact,1.0000,2,0,0,Action|Adventure|Casual,partial,0.6667,2,1,0
1591440_0,Casual|RPG|Simulation|Strategy,Adventure|Casual|RPG|Simulation,partial,0.6000,3,1,1,Strategy,partial,0.2500,1,0,3,Casual|Strategy,partial,0.5000,2,0,2
1591440_1,Casual|RPG|Simulation|Strategy,Casual|Strategy,partial,0.5000,2,0,2,Strategy,partial,0.2500,1,0,3,Casual|Strategy,partial,0.5000,2,0,2
1592900_0,Action|Adventure|Casual,Action|Adventure|Casual,exact,1.0000,3,0,0,Adventure|Casual,partial,0.6667,2,0,1,Adventure|Casual,partial,0.6667,2,0,1
1592900_1,Action|Adventure|Casual,Action|Adventure,partial,0.6667,2,0,1,Adventure|Casual,partial,0.6667,2,0,1,Adventure|Casual,partial,0.6667,2,0,1
1592980_0,Adventure|Casual|RPG,Adventure|Casual|Simulation,partial,0.5000,2,1,1,Action|Adventure|Casual,partial,0.5000,2,1,1,Action|Adventure|Casual,partial,0.5000,2,1,1
1592980_1,Adventure|Casual|RPG,Action|Adventure|Casual,partial,0.5000,2,1,1,Action|Adventure|Casual,partial,0.5000,2,1,1,Action|Adventure|Casual,partial,0.5000,2,1,1
1596810_0,Casual|Simulation,Action|Adventure|Casual,partial,0.2500,1,2,1,Adventure|Casual,partial,0.3333,1,1,1,Adventure|Casual,partial,0.3333,1,1,1
1596810_1,Casual|Simulation,Adventure|Casual|Simulation|Strategy,partial,0.5000,2,2,0,Adventure|Casual,partial,0.3333,1,1,1,Casual,partial,0.5000,1,0,1
1598490_0,Adventure|Casual,Action|Adventure|Casual|Simulation,partial,0.5000,2,2,0,Adventure|Casual,exact,1.0000,2,0,0,Adventure|Casual,exact,1.0000,2,0,0
1598490_1,Adventure|Casual,Action|Adventure,partial,0.3333,1,1,1,Adventure|Casual,exact,1.0000,2,0,0,Adventure|Casual,exact,1.0000,2,0,0
1599680_0,Action|Adventure|Racing|Simulation|Sports,Action|Adventure|Casual|Racing|Simulation,partial,0.6667,4,1,1,Casual|Racing|Simulation,partial,0.3333,2,1,3,Casual|Racing|Simulation|Sports,partial,0.5000,3,1,2
1599680_1,Action|Adventure|Racing|Simulation|Sports,Action|Adventure|Casual|Racing|Simulation,partial,0.6667,4,1,1,Casual|Racing|Simulation,partial,0.3333,2,1,3,Casual|Racing|Simulation|Sports,partial,0.5000,3,1,2
1605300_1,Action,Casual|Strategy,wrong,0.0000,0,2,1,Action|Casual,partial,0.5000,1,1,0,Action|Casual|Strategy,partial,0.3333,1,2,0
1608460_0,Adventure|Casual|RPG|Simulation|Strategy,Action|Adventure|Casual|RPG|Strategy,partial,0.6667,4,1,1,Action|Adventure|Simulation,partial,0.3333,2,1,3,Adventure|Casual|RPG|Simulation,partial,0.8000,4,0,1
1608460_1,Adventure|Casual|RPG|Simulation|Strategy,Action|Adventure|RPG,partial,0.3333,2,1,3,Action|Adventure|Simulation,partial,0.3333,2,1,3,Action|Adventure|Casual|RPG,partial,0.5000,3,1,2
1619940_0,Action|Adventure|Casual,Action|Adventure|Casual,exact,1.0000,3,0,0,Action,partial,0.3333,1,0,2,Action,partial,0.3333,1,0,2
1619940_1,Action|Adventure|Casual,Action|Adventure|Casual,exact,1.0000,3,0,0,Action,partial,0.3333,1,0,2,Action|Casual,partial,0.6667,2,0,1
1622040_0,Adventure|Casual,Action|Adventure|Casual,partial,0.6667,2,1,0,Action|Adventure,partial,0.3333,1,1,1,Action|Adventure|Casual,partial,0.6667,2,1,0
1622040_1,Adventure|Casual,Action|Adventure|Casual|Simulation,partial,0.5000,2,2,0,Action|Adventure,partial,0.3333,1,1,1,Action|Adventure|Casual,partial,0.6667,2,1,0
1627030_0,Casual|Racing,Action|Adventure,wrong,0.0000,0,2,2,Action|Casual|Racing,partial,0.6667,2,1,0,Action|Casual|Racing,partial,0.6667,2,1,0
1627030_1,Casual|Racing,Action|Adventure|Casual|Simulation,partial,0.2000,1,3,1,Action|Casual|Racing,partial,0.6667,2,1,0,Action|Casual,partial,0.3333,1,1,1
1629150_0,Action|Adventure,Action|Adventure|Simulation,partial,0.6667,2,1,0,Action|Adventure,exact,1.0000,2,0,0,Action,partial,0.5000,1,0,1
1629150_1,Action|Adventure,Action|Adventure|RPG|Simulation,partial,0.5000,2,2,0,Action|Adventure,exact,1.0000,2,0,0,Action,partial,0.5000,1,0,1
1633170_0,Adventure|Casual,Action|Adventure,partial,0.3333,1,1,1,Action|Adventure,partial,0.3333,1,1,1,Action|Adventure,partial,0.3333,1,1,1
1633170_1,Adventure|Casual,Action|Adventure|Casual,partial,0.6667,2,1,0,Action|Adventure,partial,0.3333,1,1,1,Action|Adventure|Casual,partial,0.6667,2,1,0
1634860_0,Action|Adventure|Casual|RPG,Adventure|Casual|Strategy,partial,0.4000,2,1,2,Action|Adventure|RPG,partial,0.7500,3,0,1,Action|Adventure|Casual|RPG,exact,1.0000,4,0,0
1634860_1,Action|Adventure|Casual|RPG,Action|Casual|Strategy,partial,0.4000,2,1,2,Action|Adventure|RPG,partial,0.7500,3,0,1,Action|Adventure|Casual,partial,0.7500,3,0,1
1636360_0,Action|Casual,Action|Adventure|Casual,partial,0.6667,2,1,0,Action,partial,0.5000,1,0,1,Action|Casual,exact,1.0000,2,0,0
1636360_1,Action|Casual,Action|Adventure|Casual,partial,0.6667,2,1,0,Action,partial,0.5000,1,0,1,Action|Casual,exact,1.0000,2,0,0
1640220_0,Action|Racing|Simulation|Sports,Action|Adventure|Casual,partial,0.1667,1,2,3,Action|Casual|Racing,partial,0.4000,2,1,2,Action|Adventure|Casual|Racing,partial,0.3333,2,2,2
1640220_1,Action|Racing|Simulation|Sports,Action|Adventure|Casual|RPG,partial,0.1429,1,3,3,Action|Casual|Racing,partial,0.4000,2,1,2,Action|Casual,partial,0.2000,1,1,3
1666240_0,Action|Adventure,Action|Adventure|RPG,partial,0.6667,2,1,0,Action|Adventure,exact,1.0000,2,0,0,Action|Adventure,exact,1.0000,2,0,0
1666240_1,Action|Adventure,Action|Adventure|Casual|RPG,partial,0.5000,2,2,0,Action|Adventure,exact,1.0000,2,0,0,Action|Adventure|Casual,partial,0.6667,2,1,0
1672700_0,Action,Action|Casual|Strategy,partial,0.3333,1,2,0,Action,exact,1.0000,1,0,0,Action|Casual,partial,0.5000,1,1,0
1672700_1,Action,Action|Casual|Strategy,partial,0.3333,1,2,0,Action,exact,1.0000,1,0,0,Action|Casual,partial,0.5000,1,1,0
1673180_0,Action|Adventure|RPG|Strategy,Action|Adventure|RPG|Strategy,exact,1.0000,4,0,0,Adventure|RPG,partial,0.5000,2,0,2,Action|Adventure|RPG,partial,0.7500,3,0,1
1673180_1,Action|Adventure|RPG|Strategy,Action|Casual|Strategy,partial,0.4000,2,1,2,Adventure|RPG,partial,0.5000,2,0,2,Action|Adventure|RPG,partial,0.7500,3,0,1
1678550_0,Adventure|Simulation,Adventure,partial,0.5000,1,0,1,Adventure|Casual,partial,0.3333,1,1,1,Adventure|Casual,partial,0.3333,1,1,1
1678550_1,Adventure|Simulation,Action|Adventure|Casual,partial,0.2500,1,2,1,Adventure|Casual,partial,0.3333,1,1,1,Adventure|Casual,partial,0.3333,1,1,1
1682610_0,Simulation|Sports,Action|Adventure|Casual|Simulation,partial,0.2000,1,3,1,Action|Casual|Racing,wrong,0.0000,0,3,2,Action|Casual|Racing,wrong,0.0000,0,3,2
1682610_1,Simulation|Sports,Action|Adventure|Casual|Racing|Simulation,partial,0.1667,1,4,1,Action|Casual|Racing,wrong,0.0000,0,3,2,Action|Casual|Racing,wrong,0.0000,0,3,2
1683150_0,Simulation|Strategy,Action|Adventure,wrong,0.0000,0,2,2,Simulation|Strategy,exact,1.0000,2,0,0,Action|Racing|Simulation,partial,0.2500,1,2,1
1683150_1,Simulation|Strategy,Action|Adventure|Simulation,partial,0.2500,1,2,1,Simulation|Strategy,exact,1.0000,2,0,0,Adventure|Simulation,partial,0.3333,1,1,1
1683340_0,Adventure|Casual|Racing|Simulation|Sports,Action|Adventure|Casual|Simulation,partial,0.5000,3,1,2,Action|Adventure|Casual|Racing|Simulation|Sports,partial,0.8333,5,1,0,Action|Adventure|Casual|Racing|Simulation|Sports,partial,0.8333,5,1,0
1683340_1,Adventure|Casual|Racing|Simulation|Sports,Action|Adventure|Casual|RPG,partial,0.2857,2,2,3,Action|Adventure|Casual|Racing|Simulation|Sports,partial,0.8333,5,1,0,Action|Adventure|Casual|Racing|Simulation|Sports,partial,0.8333,5,1,0
1688390_0,Action,Action|Adventure|Casual|RPG|Simulation,partial,0.2000,1,4,0,Action|Adventure|RPG,partial,0.3333,1,2,0,Action|Adventure|RPG,partial,0.3333,1,2,0
1688390_1,Action,Action|Adventure|Casual|Simulation,partial,0.2500,1,3,0,Action|Adventure|RPG,partial,0.3333,1,2,0,Action|Adventure|RPG,partial,0.3333,1,2,0
1689350_0,Casual,Adventure|Casual|RPG|Simulation|Strategy,partial,0.2000,1,4,0,Adventure|Casual|Simulation,partial,0.3333,1,2,0,Casual|RPG|Strategy,partial,0.3333,1,2,0
1689350_1,Casual,Adventure|Casual|RPG|Strategy,partial,0.2500,1,3,0,Adventure|Casual|Simulation,partial,0.3333,1,2,0,Casual|RPG|Strategy,partial,0.3333,1,2,0
1692480_0,Action,Action|Adventure|Casual|RPG|Strategy,partial,0.2000,1,4,0,Action|Adventure|Casual,partial,0.3333,1,2,0,Action|Casual,partial,0.5000,1,1,0
1692480_1,Action,Action|Adventure|RPG|Strategy,partial,0.2500,1,3,0,Action|Adventure|Casual,partial,0.3333,1,2,0,Action|Casual|RPG,partial,0.3333,1,2,0
1694320_0,RPG|Strategy,Adventure|Casual|RPG|Simulation|Strategy,partial,0.4000,2,3,0,Action|Adventure|Casual|RPG,partial,0.2000,1,3,1,Casual|RPG|Strategy,partial,0.6667,2,1,0
1694320_1,RPG|Strategy,Action|Adventure|Casual|RPG|Strategy,partial,0.4000,2,3,0,Action|Adventure|Casual|RPG,partial,0.2000,1,3,1,Action|Casual|RPG,partial,0.2500,1,2,1
1696620_0,Casual,Action|Adventure|Casual,partial,0.3333,1,2,0,Action|Adventure,wrong,0.0000,0,2,1,Action|Adventure|Casual,partial,0.3333,1,2,0
1696620_1,Casual,Action|Casual|Simulation|Strategy,partial,0.2500,1,3,0,Action|Adventure,wrong,0.0000,0,2,1,Action|Casual|RPG|Strategy,partial,0.2500,1,3,0
1698080_0,Simulation|Sports|Strategy,Action|Casual|Simulation|Sports|Strategy,partial,0.6000,3,2,0,Simulation|Sports,partial,0.6667,2,0,1,Casual|Simulation|Sports,partial,0.5000,2,1,1
1698080_1,Simulation|Sports|Strategy,Action|Adventure|Casual|Simulation|Strategy,partial,0.3333,2,3,1,Simulation|Sports,partial,0.6667,2,0,1,Simulation|Sports,partial,0.6667,2,0,1
1698550_0,Action|Casual,Action|Adventure|Casual,partial,0.6667,2,1,0,Action|Casual,exact,1.0000,2,0,0,Action|Casual,exact,1.0000,2,0,0
1698550_1,Action|Casual,Action|Casual|RPG|Strategy,partial,0.5000,2,2,0,Action|Casual,exact,1.0000,2,0,0,Action|Casual,exact,1.0000,2,0,0
1699830_0,Casual|Strategy,Action|Adventure,wrong,0.0000,0,2,2,Action|Adventure|Casual,partial,0.2500,1,2,1,Action|Adventure|Casual,partial,0.2500,1,2,1
1699830_1,Casual|Strategy,Action|Adventure|Casual|Simulation,partial,0.2000,1,3,1,Action|Adventure|Casual,partial,0.2500,1,2,1,Action|Adventure|Casual,partial,0.2500,1,2,1
1701470_0,RPG,Casual|Simulation|Strategy,wrong,0.0000,0,3,1,Action|Casual,wrong,0.0000,0,2,1,Casual|Strategy,wrong,0.0000,0,2,1
1701470_1,RPG,Adventure|Casual|RPG|Strategy,partial,0.2500,1,3,0,Action|Casual,wrong,0.0000,0,2,1,Casual|Strategy,wrong,0.0000,0,2,1
1702330_0,Adventure|RPG|Simulation,Adventure|Casual|RPG,partial,0.5000,2,1,1,Action|Adventure|RPG|Strategy,partial,0.4000,2,2,1,Action|Adventure|Casual|RPG,partial,0.4000,2,2,1
1702330_1,Adventure|RPG|Simulation,Action|Adventure|Casual,partial,0.2000,1,2,2,Action|Adventure|RPG|Strategy,partial,0.4000,2,2,1,Action|Adventure|Casual|RPG|Strategy,partial,0.3333,2,3,1
1703460_0,Casual|Strategy,Casual|Simulation|Strategy,partial,0.6667,2,1,0,Adventure|Casual,partial,0.3333,1,1,1,Casual,partial,0.5000,1,0,1
1703460_1,Casual|Strategy,Casual,partial,0.5000,1,0,1,Adventure|Casual,partial,0.3333,1,1,1,Casual,partial,0.5000,1,0,1
1707790_0,Action|Casual,Action|Adventure|Casual,partial,0.6667,2,1,0,Action|Adventure|RPG,partial,0.2500,1,2,1,Action|Adventure|RPG,partial,0.2500,1,2,1
1707790_1,Action|Casual,Action|Adventure|Casual|Strategy,partial,0.5000,2,2,0,Action|Adventure|RPG,partial,0.2500,1,2,1,Action|Casual|RPG,partial,0.6667,2,1,0
1710580_0,Racing|Simulation|Sports,Action|Adventure|Casual|Racing|Simulation|Sports,partial,0.5000,3,3,0,Racing|Simulation|Sports,exact,1.0000,3,0,0,Racing|Simulation|Sports,exact,1.0000,3,0,0
1710580_1,Racing|Simulation|Sports,Action|Racing|Simulation|Sports,partial,0.7500,3,1,0,Racing|Simulation|Sports,exact,1.0000,3,0,0,Racing|Simulation|Sports,exact,1.0000,3,0,0
1715250_0,Action|Adventure|RPG|Strategy,Adventure|Casual|Simulation|Strategy,partial,0.3333,2,2,2,Simulation|Strategy,partial,0.2000,1,1,3,Simulation|Strategy,partial,0.2000,1,1,3
1715250_1,Action|Adventure|RPG|Strategy,Action|Adventure|Casual|Simulation|Strategy,partial,0.5000,3,2,1,Simulation|Strategy,partial,0.2000,1,1,3,Simulation|Strategy,partial,0.2000,1,1,3
1715350_0,Action,Action|Adventure,partial,0.5000,1,1,0,Action|Adventure|Strategy,partial,0.3333,1,2,0,Action|Adventure,partial,0.5000,1,1,0
1715350_1,Action,Action|Adventure,partial,0.5000,1,1,0,Action|Adventure|Strategy,partial,0.3333,1,2,0,Action|Adventure,partial,0.5000,1,1,0
1716440_0,Adventure|Simulation|Strategy,Action|Adventure|Casual|Strategy,partial,0.4000,2,2,1,Action|Adventure|RPG,partial,0.2000,1,2,2,Action|Adventure|Casual|RPG|Strategy,partial,0.3333,2,3,1
1716440_1,Adventure|Simulation|Strategy,Action|Adventure|Casual|Simulation|Strategy,partial,0.6000,3,2,0,Action|Adventure|RPG,partial,0.2000,1,2,2,Action|Adventure|Casual|RPG|Strategy,partial,0.3333,2,3,1
1719390_0,Strategy,Casual|Strategy,partial,0.5000,1,1,0,Casual|RPG|Strategy,partial,0.3333,1,2,0,Casual|Strategy,partial,0.5000,1,1,0
1719390_1,Strategy,Casual|Strategy,partial,0.5000,1,1,0,Casual|RPG|Strategy,partial,0.3333,1,2,0,Casual|Strategy,partial,0.5000,1,1,0
1727810_0,Adventure|Casual|Strategy,Adventure|Casual|RPG|Strategy,partial,0.7500,3,1,0,Adventure|Casual|Simulation,partial,0.5000,2,1,1,Casual|Simulation|Strategy,partial,0.5000,2,1,1
1727810_1,Adventure|Casual|Strategy,Action|Adventure|Casual,partial,0.5000,2,1,1,Adventure|Casual|Simulation,partial,0.5000,2,1,1,Casual|Simulation,partial,0.2500,1,1,2
1735950_0,Adventure|Casual|RPG,Action|Adventure,partial,0.2500,1,1,2,Adventure|Casual,partial,0.6667,2,0,1,Adventure|Casual,partial,0.6667,2,0,1
1735950_1,Adventure|Casual|RPG,Action|Adventure,partial,0.2500,1,1,2,Adventure|Casual,partial,0.6667,2,0,1,Adventure|Casual,partial,0.6667,2,0,1
1737110_0,Strategy,Action|RPG|Strategy,partial,0.3333,1,2,0,Action|Strategy,partial,0.5000,1,1,0,Action|Strategy,partial,0.5000,1,1,0
1737110_1,Strategy,Action|Casual|Strategy,partial,0.3333,1,2,0,Action|Strategy,partial,0.5000,1,1,0,Action|Strategy,partial,0.5000,1,1,0
1739880_0,Action,Action|Adventure|RPG,partial,0.3333,1,2,0,Action|Adventure,partial,0.5000,1,1,0,Action,exact,1.0000,1,0,0
1739880_1,Action,Action|Adventure|RPG,partial,0.3333,1,2,0,Action|Adventure,partial,0.5000,1,1,0,Action|Adventure,partial,0.5000,1,1,0
1747030_0,Adventure|Casual,Action|Adventure|Casual|Simulation,partial,0.5000,2,2,0,Adventure|Casual,exact,1.0000,2,0,0,Action|Adventure|Casual,partial,0.6667,2,1,0
1747030_1,Adventure|Casual,Action|Adventure|Casual|RPG|Simulation,partial,0.4000,2,3,0,Adventure|Casual,exact,1.0000,2,0,0,Action|Adventure|Casual,partial,0.6667,2,1,0
1748260_0,Casual|Strategy,Action|Casual|Simulation|Strategy,partial,0.5000,2,2,0,Casual|Simulation,partial,0.3333,1,1,1,Casual|Simulation,partial,0.3333,1,1,1
1748260_1,Casual|Strategy,Action|Adventure|Casual|Simulation,partial,0.2000,1,3,1,Casual|Simulation,partial,0.3333,1,1,1,Casual|Simulation,partial,0.3333,1,1,1
1770500_0,Action|Adventure|Racing|Sports,Action|Adventure|Casual,partial,0.4000,2,1,2,Action|Casual|Racing,partial,0.4000,2,1,2,Action|Casual|Racing|Sports,partial,0.6000,3,1,1
1770500_1,Action|Adventure|Racing|Sports,Action|Adventure|Casual,partial,0.4000,2,1,2,Action|Casual|Racing,partial,0.4000,2,1,2,Action|Casual|Racing,partial,0.4000,2,1,2
1776700_0,Action|Adventure|Casual,Action|Adventure|RPG,partial,0.5000,2,1,1,Action|Adventure,partial,0.6667,2,0,1,Action|Adventure,partial,0.6667,2,0,1
1776700_1,Action|Adventure|Casual,Action|Adventure|RPG,partial,0.5000,2,1,1,Action|Adventure,partial,0.6667,2,0,1,Action|Adventure,partial,0.6667,2,0,1
1777960_0,Adventure|Racing|Simulation|Sports,Action|Adventure|Racing|Simulation|Sports,partial,0.8000,4,1,0,Action|Adventure|Casual|Racing,partial,0.3333,2,2,2,Action|Casual|Racing|Simulation|Sports,partial,0.5000,3,2,1
1777960_1,Adventure|Racing|Simulation|Sports,Action|Casual|Racing|Simulation|Sports,partial,0.5000,3,2,1,Action|Adventure|Casual|Racing,partial,0.3333,2,2,2,Action|Casual|Racing|Simulation|Sports,partial,0.5000,3,2,1
1778040_0,Action|Adventure|Racing|Simulation|Sports,Action|Simulation,partial,0.4000,2,0,3,Action|Casual|Racing,partial,0.3333,2,1,3,Action|Casual|Racing|Sports,partial,0.5000,3,1,2
1778040_1,Action|Adventure|Racing|Simulation|Sports,Action|Adventure|Casual|Racing|Simulation|Sports,partial,0.8333,5,1,0,Action|Casual|Racing,partial,0.3333,2,1,3,Action|Casual|Racing|Sports,partial,0.5000,3,1,2
1781760_0,Action|Adventure|Racing,Action|Adventure,partial,0.6667,2,0,1,Action|Adventure,partial,0.6667,2,0,1,Action|Adventure,partial,0.6667,2,0,1
1781760_1,Action|Adventure|Racing,Action|Adventure|RPG,partial,0.5000,2,1,1,Action|Adventure,partial,0.6667,2,0,1,Action|Adventure,partial,0.6667,2,0,1
1782520_0,Action|Casual,Casual|Strategy,partial,0.3333,1,1,1,Adventure|Casual|Simulation,partial,0.2500,1,2,1,Casual,partial,0.5000,1,0,1
1782520_1,Action|Casual,Action|Casual|Strategy,partial,0.6667,2,1,0,Adventure|Casual|Simulation,partial,0.2500,1,2,1,Casual|Simulation,partial,0.3333,1,1,1
1783900_0,Action|Adventure|Simulation,Action|Adventure,partial,0.6667,2,0,1,Adventure|Casual|RPG,partial,0.2000,1,2,2,Action|Adventure,partial,0.6667,2,0,1
1783900_1,Action|Adventure|Simulation,Action|Adventure,partial,0.6667,2,0,1,Adventure|Casual|RPG,partial,0.2000,1,2,2,Action|Adventure,partial,0.6667,2,0,1
1787140_0,Action,Action|Adventure|Casual|Simulation|Sports,partial,0.2000,1,4,0,Action|Casual,partial,0.5000,1,1,0,Action|Casual,partial,0.5000,1,1,0
1787140_1,Action,Action|Adventure|Casual|Simulation,partial,0.2500,1,3,0,Action|Casual,partial,0.5000,1,1,0,Action|Casual,partial,0.5000,1,1,0
1789050_0,Adventure|RPG,Action|Casual|RPG|Simulation|Strategy,partial,0.1667,1,4,1,Action|Adventure|RPG,partial,0.6667,2,1,0,Action|Adventure|RPG,partial,0.6667,2,1,0
1789050_1,Adventure|RPG,Action|Adventure|RPG,partial,0.6667,2,1,0,Action|Adventure|RPG,partial,0.6667,2,1,0,Action|Adventure|RPG,partial,0.6667,2,1,0
1791820_0,Action|Adventure,Action|Adventure|Casual,partial,0.6667,2,1,0,Action|Adventure,exact,1.0000,2,0,0,Action|Adventure|Casual,partial,0.6667,2,1,0
1791820_1,Action|Adventure,Action|Adventure,exact,1.0000,2,0,0,Action|Adventure,exact,1.0000,2,0,0,Action|Adventure,exact,1.0000,2,0,0
1793420_0,Action|Casual|Racing|Simulation|Sports,Action|Adventure|Racing|Simulation,partial,0.5000,3,1,2,Action|Racing,partial,0.4000,2,0,3,Action|Racing|Simulation|Sports,partial,0.8000,4,0,1
1793420_1,Action|Casual|Racing|Simulation|Sports,Action|Adventure|Casual|Racing|Simulation,partial,0.6667,4,1,1,Action|Racing,partial,0.4000,2,0,3,Action|Casual|Racing|Simulation|Sports,exact,1.0000,5,0,0
1794960_0,Action|Adventure|Casual,Action|Adventure|Casual,exact,1.0000,3,0,0,Action|Adventure|Casual,exact,1.0000,3,0,0,Action|Casual|Sports,partial,0.5000,2,1,1
1794960_1,Action|Adventure|Casual,Action|Casual|Strategy,partial,0.5000,2,1,1,Action|Adventure|Casual,exact,1.0000,3,0,0,Action|Casual|Sports,partial,0.5000,2,1,1
1796630_0,Casual|Strategy,Adventure|Casual|Strategy,partial,0.6667,2,1,0,Adventure|Casual,partial,0.3333,1,1,1,Casual,partial,0.5000,1,0,1
1796630_1,Casual|Strategy,Action|Adventure|Casual|Strategy,partial,0.5000,2,2,0,Adventure|Casual,partial,0.3333,1,1,1,Casual,partial,0.5000,1,0,1
1797450_0,Action|Casual,Action|Adventure|Simulation,partial,0.2500,1,2,1,Action,partial,0.5000,1,0,1,Action,partial,0.5000,1,0,1
1797450_1,Action|Casual,Action|Adventure,partial,0.3333,1,1,1,Action,partial,0.5000,1,0,1,Action|Adventure,partial,0.3333,1,1,1
1798320_0,Action,Action|Adventure|Casual,partial,0.3333,1,2,0,Action|Adventure,partial,0.5000,1,1,0,Action|Adventure|Casual,partial,0.3333,1,2,0
1798320_1,Action,Action|Adventure|Casual,partial,0.3333,1,2,0,Action|Adventure,partial,0.5000,1,1,0,Action|Adventure|Casual,partial,0.3333,1,2,0
1800910_0,Adventure|Casual,Action|Adventure|Casual|Strategy,partial,0.5000,2,2,0,Adventure|Casual|Simulation,partial,0.6667,2,1,0,Adventure|Casual,exact,1.0000,2,0,0
1800910_1,Adventure|Casual,Action|Adventure|Strategy,partial,0.2500,1,2,1,Adventure|Casual|Simulation,partial,0.6667,2,1,0,Adventure|Casual,exact,1.0000,2,0,0
1803390_0,Action|Racing|Simulation|Sports,Action|Casual|Racing|Simulation|Sports,partial,0.8000,4,1,0,Racing|Simulation|Sports,partial,0.7500,3,0,1,Racing|Simulation|Sports,partial,0.7500,3,0,1
1803390_1,Action|Racing|Simulation|Sports,Action|Simulation|Strategy,partial,0.4000,2,1,2,Racing|Simulation|Sports,partial,0.7500,3,0,1,Racing|Simulation|Sports,partial,0.7500,3,0,1
18040_0,Action|RPG,Action|Adventure|RPG,partial,0.6667,2,1,0,Action|Adventure|RPG,partial,0.6667,2,1,0,Action|Adventure|RPG,partial,0.6667,2,1,0
18040_1,Action|RPG,Action|Adventure|Casual|RPG,partial,0.5000,2,2,0,Action|Adventure|RPG,partial,0.6667,2,1,0,Action|Adventure|Casual|RPG,partial,0.5000,2,2,0
1805510_0,Action|Simulation,Action|Adventure|Casual,partial,0.2500,1,2,1,Adventure|Casual|Simulation,partial,0.2500,1,2,1,Adventure|Casual|Simulation,partial,0.2500,1,2,1
1805510_1,Action|Simulation,Action|Adventure,partial,0.3333,1,1,1,Adventure|Casual|Simulation,partial,0.2500,1,2,1,Action|Adventure|Casual|Simulation,partial,0.5000,2,2,0
1807940_0,Strategy,Action|Adventure|Casual,wrong,0.0000,0,3,1,Action|Adventure|Casual|Strategy,partial,0.2500,1,3,0,Action|Casual|Strategy,partial,0.3333,1,2,0
1807940_1,Strategy,Action|Adventure|Casual|Strategy,partial,0.2500,1,3,0,Action|Adventure|Casual|Strategy,partial,0.2500,1,3,0,Action|Casual|Strategy,partial,0.3333,1,2,0
1808680_0,Adventure|RPG,Action|Adventure|Casual,partial,0.2500,1,2,1,Adventure|Casual,partial,0.3333,1,1,1,Adventure|Casual,partial,0.3333,1,1,1
1808680_1,Adventure|RPG,Adventure|Casual|RPG|Simulation|Strategy,partial,0.4000,2,3,0,Adventure|Casual,partial,0.3333,1,1,1,Adventure|Casual,partial,0.3333,1,1,1
1810210_0,Adventure|Casual,Adventure|Casual,exact,1.0000,2,0,0,Adventure|Casual,exact,1.0000,2,0,0,Adventure|Casual|Simulation,partial,0.6667,2,1,0
1810210_1,Adventure|Casual,Adventure|Casual|RPG|Simulation,partial,0.5000,2,2,0,Adventure|Casual,exact,1.0000,2,0,0,Adventure|Casual|Simulation,partial,0.6667,2,1,0
1812930_0,Action|Adventure|RPG|Simulation,Action|Adventure|Casual|RPG|Simulation,partial,0.8000,4,1,0,Adventure|Casual,partial,0.2000,1,1,3,Action|Adventure|Casual,partial,0.4000,2,1,2
1812930_1,Action|Adventure|RPG|Simulation,Action|Adventure|Casual|RPG|Strategy,partial,0.5000,3,2,1,Adventure|Casual,partial,0.2000,1,1,3,Action|Adventure|Casual,partial,0.4000,2,1,2
1819290_0,Action,Action|Casual,partial,0.5000,1,1,0,Action,exact,1.0000,1,0,0,Action|Casual,partial,0.5000,1,1,0
1819290_1,Action,Action|Adventure|Casual,partial,0.3333,1,2,0,Action,exact,1.0000,1,0,0,Action,exact,1.0000,1,0,0
1819780_0,Action|Adventure|RPG|Sports|Strategy,Action|Adventure,partial,0.4000,2,0,3,Action|Adventure|RPG,partial,0.6000,3,0,2,Action|Adventure|RPG,partial,0.6000,3,0,2
1819780_1,Action|Adventure|RPG|Sports|Strategy,Action|Adventure|RPG,partial,0.6000,3,0,2,Action|Adventure|RPG,partial,0.6000,3,0,2,Action|Adventure|Casual|RPG,partial,0.5000,3,1,2
1828630_0,Adventure|RPG,Action|Adventure|Casual,partial,0.2500,1,2,1,Action|Adventure|Casual|RPG,partial,0.5000,2,2,0,Action|Adventure|Casual,partial,0.2500,1,2,1
1828630_1,Adventure|RPG,Action|Adventure|Casual|RPG,partial,0.5000,2,2,0,Action|Adventure|Casual|RPG,partial,0.5000,2,2,0,Action|Adventure|Casual,partial,0.2500,1,2,1
1829910_0,Casual,Adventure|Casual,partial,0.5000,1,1,0,Casual,exact,1.0000,1,0,0,Casual|Simulation,partial,0.5000,1,1,0
1829910_1,Casual,Adventure|Casual|Simulation,partial,0.3333,1,2,0,Casual,exact,1.0000,1,0,0,Casual|Simulation,partial,0.5000,1,1,0
1831060_0,Casual,Action|Adventure|Casual,partial,0.3333,1,2,0,Casual|Strategy,partial,0.5000,1,1,0,Casual|Strategy,partial,0.5000,1,1,0
1831060_1,Casual,Action|Adventure|Casual,partial,0.3333,1,2,0,Casual|Strategy,partial,0.5000,1,1,0,Casual|Strategy,partial,0.5000,1,1,0
1834140_0,Casual|Strategy,Action|Casual,partial,0.3333,1,1,1,Casual|Simulation,partial,0.3333,1,1,1,Casual|Simulation,partial,0.3333,1,1,1
1834140_1,Casual|Strategy,Action|Casual,partial,0.3333,1,1,1,Casual|Simulation,partial,0.3333,1,1,1,Casual|Simulation,partial,0.3333,1,1,1
1837550_0,Casual|Strategy,Casual|Strategy,exact,1.0000,2,0,0,Casual|Simulation|Strategy,partial,0.6667,2,1,0,Casual|Simulation|Strategy,partial,0.6667,2,1,0
1837550_1,Casual|Strategy,Casual|Strategy,exact,1.0000,2,0,0,Casual|Simulation|Strategy,partial,0.6667,2,1,0,Casual|Simulation|Strategy,partial,0.6667,2,1,0
1839440_0,Casual,Action|Casual,partial,0.5000,1,1,0,Adventure|Casual,partial,0.5000,1,1,0,Adventure|Casual,partial,0.5000,1,1,0
1839440_1,Casual,Action|Adventure|Casual|Strategy,partial,0.2500,1,3,0,Adventure|Casual,partial,0.5000,1,1,0,Adventure|Casual,partial,0.5000,1,1,0
1843710_0,Action|Adventure|Strategy,Action|Adventure|RPG,partial,0.5000,2,1,1,Action|Casual,partial,0.2500,1,1,2,Action|Adventure,partial,0.6667,2,0,1
1843710_1,Action|Adventure|Strategy,Action|Adventure,partial,0.6667,2,0,1,Action|Casual,partial,0.2500,1,1,2,Action|Adventure,partial,0.6667,2,0,1
1844790_0,Casual|Strategy,Action|Casual|Strategy,partial,0.6667,2,1,0,Adventure|Casual|RPG,partial,0.2500,1,2,1,Casual|Strategy,exact,1.0000,2,0,0
1844790_1,Casual|Strategy,Casual|Strategy,exact,1.0000,2,0,0,Adventure|Casual|RPG,partial,0.2500,1,2,1,Casual|Strategy,exact,1.0000,2,0,0
1853760_0,Action|Adventure,Action|Adventure|Casual|Strategy,partial,0.5000,2,2,0,Action|Adventure|Casual,partial,0.6667,2,1,0,Action|Adventure|Casual,partial,0.6667,2,1,0
1853760_1,Action|Adventure,Action|Adventure,exact,1.0000,2,0,0,Action|Adventure|Casual,partial,0.6667,2,1,0,Action|Adventure|Casual,partial,0.6667,2,1,0
1865470_0,Action|Adventure|Casual,Action|Adventure|Casual,exact,1.0000,3,0,0,Action|Adventure,partial,0.6667,2,0,1,Action|Adventure,partial,0.6667,2,0,1
1865470_1,Action|Adventure|Casual,Action|Adventure|Casual|RPG,partial,0.7500,3,1,0,Action|Adventure,partial,0.6667,2,0,1,Action|Adventure|RPG,partial,0.5000,2,1,1
1868760_0,Action|Adventure|RPG,Action|Adventure|RPG,exact,1.0000,3,0,0,Action|Adventure,partial,0.6667,2,0,1,Action,partial,0.3333,1,0,2
1868760_1,Action|Adventure|RPG,Action|Adventure|RPG,exact,1.0000,3,0,0,Action|Adventure,partial,0.6667,2,0,1,Action,partial,0.3333,1,0,2
1878620_0,Action,Action|Adventure|Casual|Strategy,partial,0.2500,1,3,0,Action|Adventure|Casual,partial,0.3333,1,2,0,Action|Casual,partial,0.5000,1,1,0
1878620_1,Action,Action|Adventure|Casual|RPG,partial,0.2500,1,3,0,Action|Adventure|Casual,partial,0.3333,1,2,0,Action|Adventure|Casual,partial,0.3333,1,2,0
1881210_0,Action,Action|Adventure|Casual|Simulation,partial,0.2500,1,3,0,Action|Adventure|RPG,partial,0.3333,1,2,0,Action|Adventure|RPG,partial,0.3333,1,2,0
1881210_1,Action,Action|Adventure|Casual,partial,0.3333,1,2,0,Action|Adventure|RPG,partial,0.3333,1,2,0,Action|Adventure|Casual|RPG,partial,0.2500,1,3,0
1888590_0,Action|Casual,Action|Adventure|Casual|RPG|Strategy,partial,0.4000,2,3,0,Action|Casual,exact,1.0000,2,0,0,Action|Casual,exact,1.0000,2,0,0
1888590_1,Action|Casual,Casual|Strategy,partial,0.3333,1,1,1,Action|Casual,exact,1.0000,2,0,0,Action|Casual,exact,1.0000,2,0,0
1892970_0,Strategy,Casual|Strategy,partial,0.5000,1,1,0,Action|Casual|Strategy,partial,0.3333,1,2,0,Casual|Strategy,partial,0.5000,1,1,0
1892970_1,Strategy,Adventure|Casual|RPG|Simulation|Strategy,partial,0.2000,1,4,0,Action|Casual|Strategy,partial,0.3333,1,2,0,Casual|Strategy,partial,0.5000,1,1,0
1895960_0,Action|Adventure|Casual|Simulation|Strategy,Action|Adventure|Casual|Simulation,partial,0.8000,4,0,1,Action|Adventure,partial,0.4000,2,0,3,Adventure|Casual|Simulation,partial,0.6000,3,0,2
1895960_1,Action|Adventure|Casual|Simulation|Strategy,Action|Adventure,partial,0.4000,2,0,3,Action|Adventure,partial,0.4000,2,0,3,Action|Adventure,partial,0.4000,2,0,3
1897400_0,Casual|Simulation,Action|Casual|Simulation,partial,0.6667,2,1,0,Action|Casual,partial,0.3333,1,1,1,Action|Casual|Sports,partial,0.2500,1,2,1
1897400_1,Casual|Simulation,Action|Adventure|Casual,partial,0.2500,1,2,1,Action|Casual,partial,0.3333,1,1,1,Action|Casual,partial,0.3333,1,1,1
1900230_0,Action,Action|Casual|Simulation|Strategy,partial,0.2500,1,3,0,Action|Casual,partial,0.5000,1,1,0,Action|Casual,partial,0.5000,1,1,0
1900230_1,Action,Action|Adventure|Casual|Simulation,partial,0.2500,1,3,0,Action|Casual,partial,0.5000,1,1,0,Action|Casual,partial,0.5000,1,1,0
1907000_0,RPG,Action|Adventure|Casual,wrong,0.0000,0,3,1,Action|Adventure,wrong,0.0000,0,2,1,Action|Adventure,wrong,0.0000,0,2,1
1907000_1,RPG,Action|Adventure|Casual,wrong,0.0000,0,3,1,Action|Adventure,wrong,0.0000,0,2,1,Action|Adventure|Casual,wrong,0.0000,0,3,1
1910790_0,RPG,Action|Adventure|Casual|RPG|Simulation,partial,0.2000,1,4,0,Adventure|Casual,wrong,0.0000,0,2,1,Adventure|Casual,wrong,0.0000,0,2,1
1910790_1,RPG,Action|Adventure|RPG|Simulation,partial,0.2500,1,3,0,Adventure|Casual,wrong,0.0000,0,2,1,Action|Adventure,wrong,0.0000,0,2,1
1913620_0,Action,Action|Adventure|Casual|Strategy,partial,0.2500,1,3,0,Action|Casual,partial,0.5000,1,1,0,Action|Casual,partial,0.5000,1,1,0
1913620_1,Action,Action|Adventure|Casual|Strategy,partial,0.2500,1,3,0,Action|Casual,partial,0.5000,1,1,0,Action|Casual,partial,0.5000,1,1,0
1914240_0,Action|Casual,Action|Adventure|RPG,partial,0.2500,1,2,1,Action|Adventure|Casual,partial,0.6667,2,1,0,Action|Casual,exact,1.0000,2,0,0
1914240_1,Action|Casual,Action|Adventure|Casual|RPG,partial,0.5000,2,2,0,Action|Adventure|Casual,partial,0.6667,2,1,0,Action|Casual,exact,1.0000,2,0,0
1926090_0,Action|Adventure|Casual|RPG,Action|Adventure|RPG,partial,0.7500,3,0,1,Action|Adventure|RPG,partial,0.7500,3,0,1,Action|Adventure|Casual|RPG,exact,1.0000,4,0,0
1926090_1,Action|Adventure|Casual|RPG,Action|Adventure|Casual|Simulation,partial,0.6000,3,1,1,Action|Adventure|RPG,partial,0.7500,3,0,1,Action|Adventure|RPG|Simulation,partial,0.6000,3,1,1
1926220_0,Casual,Action|Casual|Strategy,partial,0.3333,1,2,0,Casual,exact,1.0000,1,0,0,Casual|Strategy,partial,0.5000,1,1,0
1926220_1,Casual,Casual|Simulation|Strategy,partial,0.3333,1,2,0,Casual,exact,1.0000,1,0,0,Casual|Strategy,partial,0.5000,1,1,0
1927690_0,Action|Adventure|Casual|RPG,Action|Adventure|Casual|Simulation,partial,0.6000,3,1,1,Action|Adventure,partial,0.5000,2,0,2,Action|Adventure,partial,0.5000,2,0,2
1927690_1,Action|Adventure|Casual|RPG,Action|Adventure|Casual|Simulation,partial,0.6000,3,1,1,Action|Adventure,partial,0.5000,2,0,2,Action|Adventure|Casual|RPG,exact,1.0000,4,0,0
1928420_0,Action|Adventure,Action|Adventure|Casual|Racing,partial,0.5000,2,2,0,Action,partial,0.5000,1,0,1,Action|Casual,partial,0.3333,1,1,1
1928420_1,Action|Adventure,Action|Adventure|RPG,partial,0.6667,2,1,0,Action,partial,0.5000,1,0,1,Action,partial,0.5000,1,0,1
1929830_0,Racing,Action|Adventure|Casual|Simulation|Strategy,wrong,0.0000,0,5,1,Action|Adventure|Casual|Racing,partial,0.2500,1,3,0,Action|Adventure|Casual|Racing,partial,0.2500,1,3,0
1929830_1,Racing,Adventure|Casual,wrong,0.0000,0,2,1,Action|Adventure|Casual|Racing,partial,0.2500,1,3,0,Casual|Racing,partial,0.5000,1,1,0
1930_0,RPG,Action|Adventure|RPG,partial,0.3333,1,2,0,Adventure|RPG,partial,0.5000,1,1,0,Action|Adventure|RPG,partial,0.3333,1,2,0
1930_1,RPG,Action|Adventure,wrong,0.0000,0,2,1,Adventure|RPG,partial,0.5000,1,1,0,Action|Adventure|RPG,partial,0.3333,1,2,0
1942500_0,Casual|Sports,Action|Adventure|Casual|Simulation,partial,0.2000,1,3,1,Casual|Racing|Simulation|Sports,partial,0.5000,2,2,0,Casual|Simulation,partial,0.3333,1,1,1
1942500_1,Casual|Sports,Action|Adventure|Casual|Strategy,partial,0.2000,1,3,1,Casual|Racing|Simulation|Sports,partial,0.5000,2,2,0,Casual|Simulation,partial,0.3333,1,1,1
1944140_0,Action|RPG,Action|Adventure|Casual|RPG|Strategy,partial,0.4000,2,3,0,Action|Adventure|RPG,partial,0.6667,2,1,0,Action|Adventure|Casual|RPG,partial,0.5000,2,2,0
1944140_1,Action|RPG,Action|Adventure|Casual|RPG,partial,0.5000,2,2,0,Action|Adventure|RPG,partial,0.6667,2,1,0,Action|Adventure|RPG,partial,0.6667,2,1,0
1945820_0,Casual|Sports,Action|Casual,partial,0.3333,1,1,1,Casual|Simulation|Sports|Strategy,partial,0.5000,2,2,0,Casual|Sports,exact,1.0000,2,0,0
1945820_1,Casual|Sports,Action|Casual|Strategy,partial,0.2500,1,2,1,Casual|Simulation|Sports|Strategy,partial,0.5000,2,2,0,Casual|Sports|Strategy,partial,0.6667,2,1,0
1947120_0,Action,Action|Adventure|Casual,partial,0.3333,1,2,0,Action|Adventure,partial,0.5000,1,1,0,Action|Adventure,partial,0.5000,1,1,0
1947120_1,Action,Action|Adventure|Casual|RPG|Simulation|Strategy,partial,0.1667,1,5,0,Action|Adventure,partial,0.5000,1,1,0,Action|Adventure,partial,0.5000,1,1,0
1949650_0,Casual,Action|Adventure|Casual|Strategy,partial,0.2500,1,3,0,Casual,exact,1.0000,1,0,0,Casual|Simulation,partial,0.5000,1,1,0
1951650_0,Action|Adventure|Casual,Action|Adventure|Casual|RPG|Strategy,partial,0.6000,3,2,0,Action|Adventure,partial,0.6667,2,0,1,Action|Adventure|Casual|RPG,partial,0.7500,3,1,0
1951650_1,Action|Adventure|Casual,Action|Adventure|Casual|RPG|Strategy,partial,0.6000,3,2,0,Action|Adventure,partial,0.6667,2,0,1,Action|Adventure|Casual|RPG,partial,0.7500,3,1,0
1951910_0,Action,Action|Adventure|Casual|Simulation,partial,0.2500,1,3,0,Action|Adventure,partial,0.5000,1,1,0,Action,exact,1.0000,1,0,0
1951910_1,Action,Action|Adventure|Casual,partial,0.3333,1,2,0,Action|Adventure,partial,0.5000,1,1,0,Action,exact,1.0000,1,0,0
1959470_0,Casual|Simulation,Casual|Racing|Simulation|Sports,partial,0.5000,2,2,0,Simulation,partial,0.5000,1,0,1,Casual|Simulation,exact,1.0000,2,0,0
1959470_1,Casual|Simulation,Action|Casual|Racing|Simulation|Sports,partial,0.4000,2,3,0,Simulation,partial,0.5000,1,0,1,Casual|Simulation,exact,1.0000,2,0,0
1960270_0,RPG,RPG|Simulation|Strategy,partial,0.3333,1,2,0,Adventure|RPG|Strategy,partial,0.3333,1,2,0,Casual|RPG|Strategy,partial,0.3333,1,2,0
1960270_1,RPG,Casual|Simulation|Strategy,wrong,0.0000,0,3,1,Adventure|RPG|Strategy,partial,0.3333,1,2,0,Casual|RPG|Strategy,partial,0.3333,1,2,0
1964580_0,Action|Casual,Action|Adventure|Casual,partial,0.6667,2,1,0,Action,partial,0.5000,1,0,1,Action,partial,0.5000,1,0,1
1964580_1,Action|Casual,Action|Adventure|Casual,partial,0.6667,2,1,0,Action,partial,0.5000,1,0,1,Action|Casual,exact,1.0000,2,0,0
1964750_0,Action|Casual|Sports,Casual|Strategy,partial,0.2500,1,1,2,Action|Adventure|Casual|Simulation,partial,0.4000,2,2,1,Action|Adventure|Casual|Simulation,partial,0.4000,2,2,1
1964750_1,Action|Casual|Sports,Action|Adventure|Casual|Simulation|Strategy,partial,0.3333,2,3,1,Action|Adventure|Casual|Simulation,partial,0.4000,2,2,1,Action|Adventure|Casual|Simulation,partial,0.4000,2,2,1
1968500_0,Action|Casual|Racing,Casual|Strategy,partial,0.2500,1,1,2,Action|Casual,partial,0.6667,2,0,1,Casual,partial,0.3333,1,0,2
1968500_1,Action|Casual|Racing,Casual|Strategy,partial,0.2500,1,1,2,Action|Casual,partial,0.6667,2,0,1,Casual,partial,0.3333,1,0,2
1972980_0,Simulation|Sports|Strategy,Action|Adventure|Casual|Strategy,partial,0.1667,1,3,2,Simulation|Sports|Strategy,exact,1.0000,3,0,0,Strategy,partial,0.3333,1,0,2
1972980_1,Simulation|Sports|Strategy,Action|Adventure|Simulation|Strategy,partial,0.4000,2,2,1,Simulation|Sports|Strategy,exact,1.0000,3,0,0,Simulation|Sports|Strategy,exact,1.0000,3,0,0
1979240_0,Action|Casual|Sports,Action|Adventure|Casual,partial,0.5000,2,1,1,Action|Casual,partial,0.6667,2,0,1,Action|Casual,partial,0.6667,2,0,1
1979240_1,Action|Casual|Sports,Action|Adventure|Casual|RPG|Simulation,partial,0.3333,2,3,1,Action|Casual,partial,0.6667,2,0,1,Action|Casual,partial,0.6667,2,0,1
1982630_0,Action,Action|Adventure|RPG,partial,0.3333,1,2,0,Action|Adventure|RPG,partial,0.3333,1,2,0,Action|Adventure|RPG,partial,0.3333,1,2,0
1982630_1,Action,Action|Adventure|Simulation,partial,0.3333,1,2,0,Action|Adventure|RPG,partial,0.3333,1,2,0,Action|Adventure|RPG,partial,0.3333,1,2,0
1983140_0,Action|Adventure|Simulation,Action|Adventure|Casual|RPG,partial,0.4000,2,2,1,Action|Adventure|Casual|Simulation,partial,0.7500,3,1,0,Action|Adventure|Casual|Simulation,partial,0.7500,3,1,0
1983140_1,Action|Adventure|Simulation,Action|Adventure|Casual|Simulation,partial,0.7500,3,1,0,Action|Adventure|Casual|Simulation,partial,0.7500,3,1,0,Action|Adventure|Casual|Simulation,partial,0.7500,3,1,0
1985150_0,Casual|Strategy,Action|Adventure|Casual,partial,0.2500,1,2,1,Adventure|Simulation|Strategy,partial,0.2500,1,2,1,Casual|Simulation|Strategy,partial,0.6667,2,1,0
1985150_1,Casual|Strategy,Action|Adventure|Casual,partial,0.2500,1,2,1,Adventure|Simulation|Strategy,partial,0.2500,1,2,1,Casual|Simulation|Strategy,partial,0.6667,2,1,0
1986880_0,Adventure|Casual,Action|Adventure|Simulation,partial,0.2500,1,2,1,Adventure|Casual,exact,1.0000,2,0,0,Adventure|RPG,partial,0.3333,1,1,1
1986880_1,Adventure|Casual,Action|Adventure|Casual,partial,0.6667,2,1,0,Adventure|Casual,exact,1.0000,2,0,0,Action|Adventure|Casual,partial,0.6667,2,1,0
1986940_0,Action|Strategy,Action|Adventure|RPG,partial,0.2500,1,2,1,Action|Strategy,exact,1.0000,2,0,0,Action|Strategy,exact,1.0000,2,0,0
1986940_1,Action|Strategy,Casual|Simulation|Strategy,partial,0.2500,1,2,1,Action|Strategy,exact,1.0000,2,0,0,Strategy,partial,0.5000,1,0,1
1988010_0,Action|Adventure,Action|Adventure,exact,1.0000,2,0,0,Action|Adventure,exact,1.0000,2,0,0,Action|Adventure,exact,1.0000,2,0,0
1988010_1,Action|Adventure,Action|Adventure,exact,1.0000,2,0,0,Action|Adventure,exact,1.0000,2,0,0,Action|Adventure,exact,1.0000,2,0,0
1988530_0,Casual|RPG|Strategy,Action|Adventure|Casual|RPG,partial,0.4000,2,2,1,Action|Adventure|Casual,partial,0.2000,1,2,2,Action|Adventure|Casual,partial,0.2000,1,2,2
1988530_1,Casual|RPG|Strategy,Action|Adventure|Casual,partial,0.2000,1,2,2,Action|Adventure|Casual,partial,0.2000,1,2,2,Action|Adventure|Casual,partial,0.2000,1,2,2
1991420_0,Adventure,Action|Adventure|RPG,partial,0.3333,1,2,0,Adventure|Casual,partial,0.5000,1,1,0,Action|Adventure|Casual,partial,0.3333,1,2,0
1991420_1,Adventure,Action|Casual,wrong,0.0000,0,2,1,Adventure|Casual,partial,0.5000,1,1,0,Casual,wrong,0.0000,0,1,1
1991590_0,Action|Adventure,Action|Adventure|Casual,partial,0.6667,2,1,0,Action|Adventure,exact,1.0000,2,0,0,Action|Adventure|Casual,partial,0.6667,2,1,0
1991590_1,Action|Adventure,Action|Adventure|Casual,partial,0.6667,2,1,0,Action|Adventure,exact,1.0000,2,0,0,Action|Adventure|Casual,partial,0.6667,2,1,0
1999700_0,Adventure|Casual,Adventure|RPG,partial,0.3333,1,1,1,Adventure|Casual|Simulation,partial,0.6667,2,1,0,Adventure|Casual,exact,1.0000,2,0,0
1999700_1,Adventure|Casual,Action|Adventure|Casual|Simulation,partial,0.5000,2,2,0,Adventure|Casual|Simulation,partial,0.6667,2,1,0,Adventure|Casual|Simulation,partial,0.6667,2,1,0
2004590_0,Adventure|Casual,Action|Adventure|Casual|Simulation,partial,0.5000,2,2,0,Action|Adventure|Casual,partial,0.6667,2,1,0,Adventure|Casual,exact,1.0000,2,0,0
2004590_1,Adventure|Casual,Action|Adventure|Casual|Simulation,partial,0.5000,2,2,0,Action|Adventure|Casual,partial,0.6667,2,1,0,Action|Adventure|Casual,partial,0.6667,2,1,0
2006990_0,Adventure|RPG|Strategy,Action|Adventure|Casual|RPG|Strategy,partial,0.6000,3,2,0,Strategy,partial,0.3333,1,0,2,Casual|Strategy,partial,0.2500,1,1,2
2006990_1,Adventure|RPG|Strategy,Action|Adventure|RPG|Simulation|Strategy,partial,0.6000,3,2,0,Strategy,partial,0.3333,1,0,2,Casual|Strategy,partial,0.2500,1,1,2
2007570_0,Adventure,Action|Adventure,partial,0.5000,1,1,0,Adventure|RPG,partial,0.5000,1,1,0,Action|Adventure,partial,0.5000,1,1,0
2007570_1,Adventure,Action|Adventure|Casual,partial,0.3333,1,2,0,Adventure|RPG,partial,0.5000,1,1,0,Action|Adventure|RPG,partial,0.3333,1,2,0
2009860_0,Casual|Strategy,Action|Adventure|RPG|Strategy,partial,0.2000,1,3,1,Action|Casual|Strategy,partial,0.6667,2,1,0,Casual|Strategy,exact,1.0000,2,0,0
2009860_1,Casual|Strategy,Action|Adventure|RPG|Strategy,partial,0.2000,1,3,1,Action|Casual|Strategy,partial,0.6667,2,1,0,Action|Casual|Strategy,partial,0.6667,2,1,0
2015040_0,RPG|Strategy,Action|Casual,wrong,0.0000,0,2,2,Action|RPG|Strategy,partial,0.6667,2,1,0,Action|Casual|RPG|Strategy,partial,0.5000,2,2,0
2015040_1,RPG|Strategy,Action|Strategy,partial,0.3333,1,1,1,Action|RPG|Strategy,partial,0.6667,2,1,0,Action|RPG|Strategy,partial,0.6667,2,1,0
2019650_0,Casual|Strategy,Casual|Strategy,exact,1.0000,2,0,0,Adventure|Casual,partial,0.3333,1,1,1,Adventure|Casual,partial,0.3333,1,1,1
2019650_1,Casual|Strategy,Action|Adventure|Casual,partial,0.2500,1,2,1,Adventure|Casual,partial,0.3333,1,1,1,Action|Adventure|Casual,partial,0.2500,1,2,1
2020860_0,Racing|Simulation|Sports,Casual|Racing|Simulation|Sports,partial,0.7500,3,1,0,Racing|Simulation|Sports,exact,1.0000,3,0,0,Racing|Simulation|Sports,exact,1.0000,3,0,0
2020860_1,Racing|Simulation|Sports,Action|Racing|Simulation|Sports,partial,0.7500,3,1,0,Racing|Simulation|Sports,exact,1.0000,3,0,0,Racing|Simulation|Sports,exact,1.0000,3,0,0
2026230_0,Action,Action|Casual,partial,0.5000,1,1,0,Action,exact,1.0000,1,0,0,Action|Casual,partial,0.5000,1,1,0
2026230_1,Action,Action|Casual,partial,0.5000,1,1,0,Action,exact,1.0000,1,0,0,Action|Casual,partial,0.5000,1,1,0
204880_0,Action|Simulation|Strategy,Action|Adventure,partial,0.2500,1,1,2,Action|Strategy,partial,0.6667,2,0,1,Action|RPG,partial,0.2500,1,1,2
204880_1,Action|Simulation|Strategy,Action|Adventure|RPG,partial,0.2000,1,2,2,Action|Strategy,partial,0.6667,2,0,1,Action|RPG|Strategy,partial,0.5000,2,1,1
2052270_0,Action|Casual|RPG|Simulation,Action|Adventure|RPG|Simulation|Strategy,partial,0.5000,3,2,1,Action|Adventure|Casual|Simulation,partial,0.6000,3,1,1,Action|Casual|Strategy,partial,0.4000,2,1,2
2052270_1,Action|Casual|RPG|Simulation,Action|Adventure|Casual|Simulation,partial,0.6000,3,1,1,Action|Adventure|Casual|Simulation,partial,0.6000,3,1,1,Action|Casual|Simulation|Strategy,partial,0.6000,3,1,1
2054800_0,Casual|Simulation|Strategy,Casual|Simulation|Strategy,exact,1.0000,3,0,0,Casual|Simulation,partial,0.6667,2,0,1,Casual|Simulation,partial,0.6667,2,0,1
2054800_1,Casual|Simulation|Strategy,Casual|Simulation|Strategy,exact,1.0000,3,0,0,Casual|Simulation,partial,0.6667,2,0,1,Casual|Simulation|Strategy,exact,1.0000,3,0,0
2056160_0,Casual|RPG|Strategy,Action|Adventure|Casual|RPG,partial,0.4000,2,2,1,Adventure|Casual,partial,0.2500,1,1,2,Adventure|Casual,partial,0.2500,1,1,2
2056160_1,Casual|RPG|Strategy,Action|Adventure|Casual|Simulation,partial,0.1667,1,3,2,Adventure|Casual,partial,0.2500,1,1,2,Adventure|Casual,partial,0.2500,1,1,2
2057460_0,Adventure|RPG,Action|Adventure|Casual,partial,0.2500,1,2,1,Action|Adventure|RPG,partial,0.6667,2,1,0,Action|Adventure|Casual|RPG|Strategy,partial,0.4000,2,3,0
2057460_1,Adventure|RPG,Action|Adventure|Casual|RPG,partial,0.5000,2,2,0,Action|Adventure|RPG,partial,0.6667,2,1,0,Action|Adventure|RPG,partial,0.6667,2,1,0
2059170_0,RPG|Simulation|Strategy,Action|Adventure|Casual|RPG,partial,0.1667,1,3,2,Action|Adventure|RPG,partial,0.2000,1,2,2,Action|Strategy,partial,0.2500,1,1,2
2059170_1,RPG|Simulation|Strategy,Action|Strategy,partial,0.2500,1,1,2,Action|Adventure|RPG,partial,0.2000,1,2,2,Action|Strategy,partial,0.2500,1,1,2
2062110_0,Adventure|Casual|RPG,Action|Adventure|Casual,partial,0.5000,2,1,1,Action|Casual,partial,0.2500,1,1,2,Action|Casual,partial,0.2500,1,1,2
2062110_1,Adventure|Casual|RPG,Action|Adventure,partial,0.2500,1,1,2,Action|Casual,partial,0.2500,1,1,2,Action|Casual,partial,0.2500,1,1,2
2065750_0,Action|Adventure|Casual,Action|Adventure|RPG,partial,0.5000,2,1,1,Action|Adventure|Casual,exact,1.0000,3,0,0,Action|Adventure,partial,0.6667,2,0,1
2065750_1,Action|Adventure|Casual,Action|Adventure|Casual,exact,1.0000,3,0,0,Action|Adventure|Casual,exact,1.0000,3,0,0,Action|Casual,partial,0.6667,2,0,1
2067920_0,Action|Casual|RPG|Strategy,Action|Adventure,partial,0.2000,1,1,3,Action|Adventure,partial,0.2000,1,1,3,Action|Casual|RPG,partial,0.7500,3,0,1
2067920_1,Action|Casual|RPG|Strategy,Action|Adventure|RPG|Strategy,partial,0.6000,3,1,1,Action|Adventure,partial,0.2000,1,1,3,Action|RPG|Strategy,partial,0.7500,3,0,1
207040_0,Action,Action|Adventure|Casual|RPG,partial,0.2500,1,3,0,Action|Casual,partial,0.5000,1,1,0,Action|Casual,partial,0.5000,1,1,0
207040_1,Action,Action|Adventure|RPG,partial,0.3333,1,2,0,Action|Casual,partial,0.5000,1,1,0,Action|Casual|Racing|Sports,partial,0.2500,1,3,0
2073470_0,Racing|Simulation|Sports,Action|Casual|Racing|Simulation|Sports,partial,0.6000,3,2,0,Racing|Simulation|Sports,exact,1.0000,3,0,0,Racing|Simulation|Sports,exact,1.0000,3,0,0
2073470_1,Racing|Simulation|Sports,Action|Casual|Racing|Simulation|Sports,partial,0.6000,3,2,0,Racing|Simulation|Sports,exact,1.0000,3,0,0,Racing|Simulation|Sports,exact,1.0000,3,0,0
2074200_0,Casual,Adventure|Casual,partial,0.5000,1,1,0,Casual,exact,1.0000,1,0,0,Casual,exact,1.0000,1,0,0
2074200_1,Casual,Adventure|Casual|Simulation,partial,0.3333,1,2,0,Casual,exact,1.0000,1,0,0,Casual,exact,1.0000,1,0,0
2074480_0,Strategy,Adventure|Casual|Simulation|Strategy,partial,0.2500,1,3,0,Adventure|Casual|Simulation,wrong,0.0000,0,3,1,Casual|Simulation,wrong,0.0000,0,2,1
2074480_1,Strategy,Adventure|Casual|RPG|Simulation|Strategy,partial,0.2000,1,4,0,Adventure|Casual|Simulation,wrong,0.0000,0,3,1,Casual|Simulation|Strategy,partial,0.3333,1,2,0
2074780_0,Casual,Action|Adventure|Casual|Simulation,partial,0.2500,1,3,0,Adventure|Casual,partial,0.5000,1,1,0,Adventure|Casual,partial,0.5000,1,1,0
2074780_1,Casual,Action|Adventure|RPG|Simulation,wrong,0.0000,0,4,1,Adventure|Casual,partial,0.5000,1,1,0,Adventure|Casual,partial,0.5000,1,1,0
2080160_0,Action,Action|Adventure|Casual,partial,0.3333,1,2,0,Action|Adventure,partial,0.5000,1,1,0,Action|Adventure,partial,0.5000,1,1,0
2081470_0,Action|Adventure,Action|Adventure|Casual|Racing|Simulation|Sports,partial,0.3333,2,4,0,Action|Adventure,exact,1.0000,2,0,0,Action|Adventure,exact,1.0000,2,0,0
2081470_1,Action|Adventure,Action|Adventure|Simulation,partial,0.6667,2,1,0,Action|Adventure,exact,1.0000,2,0,0,Action|Adventure,exact,1.0000,2,0,0
2084000_0,RPG|Strategy,Action|Adventure|Casual|RPG|Strategy,partial,0.4000,2,3,0,Action|Casual|RPG|Strategy,partial,0.5000,2,2,0,Casual|RPG|Strategy,partial,0.6667,2,1,0
2084000_1,RPG|Strategy,Casual|Strategy,partial,0.3333,1,1,1,Action|Casual|RPG|Strategy,partial,0.5000,2,2,0,Casual|Strategy,partial,0.3333,1,1,1
2085230_0,Adventure|RPG|Strategy,Adventure|Casual|RPG|Simulation,partial,0.4000,2,2,1,Action|Adventure|RPG,partial,0.5000,2,1,1,Action|Adventure|Casual|RPG,partial,0.4000,2,2,1
2085230_1,Adventure|RPG|Strategy,Adventure|Casual|RPG|Simulation,partial,0.4000,2,2,1,Action|Adventure|RPG,partial,0.5000,2,1,1,Action|Adventure|RPG|Strategy,partial,0.7500,3,1,0
2090660_0,RPG|Simulation|Sports|Strategy,Action|Adventure|Casual,wrong,0.0000,0,3,4,Action|Casual|Sports,partial,0.1667,1,2,3,Casual|Simulation|Sports,partial,0.4000,2,1,2
2090660_1,RPG|Simulation|Sports|Strategy,Action|Adventure|Casual|Racing,wrong,0.0000,0,4,4,Action|Casual|Sports,partial,0.1667,1,2,3,Casual|Racing|Simulation|Sports,partial,0.3333,2,2,2
2090760_0,Action|Strategy,Action|Adventure|Casual|RPG|Strategy,partial,0.4000,2,3,0,Action|Casual,partial,0.3333,1,1,1,Action|Casual|Strategy,partial,0.6667,2,1,0
2090760_1,Action|Strategy,Action|RPG|Strategy,partial,0.6667,2,1,0,Action|Casual,partial,0.3333,1,1,1,Action|Casual|Strategy,partial,0.6667,2,1,0
2095430_0,Adventure|RPG,Action|Adventure,partial,0.3333,1,1,1,Adventure|Casual|RPG|Simulation|Strategy,partial,0.4000,2,3,0,Action|Adventure|Casual|RPG|Simulation,partial,0.4000,2,3,0
2095430_1,Adventure|RPG,Action|Adventure|Casual,partial,0.2500,1,2,1,Adventure|Casual|RPG|Simulation|Strategy,partial,0.4000,2,3,0,Adventure|Casual|RPG|Simulation,partial,0.5000,2,2,0
2103620_0,RPG|Simulation|Sports|Strategy,Adventure|RPG|Simulation|Strategy,partial,0.6000,3,1,1,Action|RPG|Strategy,partial,0.4000,2,1,2,RPG|Strategy,partial,0.5000,2,0,2
2103620_1,RPG|Simulation|Sports|Strategy,RPG|Simulation|Strategy,partial,0.7500,3,0,1,Action|RPG|Strategy,partial,0.4000,2,1,2,RPG|Strategy,partial,0.5000,2,0,2
2116710_0,Simulation|Sports,Action|Adventure|Casual|Racing|Simulation|Sports,partial,0.3333,2,4,0,Simulation|Sports,exact,1.0000,2,0,0,Racing|Simulation|Sports,partial,0.6667,2,1,0
2116710_1,Simulation|Sports,Action|Adventure|Casual|RPG|Simulation,partial,0.1667,1,4,1,Simulation|Sports,exact,1.0000,2,0,0,Racing|Simulation|Sports,partial,0.6667,2,1,0
2120930_0,Adventure|Casual,Action|Adventure|Casual|RPG|Strategy,partial,0.4000,2,3,0,Adventure,partial,0.5000,1,0,1,Adventure|RPG,partial,0.3333,1,1,1
2120930_1,Adventure|Casual,Action|Adventure|Casual,partial,0.6667,2,1,0,Adventure,partial,0.5000,1,0,1,Action|Adventure,partial,0.3333,1,1,1
2122190_0,Casual|Simulation|Strategy,Action|Casual|Simulation|Strategy,partial,0.7500,3,1,0,Adventure|Simulation,partial,0.2500,1,1,2,Casual|Simulation|Strategy,exact,1.0000,3,0,0
2122190_1,Casual|Simulation|Strategy,Action|Adventure|Casual|RPG|Simulation|Strategy,partial,0.5000,3,3,0,Adventure|Simulation,partial,0.2500,1,1,2,Casual|Simulation|Strategy,exact,1.0000,3,0,0
2125430_0,Action|Racing,Action|Casual|Racing|Simulation|Sports,partial,0.4000,2,3,0,Racing,partial,0.5000,1,0,1,Casual|Racing|Simulation|Sports,partial,0.2000,1,3,1
2125430_1,Action|Racing,Action|Adventure|Casual|Simulation,partial,0.2000,1,3,1,Racing,partial,0.5000,1,0,1,Casual|Racing|Simulation|Sports,partial,0.2000,1,3,1
2126270_0,Casual,Casual|Strategy,partial,0.5000,1,1,0,Casual,exact,1.0000,1,0,0,Casual|Strategy,partial,0.5000,1,1,0
2126270_1,Casual,Adventure|Casual|Simulation|Strategy,partial,0.2500,1,3,0,Casual,exact,1.0000,1,0,0,Casual,exact,1.0000,1,0,0
2126580_0,Action|Simulation,Action|Casual|Racing|Simulation|Sports,partial,0.4000,2,3,0,Action|Casual,partial,0.3333,1,1,1,Action|Casual|Racing|Simulation|Sports,partial,0.4000,2,3,0
2126580_1,Action|Simulation,Action|Adventure,partial,0.3333,1,1,1,Action|Casual,partial,0.3333,1,1,1,Action|Casual,partial,0.3333,1,1,1
2126620_0,Adventure,Action|Adventure|Casual,partial,0.3333,1,2,0,Action|Adventure|Casual,partial,0.3333,1,2,0,Action|Adventure|Casual,partial,0.3333,1,2,0
2126620_1,Adventure,Action|Adventure|Casual|RPG,partial,0.2500,1,3,0,Action|Adventure|Casual,partial,0.3333,1,2,0,Action|Adventure|Casual,partial,0.3333,1,2,0
2127310_0,Action,Action|Adventure|Casual,partial,0.3333,1,2,0,Action|Adventure,partial,0.5000,1,1,0,Action|Adventure|Casual|Strategy,partial,0.2500,1,3,0
2127310_1,Action,Action|Adventure|Casual|Simulation,partial,0.2500,1,3,0,Action|Adventure,partial,0.5000,1,1,0,Action|Adventure|Casual|Strategy,partial,0.2500,1,3,0
2128040_0,Casual,Action|Adventure|Casual,partial,0.3333,1,2,0,Action|Adventure|Casual,partial,0.3333,1,2,0,Action|Adventure|Casual|Simulation,partial,0.2500,1,3,0
2128040_1,Casual,Action|Adventure|Casual,partial,0.3333,1,2,0,Action|Adventure|Casual,partial,0.3333,1,2,0,Action|Adventure|Casual|Simulation,partial,0.2500,1,3,0
2129830_0,Action|Adventure,Action|Adventure|Casual|Simulation,partial,0.5000,2,2,0,Action|Adventure,exact,1.0000,2,0,0,Action|Adventure,exact,1.0000,2,0,0
2129830_1,Action|Adventure,Action|Adventure|RPG,partial,0.6667,2,1,0,Action|Adventure,exact,1.0000,2,0,0,Action|Adventure,exact,1.0000,2,0,0
2131080_0,Adventure|Casual,Action|Casual|Strategy,partial,0.2500,1,2,1,Action|Adventure|Casual,partial,0.6667,2,1,0,Action|Casual,partial,0.3333,1,1,1
2131080_1,Adventure|Casual,Action|Adventure|Casual,partial,0.6667,2,1,0,Action|Adventure|Casual,partial,0.6667,2,1,0,Action|Adventure|Casual,partial,0.6667,2,1,0
2131430_0,Action|RPG|Simulation,Action|Adventure|Casual,partial,0.2000,1,2,2,Action|Adventure|RPG,partial,0.5000,2,1,1,Action|Adventure,partial,0.2500,1,1,2
2131430_1,Action|RPG|Simulation,Action|Adventure|Casual|Strategy,partial,0.1667,1,3,2,Action|Adventure|RPG,partial,0.5000,2,1,1,Action|Casual,partial,0.2500,1,1,2
2133050_0,Casual|Simulation,Casual|Simulation,exact,1.0000,2,0,0,Action|Adventure|Simulation,partial,0.2500,1,2,1,Casual|Simulation|Strategy,partial,0.6667,2,1,0
2133050_1,Casual|Simulation,Action|Adventure|Casual,partial,0.2500,1,2,1,Action|Adventure|Simulation,partial,0.2500,1,2,1,Action|Adventure|Casual|Simulation|Strategy,partial,0.4000,2,3,0
2133330_0,Action,Action|Adventure|Casual,partial,0.3333,1,2,0,Action|Casual,partial,0.5000,1,1,0,Action|Casual,partial,0.5000,1,1,0
2133330_1,Action,Action|Adventure|Casual|Simulation,partial,0.2500,1,3,0,Action|Casual,partial,0.5000,1,1,0,Action|Casual,partial,0.5000,1,1,0
2142450_0,Action|Adventure|RPG,Action|Adventure,partial,0.6667,2,0,1,Action|Adventure,partial,0.6667,2,0,1,Action|Adventure,partial,0.6667,2,0,1
2142450_1,Action|Adventure|RPG,Action|Adventure,partial,0.6667,2,0,1,Action|Adventure,partial,0.6667,2,0,1,Action|Adventure,partial,0.6667,2,0,1
2146610_0,Action|Adventure,Action|Adventure,exact,1.0000,2,0,0,Action|Casual,partial,0.3333,1,1,1,Action,partial,0.5000,1,0,1
2146610_1,Action|Adventure,Action|Adventure|RPG,partial,0.6667,2,1,0,Action|Casual,partial,0.3333,1,1,1,Action,partial,0.5000,1,0,1
2147260_0,Casual|Racing|Simulation|Sports,Action|Adventure|Casual|Racing|Simulation,partial,0.5000,3,2,1,Action|Casual|Racing|Sports,partial,0.6000,3,1,1,Action|Casual|Racing|Sports,partial,0.6000,3,1,1
2147260_1,Casual|Racing|Simulation|Sports,Adventure|Casual|Racing|Simulation,partial,0.6000,3,1,1,Action|Casual|Racing|Sports,partial,0.6000,3,1,1,Casual|Racing|Sports,partial,0.7500,3,0,1
2148390_0,Action|Casual|Racing|Simulation,Casual|Racing|Simulation|Sports,partial,0.6000,3,1,1,Adventure|Simulation,partial,0.2000,1,1,3,Racing|Simulation,partial,0.5000,2,0,2
2148390_1,Action|Casual|Racing|Simulation,Action|Casual|Racing|Simulation|Sports,partial,0.8000,4,1,0,Adventure|Simulation,partial,0.2000,1,1,3,Racing|Simulation|Sports,partial,0.4000,2,1,2
2152990_0,Action|Strategy,Action|Adventure|Casual|RPG|Simulation|Strategy,partial,0.3333,2,4,0,Action|Casual,partial,0.3333,1,1,1,Action|Casual,partial,0.3333,1,1,1
2152990_1,Action|Strategy,Action|Adventure|Casual|RPG|Strategy,partial,0.4000,2,3,0,Action|Casual,partial,0.3333,1,1,1,Action|Casual,partial,0.3333,1,1,1
2153460_0,Adventure|Casual|RPG|Simulation|Strategy,Action|Adventure|Casual|RPG|Strategy,partial,0.6667,4,1,1,Adventure|Casual,partial,0.4000,2,0,3,Adventure|Casual|RPG,partial,0.6000,3,0,2
2153460_1,Adventure|Casual|RPG|Simulation|Strategy,Action|Adventure|Casual|Simulation,partial,0.5000,3,1,2,Adventure|Casual,partial,0.4000,2,0,3,Action|Adventure|Casual|RPG,partial,0.5000,3,1,2
2154270_0,RPG|Simulation|Strategy,Action|Adventure|Casual|RPG|Simulation|Strategy,partial,0.5000,3,3,0,Adventure|Simulation,partial,0.2500,1,1,2,Casual|RPG|Simulation,partial,0.5000,2,1,1
2154270_1,RPG|Simulation|Strategy,Action|Adventure|Casual|Simulation|Strategy,partial,0.3333,2,3,1,Adventure|Simulation,partial,0.2500,1,1,2,Casual|Simulation|Strategy,partial,0.5000,2,1,1
2155350_0,Action|Adventure|Simulation|Sports,Action|Adventure|Simulation,partial,0.7500,3,0,1,Action|Adventure|Casual,partial,0.4000,2,1,2,Action|Adventure|Casual,partial,0.4000,2,1,2
2155350_1,Action|Adventure|Simulation|Sports,Action|Adventure|Casual,partial,0.4000,2,1,2,Action|Adventure|Casual,partial,0.4000,2,1,2,Action|Adventure|Casual,partial,0.4000,2,1,2
2160360_0,Action|Racing,Action|Adventure|Casual|Racing|Simulation,partial,0.4000,2,3,0,Action|Racing,exact,1.0000,2,0,0,Action|Racing,exact,1.0000,2,0,0
2160360_1,Action|Racing,Action|Casual|Racing|Simulation,partial,0.5000,2,2,0,Action|Racing,exact,1.0000,2,0,0,Action|Casual|Racing|Sports,partial,0.5000,2,2,0
2162070_0,Action|Strategy,Action|Casual,partial,0.3333,1,1,1,Action|Casual,partial,0.3333,1,1,1,Action|Casual,partial,0.3333,1,1,1
2162070_1,Action|Strategy,Action|Adventure|Casual|RPG|Strategy,partial,0.4000,2,3,0,Action|Casual,partial,0.3333,1,1,1,Action|Casual|Strategy,partial,0.6667,2,1,0
216260_0,Simulation|Sports,Action|Adventure|Casual|RPG|Simulation|Sports,partial,0.3333,2,4,0,Casual|Simulation|Sports,partial,0.6667,2,1,0,Casual|Simulation|Sports,partial,0.6667,2,1,0
216260_1,Simulation|Sports,Simulation|Sports,exact,1.0000,2,0,0,Casual|Simulation|Sports,partial,0.6667,2,1,0,Casual|Simulation|Sports,partial,0.6667,2,1,0
2167840_0,Action|Adventure,Action|Adventure|Casual|RPG,partial,0.5000,2,2,0,Action|Adventure|RPG,partial,0.6667,2,1,0,Action|Adventure|Casual|RPG,partial,0.5000,2,2,0
2167840_1,Action|Adventure,Action|Adventure|Casual,partial,0.6667,2,1,0,Action|Adventure|RPG,partial,0.6667,2,1,0,Action|Adventure|Casual|RPG,partial,0.5000,2,2,0
2167870_0,Strategy,Action|Adventure|Casual|Simulation|Strategy,partial,0.2000,1,4,0,Adventure|Casual|RPG|Strategy,partial,0.2500,1,3,0,Action|Casual|RPG|Strategy,partial,0.2500,1,3,0
2167870_1,Strategy,Action|Adventure|Casual|Simulation|Strategy,partial,0.2000,1,4,0,Adventure|Casual|RPG|Strategy,partial,0.2500,1,3,0,Action|Casual|RPG|Strategy,partial,0.2500,1,3,0
2173730_0,Casual,Adventure|Casual|RPG|Simulation,partial,0.2500,1,3,0,Adventure|Casual,partial,0.5000,1,1,0,Adventure|Casual,partial,0.5000,1,1,0
2173730_1,Casual,Adventure|Casual|RPG,partial,0.3333,1,2,0,Adventure|Casual,partial,0.5000,1,1,0,Adventure|Casual,partial,0.5000,1,1,0
2177260_0,Adventure,Adventure|Casual|Simulation|Strategy,partial,0.2500,1,3,0,Adventure|Casual|RPG|Simulation,partial,0.2500,1,3,0,Adventure|Casual|RPG|Simulation,partial,0.2500,1,3,0
2177260_1,Adventure,Adventure|Casual|RPG|Simulation|Strategy,partial,0.2000,1,4,0,Adventure|Casual|RPG|Simulation,partial,0.2500,1,3,0,Adventure|Casual|RPG|Simulation,partial,0.2500,1,3,0
2178550_0,Adventure|Casual,Adventure|Casual|Simulation,partial,0.6667,2,1,0,Casual|Simulation,partial,0.3333,1,1,1,Casual|Simulation,partial,0.3333,1,1,1
2178550_1,Adventure|Casual,Action|Adventure|Casual|Simulation,partial,0.5000,2,2,0,Casual|Simulation,partial,0.3333,1,1,1,Casual|Simulation,partial,0.3333,1,1,1
2179170_0,Adventure|Casual,Adventure|Casual,exact,1.0000,2,0,0,Adventure|Casual,exact,1.0000,2,0,0,Adventure|Casual,exact,1.0000,2,0,0
2179170_1,Adventure|Casual,Adventure|Casual|Simulation,partial,0.6667,2,1,0,Adventure|Casual,exact,1.0000,2,0,0,Adventure|Casual,exact,1.0000,2,0,0
2191680_0,RPG,Adventure|Casual,wrong,0.0000,0,2,1,Adventure|RPG,partial,0.5000,1,1,0,Adventure|RPG,partial,0.5000,1,1,0
2191680_1,RPG,Action|Adventure|Casual|Simulation,wrong,0.0000,0,4,1,Adventure|RPG,partial,0.5000,1,1,0,Adventure|RPG,partial,0.5000,1,1,0
2193110_0,Action|Adventure|Simulation|Strategy,Action|Adventure|Casual,partial,0.4000,2,1,2,Action|Casual|Strategy,partial,0.4000,2,1,2,Casual|Strategy,partial,0.2000,1,1,3
2193110_1,Action|Adventure|Simulation|Strategy,Adventure|Casual|Simulation,partial,0.4000,2,1,2,Action|Casual|Strategy,partial,0.4000,2,1,2,Casual|Strategy,partial,0.2000,1,1,3
2193370_0,Action|Adventure|Casual|Racing|Simulation,Action|Adventure|Casual,partial,0.6000,3,0,2,Casual|Simulation|Strategy,partial,0.3333,2,1,3,Casual|Simulation,partial,0.4000,2,0,3
2193370_1,Action|Adventure|Casual|Racing|Simulation,Action|Adventure|Casual|Simulation,partial,0.8000,4,0,1,Casual|Simulation|Strategy,partial,0.3333,2,1,3,Casual|Simulation|Strategy,partial,0.3333,2,1,3
2194880_0,Action|Adventure|RPG|Strategy,Action|Adventure|Casual,partial,0.4000,2,1,2,Action|Adventure|Casual,partial,0.4000,2,1,2,Action|Adventure|Casual,partial,0.4000,2,1,2
2194880_1,Action|Adventure|RPG|Strategy,Action|Adventure|Casual|Strategy,partial,0.6000,3,1,1,Action|Adventure|Casual,partial,0.4000,2,1,2,Action|Adventure|Casual,partial,0.4000,2,1,2
2195530_0,Strategy,Action|Casual|Strategy,partial,0.3333,1,2,0,Simulation|Strategy,partial,0.5000,1,1,0,Strategy,exact,1.0000,1,0,0
2195530_1,Strategy,Adventure|Casual|RPG|Strategy,partial,0.2500,1,3,0,Simulation|Strategy,partial,0.5000,1,1,0,Strategy,exact,1.0000,1,0,0
2198790_0,Adventure|Casual,Action|Adventure|Casual,partial,0.6667,2,1,0,Adventure|Casual,exact,1.0000,2,0,0,Adventure|Casual,exact,1.0000,2,0,0
2198790_1,Adventure|Casual,Adventure|Casual,exact,1.0000,2,0,0,Adventure|Casual,exact,1.0000,2,0,0,Adventure|Casual,exact,1.0000,2,0,0
220260_0,Casual|Simulation,Action|Adventure|Simulation,partial,0.2500,1,2,1,Casual|Simulation,exact,1.0000,2,0,0,Casual|Simulation,exact,1.0000,2,0,0
220260_1,Casual|Simulation,Action|Adventure|Casual|RPG|Simulation,partial,0.4000,2,3,0,Casual|Simulation,exact,1.0000,2,0,0,Casual|Simulation,exact,1.0000,2,0,0
2203500_0,Adventure|Racing|Simulation,Action|Casual|Racing|Simulation|Sports,partial,0.3333,2,3,1,Action|Adventure|Casual,partial,0.2000,1,2,2,Action|Adventure|Casual|Racing|Simulation,partial,0.6000,3,2,0
2203500_1,Adventure|Racing|Simulation,Action|Racing|Simulation|Sports,partial,0.4000,2,2,1,Action|Adventure|Casual,partial,0.2000,1,2,2,Action|Adventure|Casual|Racing|Simulation,partial,0.6000,3,2,0
2207460_0,Casual|Strategy,Casual|Simulation,partial,0.3333,1,1,1,Action|Adventure|Casual,partial,0.2500,1,2,1,Casual,partial,0.5000,1,0,1
2207460_1,Casual|Strategy,Casual,partial,0.5000,1,0,1,Action|Adventure|Casual,partial,0.2500,1,2,1,Casual,partial,0.5000,1,0,1
221020_0,RPG|Simulation|Strategy,Action|Adventure|Casual|Simulation|Strategy,partial,0.3333,2,3,1,Adventure|RPG|Strategy,partial,0.5000,2,1,1,Simulation|Strategy,partial,0.6667,2,0,1
221020_1,RPG|Simulation|Strategy,Casual|Simulation|Strategy,partial,0.5000,2,1,1,Adventure|RPG|Strategy,partial,0.5000,2,1,1,Casual|Simulation|Strategy,partial,0.5000,2,1,1
2212330_0,Action|Simulation|Strategy,Action|Casual|Simulation|Strategy,partial,0.7500,3,1,0,Action|Sports,partial,0.2500,1,1,2,Action|Casual|Sports,partial,0.2000,1,2,2
2212330_1,Action|Simulation|Strategy,Action|Casual|Simulation|Strategy,partial,0.7500,3,1,0,Action|Sports,partial,0.2500,1,1,2,Action|Casual|Sports,partial,0.2000,1,2,2
2213640_0,Adventure|Strategy,Action|Adventure,partial,0.3333,1,1,1,Adventure|Casual,partial,0.3333,1,1,1,Action|Adventure|Casual,partial,0.2500,1,2,1
2213640_1,Adventure|Strategy,Action|Adventure|Simulation,partial,0.2500,1,2,1,Adventure|Casual,partial,0.3333,1,1,1,Action|Adventure|Casual,partial,0.2500,1,2,1
2219580_0,Casual|Simulation|Strategy,Action|Adventure,wrong,0.0000,0,2,3,Action|Adventure|Simulation|Strategy,partial,0.4000,2,2,1,Action|Simulation|Strategy,partial,0.5000,2,1,1
2219580_1,Casual|Simulation|Strategy,Action|Adventure|Casual|Strategy,partial,0.4000,2,2,1,Action|Adventure|Simulation|Strategy,partial,0.4000,2,2,1,Casual|Simulation|Strategy,exact,1.0000,3,0,0
2226840_1,Casual|RPG,Action|Adventure|Casual,partial,0.2500,1,2,1,Adventure|Casual|Simulation,partial,0.2500,1,2,1,Adventure|Casual|Simulation,partial,0.2500,1,2,1
2234100_0,Action|Adventure|Casual,Action|Adventure|Casual,exact,1.0000,3,0,0,Action|Adventure|Casual|Racing,partial,0.7500,3,1,0,Action|Adventure|Casual|Racing,partial,0.7500,3,1,0
2234100_1,Action|Adventure|Casual,Action|Adventure,partial,0.6667,2,0,1,Action|Adventure|Casual|Racing,partial,0.7500,3,1,0,Action|Adventure|Casual|Racing,partial,0.7500,3,1,0
2240620_0,Adventure,Action|Adventure|Casual|Simulation,partial,0.2500,1,3,0,Action|Adventure|Casual,partial,0.3333,1,2,0,Action|Casual,wrong,0.0000,0,2,1
2240620_1,Adventure,Action|Adventure|Casual|Simulation|Strategy,partial,0.2000,1,4,0,Action|Adventure|Casual,partial,0.3333,1,2,0,Action|Adventure|Casual|Simulation,partial,0.2500,1,3,0
2244540_0,Casual|Simulation,Action|Casual|Racing|Simulation|Sports,partial,0.4000,2,3,0,Casual|Simulation,exact,1.0000,2,0,0,Casual|Simulation,exact,1.0000,2,0,0
2244540_1,Casual|Simulation,Action|Adventure|Casual|Simulation,partial,0.5000,2,2,0,Casual|Simulation,exact,1.0000,2,0,0,Casual|Simulation,exact,1.0000,2,0,0
2246340_0,Action|Adventure|RPG,Action|Adventure|Casual|RPG|Strategy,partial,0.6000,3,2,0,Adventure|Casual|Simulation,partial,0.2000,1,2,2,Action|Adventure|Casual|Simulation,partial,0.4000,2,2,1
2246340_1,Action|Adventure|RPG,Action|Adventure|RPG,exact,1.0000,3,0,0,Adventure|Casual|Simulation,partial,0.2000,1,2,2,Action|Adventure|Casual|Simulation,partial,0.4000,2,2,1
2246700_0,Casual,Action|Adventure|Casual,partial,0.3333,1,2,0,Casual|Simulation,partial,0.5000,1,1,0,Casual|Simulation,partial,0.5000,1,1,0
2246700_1,Casual,Casual,exact,1.0000,1,0,0,Casual|Simulation,partial,0.5000,1,1,0,Casual|Simulation,partial,0.5000,1,1,0
2246880_0,Action|Casual,Action|Adventure|Casual|Simulation,partial,0.5000,2,2,0,Action|Casual,exact,1.0000,2,0,0,Action|Casual,exact,1.0000,2,0,0
2246880_1,Action|Casual,Action|Adventure,partial,0.3333,1,1,1,Action|Casual,exact,1.0000,2,0,0,Action|Casual,exact,1.0000,2,0,0
2247050_0,Casual,Action|Adventure|Casual,partial,0.3333,1,2,0,Adventure|Casual,partial,0.5000,1,1,0,Adventure|Casual,partial,0.5000,1,1,0
2247050_1,Casual,Adventure|Casual,partial,0.5000,1,1,0,Adventure|Casual,partial,0.5000,1,1,0,Adventure|Casual,partial,0.5000,1,1,0
2247760_0,Casual|Simulation|Strategy,Action|Adventure|Casual|Simulation|Strategy,partial,0.6000,3,2,0,Casual|Simulation,partial,0.6667,2,0,1,Action|Casual|Simulation|Strategy,partial,0.7500,3,1,0
2247760_1,Casual|Simulation|Strategy,Action|Casual|Simulation,partial,0.5000,2,1,1,Casual|Simulation,partial,0.6667,2,0,1,Casual|Simulation|Strategy,exact,1.0000,3,0,0
2248880_0,Action|Adventure,Action|Adventure|Simulation,partial,0.6667,2,1,0,Action|Adventure,exact,1.0000,2,0,0,Action|Adventure,exact,1.0000,2,0,0
2248880_1,Action|Adventure,Action|Adventure,exact,1.0000,2,0,0,Action|Adventure,exact,1.0000,2,0,0,Action|Adventure,exact,1.0000,2,0,0
2251540_0,Adventure|Casual|Simulation,Action|Adventure|Casual|RPG|Simulation,partial,0.6000,3,2,0,Action|Adventure|Casual,partial,0.5000,2,1,1,Action|Adventure|Casual|Simulation,partial,0.7500,3,1,0
2251540_1,Adventure|Casual|Simulation,Action|Adventure|Casual|RPG|Simulation,partial,0.6000,3,2,0,Action|Adventure|Casual,partial,0.5000,2,1,1,Action|Adventure|Casual|Simulation,partial,0.7500,3,1,0
2251680_0,RPG,Action|Adventure,wrong,0.0000,0,2,1,Action|Adventure|Casual,wrong,0.0000,0,3,1,Action|Adventure|Casual|Strategy,wrong,0.0000,0,4,1
2251680_1,RPG,Action|Adventure|Simulation,wrong,0.0000,0,3,1,Action|Adventure|Casual,wrong,0.0000,0,3,1,Action|Adventure|Casual,wrong,0.0000,0,3,1
2261930_0,Action|Adventure|Simulation,Action|Adventure,partial,0.6667,2,0,1,Action|Adventure,partial,0.6667,2,0,1,Action|Adventure,partial,0.6667,2,0,1
2261930_1,Action|Adventure|Simulation,Action|Adventure|Casual,partial,0.5000,2,1,1,Action|Adventure,partial,0.6667,2,0,1,Action|Adventure,partial,0.6667,2,0,1
2280350_0,Action|Racing|Simulation,Action|Casual|Racing|Simulation,partial,0.7500,3,1,0,Action|Adventure,partial,0.2500,1,1,2,Action,partial,0.3333,1,0,2
2280350_1,Action|Racing|Simulation,Action|Casual|Simulation|Strategy,partial,0.4000,2,2,1,Action|Adventure,partial,0.2500,1,1,2,Action|Casual,partial,0.2500,1,1,2
2282910_0,Action|Casual,Action|Adventure,partial,0.3333,1,1,1,Action|Adventure|Casual,partial,0.6667,2,1,0,Action|Adventure|Strategy,partial,0.2500,1,2,1
2282910_1,Action|Casual,Action|Adventure|Casual|Simulation,partial,0.5000,2,2,0,Action|Adventure|Casual,partial,0.6667,2,1,0,Action|Adventure|Casual|Strategy,partial,0.5000,2,2,0
2289400_0,Adventure|Casual|Simulation,Action|Adventure|Casual|Simulation|Sports,partial,0.6000,3,2,0,Adventure|Casual,partial,0.6667,2,0,1,Action|Adventure|Casual|Simulation,partial,0.7500,3,1,0
2289400_1,Adventure|Casual|Simulation,Action|Adventure|Casual|RPG|Simulation,partial,0.6000,3,2,0,Adventure|Casual,partial,0.6667,2,0,1,Action|Adventure|Casual,partial,0.5000,2,1,1
2298570_0,RPG|Strategy,Adventure|Casual|Simulation,wrong,0.0000,0,3,2,Action|RPG|Strategy,partial,0.6667,2,1,0,RPG|Strategy,exact,1.0000,2,0,0
2298570_1,RPG|Strategy,Adventure|RPG|Strategy,partial,0.6667,2,1,0,Action|RPG|Strategy,partial,0.6667,2,1,0,RPG|Strategy,exact,1.0000,2,0,0
2302050_0,RPG,Action|Adventure|Casual|RPG|Strategy,partial,0.2000,1,4,0,Adventure|RPG,partial,0.5000,1,1,0,Adventure|Casual|RPG,partial,0.3333,1,2,0
2302050_1,RPG,Action|Adventure|RPG,partial,0.3333,1,2,0,Adventure|RPG,partial,0.5000,1,1,0,Action|Adventure|RPG,partial,0.3333,1,2,0
2303770_0,Casual,Action|Casual|Strategy,partial,0.3333,1,2,0,Action|Casual|Racing,partial,0.3333,1,2,0,Action|Casual|Racing,partial,0.3333,1,2,0
2303770_1,Casual,Action|Adventure|Casual,partial,0.3333,1,2,0,Action|Casual|Racing,partial,0.3333,1,2,0,Action|Casual|Racing,partial,0.3333,1,2,0
2304730_0,Action|Adventure,Action|Adventure|Simulation,partial,0.6667,2,1,0,Action|Adventure,exact,1.0000,2,0,0,Action|Adventure,exact,1.0000,2,0,0
2304730_1,Action|Adventure,Action|Adventure|Casual,partial,0.6667,2,1,0,Action|Adventure,exact,1.0000,2,0,0,Action|Adventure,exact,1.0000,2,0,0
2306850_0,Simulation,Action|Adventure|Casual|Simulation,partial,0.2500,1,3,0,Action|Casual|Simulation,partial,0.3333,1,2,0,Action|Casual|Simulation,partial,0.3333,1,2,0
2306850_1,Simulation,Action|Adventure|Casual|Simulation,partial,0.2500,1,3,0,Action|Casual|Simulation,partial,0.3333,1,2,0,Casual|Simulation,partial,0.5000,1,1,0
2308340_0,Action|Adventure|RPG|Simulation,Action|Adventure|Casual|Simulation|Strategy,partial,0.5000,3,2,1,Action|Adventure|Casual,partial,0.4000,2,1,2,Action|Adventure|Casual,partial,0.4000,2,1,2
2308340_1,Action|Adventure|RPG|Simulation,Action|Adventure,partial,0.5000,2,0,2,Action|Adventure|Casual,partial,0.4000,2,1,2,Action|Adventure|Casual,partial,0.4000,2,1,2
2324180_0,Casual|Strategy,Adventure|Casual|Simulation,partial,0.2500,1,2,1,Simulation|Strategy,partial,0.3333,1,1,1,Casual|Simulation|Strategy,partial,0.6667,2,1,0
2324180_1,Casual|Strategy,Action|Adventure|Casual|Strategy,partial,0.5000,2,2,0,Simulation|Strategy,partial,0.3333,1,1,1,Casual|Simulation|Strategy,partial,0.6667,2,1,0
2326100_0,Adventure,Action|Adventure,partial,0.5000,1,1,0,Adventure,exact,1.0000,1,0,0,Action|Adventure,partial,0.5000,1,1,0
2326100_1,Adventure,Action|Adventure,partial,0.5000,1,1,0,Adventure,exact,1.0000,1,0,0,Adventure,exact,1.0000,1,0,0
2329380_0,Adventure|Simulation,Adventure|Casual|RPG,partial,0.2500,1,2,1,Action|Casual,wrong,0.0000,0,2,2,Casual|RPG,wrong,0.0000,0,2,2
2329380_1,Adventure|Simulation,Adventure|Casual,partial,0.3333,1,1,1,Action|Casual,wrong,0.0000,0,2,2,Casual|RPG,wrong,0.0000,0,2,2
2329480_0,Casual|Simulation,Action|Adventure|Casual,partial,0.2500,1,2,1,Casual|Simulation,exact,1.0000,2,0,0,Casual|Simulation,exact,1.0000,2,0,0
2329480_1,Casual|Simulation,Action|Adventure|Casual,partial,0.2500,1,2,1,Casual|Simulation,exact,1.0000,2,0,0,Casual|Simulation,exact,1.0000,2,0,0
2329490_0,Action|RPG,Action|Casual,partial,0.3333,1,1,1,Action|Adventure,partial,0.3333,1,1,1,Action|Casual,partial,0.3333,1,1,1
2329490_1,Action|RPG,Action|Casual,partial,0.3333,1,1,1,Action|Adventure,partial,0.3333,1,1,1,Action|Casual,partial,0.3333,1,1,1
2329950_0,Action,Action|Adventure|Casual,partial,0.3333,1,2,0,Action|Adventure,partial,0.5000,1,1,0,Action|Adventure|Casual,partial,0.3333,1,2,0
2329950_1,Action,Action|Adventure|Casual|Racing|Simulation,partial,0.2000,1,4,0,Action|Adventure,partial,0.5000,1,1,0,Action|Adventure|Casual,partial,0.3333,1,2,0
2330380_0,Action|Casual|Sports,Action|Adventure|Casual|RPG|Simulation|Strategy,partial,0.2857,2,4,1,Action|Casual|Sports,exact,1.0000,3,0,0,Action|Casual|Simulation|Sports,partial,0.7500,3,1,0
2330380_1,Action|Casual|Sports,Action|Adventure|RPG|Strategy,partial,0.1667,1,3,2,Action|Casual|Sports,exact,1.0000,3,0,0,Action|Casual,partial,0.6667,2,0,1
2330720_0,Casual|Simulation,Action|Adventure|Casual,partial,0.2500,1,2,1,Casual|Strategy,partial,0.3333,1,1,1,Casual|Strategy,partial,0.3333,1,1,1
2330720_1,Casual|Simulation,Action|Casual,partial,0.3333,1,1,1,Casual|Strategy,partial,0.3333,1,1,1,Casual|Strategy,partial,0.3333,1,1,1
2331000_0,Action|Adventure|RPG,Action|Adventure,partial,0.6667,2,0,1,Action|Adventure,partial,0.6667,2,0,1,Action|Adventure,partial,0.6667,2,0,1
2331000_1,Action|Adventure|RPG,Action|Adventure|Casual,partial,0.5000,2,1,1,Action|Adventure,partial,0.6667,2,0,1,Action|Adventure,partial,0.6667,2,0,1
233130_0,Action|Adventure,Action|Adventure|RPG,partial,0.6667,2,1,0,Action|Adventure,exact,1.0000,2,0,0,Action,partial,0.5000,1,0,1
233130_1,Action|Adventure,Action|Adventure|RPG,partial,0.6667,2,1,0,Action|Adventure,exact,1.0000,2,0,0,Action,partial,0.5000,1,0,1
2332540_0,Action|Adventure|RPG,Action|Adventure|Casual|RPG|Strategy,partial,0.6000,3,2,0,Action|Adventure|RPG,exact,1.0000,3,0,0,Action|Adventure|Casual|RPG,partial,0.7500,3,1,0
2332540_1,Action|Adventure|RPG,Action|Adventure|Casual|RPG|Strategy,partial,0.6000,3,2,0,Action|Adventure|RPG,exact,1.0000,3,0,0,Action|Adventure|Casual|RPG,partial,0.7500,3,1,0
2333590_0,Adventure|Casual,Action|Adventure|Casual,partial,0.6667,2,1,0,Adventure|Casual,exact,1.0000,2,0,0,Action|Adventure|Casual,partial,0.6667,2,1,0
2333590_1,Adventure|Casual,Action|Adventure|Casual|RPG,partial,0.5000,2,2,0,Adventure|Casual,exact,1.0000,2,0,0,Action|Adventure|Casual,partial,0.6667,2,1,0
233410_0,Action,Action|Adventure|Casual,partial,0.3333,1,2,0,Adventure|RPG,wrong,0.0000,0,2,1,Action|Adventure,partial,0.5000,1,1,0
233410_1,Action,Adventure|Casual|RPG,wrong,0.0000,0,3,1,Adventure|RPG,wrong,0.0000,0,2,1,Adventure|RPG,wrong,0.0000,0,2,1
233740_0,Strategy,Casual|Simulation|Strategy,partial,0.3333,1,2,0,Action|Adventure,wrong,0.0000,0,2,1,Action|Adventure|Casual,wrong,0.0000,0,3,1
233740_1,Strategy,Action|Adventure|Casual,wrong,0.0000,0,3,1,Action|Adventure,wrong,0.0000,0,2,1,Action|Adventure|Casual,wrong,0.0000,0,3,1
2343000_0,Action|Adventure|Strategy,Action|Adventure|Casual,partial,0.5000,2,1,1,Action,partial,0.3333,1,0,2,Action,partial,0.3333,1,0,2
2343000_1,Action|Adventure|Strategy,Adventure|Casual|RPG|Simulation|Strategy,partial,0.3333,2,3,1,Action,partial,0.3333,1,0,2,Action|Casual,partial,0.2500,1,1,2
2344580_0,Casual,Action|Adventure|Casual,partial,0.3333,1,2,0,Action|Adventure|Casual|Racing|Simulation,partial,0.2000,1,4,0,Action|Casual,partial,0.5000,1,1,0
2344580_1,Casual,Action|Adventure|Casual,partial,0.3333,1,2,0,Action|Adventure|Casual|Racing|Simulation,partial,0.2000,1,4,0,Action|Casual,partial,0.5000,1,1,0
2344590_1,Action|Adventure|Casual|Strategy,Action|Adventure|Casual,partial,0.7500,3,0,1,Action|Adventure,partial,0.5000,2,0,2,Action|Adventure|Casual,partial,0.7500,3,0,1
2345200_0,Action|Casual,Casual|Simulation|Strategy,partial,0.2500,1,2,1,Action|Adventure|Casual,partial,0.6667,2,1,0,Action|Casual|Strategy,partial,0.6667,2,1,0
2345200_1,Action|Casual,Action|Casual|Racing|Simulation,partial,0.5000,2,2,0,Action|Adventure|Casual,partial,0.6667,2,1,0,Action|Adventure|Casual,partial,0.6667,2,1,0
2345660_0,Adventure|RPG,Action|Adventure|RPG|Strategy,partial,0.5000,2,2,0,Adventure|Casual|RPG,partial,0.6667,2,1,0,Adventure|Casual|RPG,partial,0.6667,2,1,0
2345660_1,Adventure|RPG,Adventure|Casual|RPG,partial,0.6667,2,1,0,Adventure|Casual|RPG,partial,0.6667,2,1,0,Adventure|Casual|RPG,partial,0.6667,2,1,0
2346660_0,RPG|Simulation|Strategy,Adventure|Casual|RPG|Simulation|Strategy,partial,0.6000,3,2,0,Casual|Simulation|Strategy,partial,0.5000,2,1,1,Casual|Simulation|Strategy,partial,0.5000,2,1,1
2346660_1,RPG|Simulation|Strategy,Action|Adventure|Casual|Simulation|Strategy,partial,0.3333,2,3,1,Casual|Simulation|Strategy,partial,0.5000,2,1,1,Casual|Simulation|Strategy,partial,0.5000,2,1,1
2347210_0,Action,Action|Adventure|Casual|Simulation,partial,0.2500,1,3,0,Action|Adventure|Casual|Simulation,partial,0.2500,1,3,0,Action|Adventure|Casual|Simulation,partial,0.2500,1,3,0
2347210_1,Action,Action|Adventure|Casual|Racing|Simulation,partial,0.2000,1,4,0,Action|Adventure|Casual|Simulation,partial,0.2500,1,3,0,Action|Adventure|Casual|Racing|Simulation,partial,0.2000,1,4,0
2350000_0,Action|Casual,Action|Casual|Strategy,partial,0.6667,2,1,0,Action|Casual|RPG,partial,0.6667,2,1,0,Action|Casual|RPG|Strategy,partial,0.5000,2,2,0
2350000_1,Action|Casual,Action|Adventure|Casual|RPG|Strategy,partial,0.4000,2,3,0,Action|Casual|RPG,partial,0.6667,2,1,0,Action|Casual|RPG,partial,0.6667,2,1,0
2356310_0,Action|Adventure|RPG,Action|Adventure|RPG,exact,1.0000,3,0,0,Action|Adventure|RPG,exact,1.0000,3,0,0,Action|Adventure|RPG,exact,1.0000,3,0,0
2356310_1,Action|Adventure|RPG,Action|Adventure,partial,0.6667,2,0,1,Action|Adventure|RPG,exact,1.0000,3,0,0,Action|Adventure|RPG,exact,1.0000,3,0,0
235720_0,Action|Strategy,Action|Adventure|Casual|RPG|Strategy,partial,0.4000,2,3,0,Action,partial,0.5000,1,0,1,Action|Casual,partial,0.3333,1,1,1
235720_1,Action|Strategy,Action|Adventure|Casual|RPG|Strategy,partial,0.4000,2,3,0,Action,partial,0.5000,1,0,1,Action|Casual|Strategy,partial,0.6667,2,1,0
2364320_0,Adventure,Action|Adventure|Casual|RPG|Simulation,partial,0.2000,1,4,0,Action|Adventure|Casual,partial,0.3333,1,2,0,Action|Adventure|Casual,partial,0.3333,1,2,0
2364320_1,Adventure,Action|Adventure|Casual,partial,0.3333,1,2,0,Action|Adventure|Casual,partial,0.3333,1,2,0,Action|Adventure|Casual,partial,0.3333,1,2,0
2366120_0,Simulation|Strategy,Casual|Simulation|Strategy,partial,0.6667,2,1,0,Simulation|Strategy,exact,1.0000,2,0,0,Simulation|Strategy,exact,1.0000,2,0,0
2366120_1,Simulation|Strategy,Action|Casual|Simulation|Strategy,partial,0.5000,2,2,0,Simulation|Strategy,exact,1.0000,2,0,0,Simulation|Strategy,exact,1.0000,2,0,0
2366450_0,Action|Adventure,Action|Adventure,exact,1.0000,2,0,0,Action|Adventure|Casual,partial,0.6667,2,1,0,Action|Adventure|Casual,partial,0.6667,2,1,0
2366450_1,Action|Adventure,Action|Adventure|Casual|Simulation,partial,0.5000,2,2,0,Action|Adventure|Casual,partial,0.6667,2,1,0,Action|Adventure|Casual,partial,0.6667,2,1,0
2368310_0,Casual|Strategy,Adventure|Strategy,partial,0.3333,1,1,1,Action|Casual,partial,0.3333,1,1,1,Casual,partial,0.5000,1,0,1
2368310_1,Casual|Strategy,Adventure|Simulation,wrong,0.0000,0,2,2,Action|Casual,partial,0.3333,1,1,1,Casual,partial,0.5000,1,0,1
2370640_0,Adventure|Casual,Action|Adventure|Casual,partial,0.6667,2,1,0,Adventure|Casual,exact,1.0000,2,0,0,Adventure|Casual,exact,1.0000,2,0,0
2370640_1,Adventure|Casual,Adventure|Casual|Simulation,partial,0.6667,2,1,0,Adventure|Casual,exact,1.0000,2,0,0,Adventure|Casual,exact,1.0000,2,0,0
2370790_0,Adventure,Action|Adventure,partial,0.5000,1,1,0,Adventure|Casual,partial,0.5000,1,1,0,Action|Adventure,partial,0.5000,1,1,0
2370790_1,Adventure,Action|Adventure|Simulation,partial,0.3333,1,2,0,Adventure|Casual,partial,0.5000,1,1,0,Action|Adventure,partial,0.5000,1,1,0
2371550_0,Adventure,Action|Adventure|Casual|Simulation,partial,0.2500,1,3,0,Adventure|Casual|Simulation,partial,0.3333,1,2,0,Action|Adventure|Casual|Simulation,partial,0.2500,1,3,0
2371550_1,Adventure,Action|Adventure|Casual|Simulation,partial,0.2500,1,3,0,Adventure|Casual|Simulation,partial,0.3333,1,2,0,Action|Adventure|Casual|Simulation,partial,0.2500,1,3,0
2376030_0,Strategy,Action|Adventure|Casual,wrong,0.0000,0,3,1,Action|Adventure|Casual,wrong,0.0000,0,3,1,Action|Casual,wrong,0.0000,0,2,1
2376190_0,Casual,Action|Adventure|Casual|Racing,partial,0.2500,1,3,0,Action|Adventure|Casual,partial,0.3333,1,2,0,Action|Adventure|Casual,partial,0.3333,1,2,0
2376190_1,Casual,Action|Adventure|Casual,partial,0.3333,1,2,0,Action|Adventure|Casual,partial,0.3333,1,2,0,Action|Adventure|Casual,partial,0.3333,1,2,0
2377210_0,Action|Casual,Action|Casual,exact,1.0000,2,0,0,Action|Adventure|Casual|Simulation,partial,0.5000,2,2,0,Action|Casual|Simulation,partial,0.6667,2,1,0
2377210_1,Action|Casual,Action|Casual,exact,1.0000,2,0,0,Action|Adventure|Casual|Simulation,partial,0.5000,2,2,0,Action|Casual|Simulation,partial,0.6667,2,1,0
2384680_0,Adventure|Casual|RPG,Adventure|Casual|Simulation,partial,0.5000,2,1,1,Adventure|Casual,partial,0.6667,2,0,1,Adventure|Casual,partial,0.6667,2,0,1
2384680_1,Adventure|Casual|RPG,Adventure|Casual|Simulation|Strategy,partial,0.4000,2,2,1,Adventure|Casual,partial,0.6667,2,0,1,Adventure|Casual,partial,0.6667,2,0,1
2389260_0,Adventure|Casual,Adventure|Casual|Strategy,partial,0.6667,2,1,0,Action|Adventure|RPG,partial,0.2500,1,2,1,Adventure|Casual|RPG|Strategy,partial,0.5000,2,2,0
2389260_1,Adventure|Casual,Action|Adventure|Casual|Strategy,partial,0.5000,2,2,0,Action|Adventure|RPG,partial,0.2500,1,2,1,Adventure|Casual|RPG,partial,0.6667,2,1,0
2397140_0,Adventure|Simulation,Action|Casual|Strategy,wrong,0.0000,0,3,2,Adventure|Casual|Simulation,partial,0.6667,2,1,0,Adventure|Casual,partial,0.3333,1,1,1
2397140_1,Adventure|Simulation,Action|Adventure|Casual|Simulation|Strategy,partial,0.4000,2,3,0,Adventure|Casual|Simulation,partial,0.6667,2,1,0,Adventure|Casual|Simulation,partial,0.6667,2,1,0
2402280_0,Adventure|Casual|RPG,Adventure|Casual|RPG,exact,1.0000,3,0,0,Action|Adventure|RPG,partial,0.5000,2,1,1,Adventure|Casual|RPG,exact,1.0000,3,0,0
2402280_1,Adventure|Casual|RPG,Adventure|Casual|RPG,exact,1.0000,3,0,0,Action|Adventure|RPG,partial,0.5000,2,1,1,Adventure|Casual|RPG,exact,1.0000,3,0,0
2404510_0,Casual|Strategy,Adventure|Casual|Strategy,partial,0.6667,2,1,0,Action|Adventure|Casual|RPG,partial,0.2000,1,3,1,Casual|RPG|Strategy,partial,0.6667,2,1,0
2404510_1,Casual|Strategy,Action|Adventure|RPG,wrong,0.0000,0,3,2,Action|Adventure|Casual|RPG,partial,0.2000,1,3,1,Action|Casual|RPG|Strategy,partial,0.5000,2,2,0
2406400_0,Adventure,Action|Adventure|Casual,partial,0.3333,1,2,0,Adventure,exact,1.0000,1,0,0,Adventure|Casual,partial,0.5000,1,1,0
2406400_1,Adventure,Action|Adventure|Casual|Simulation,partial,0.2500,1,3,0,Adventure,exact,1.0000,1,0,0,Adventure|Casual,partial,0.5000,1,1,0
2410500_0,Adventure|Casual,Action|Adventure,partial,0.3333,1,1,1,Casual|Simulation|Strategy,partial,0.2500,1,2,1,Action|Adventure|Casual|Simulation|Strategy,partial,0.4000,2,3,0
2410500_1,Adventure|Casual,Action|Adventure,partial,0.3333,1,1,1,Casual|Simulation|Strategy,partial,0.2500,1,2,1,Adventure|Casual|Simulation|Strategy,partial,0.5000,2,2,0
2410700_0,Action|Adventure|Racing,Action|Adventure|Casual,partial,0.5000,2,1,1,Action|Adventure,partial,0.6667,2,0,1,Action|Adventure,partial,0.6667,2,0,1
2410700_1,Action|Adventure|Racing,Action|Adventure|Casual,partial,0.5000,2,1,1,Action|Adventure,partial,0.6667,2,0,1,Action|Adventure|Racing,exact,1.0000,3,0,0
2411310_0,RPG,Action|Adventure|Casual|RPG|Simulation|Strategy,partial,0.1667,1,5,0,Adventure|Casual|RPG|Strategy,partial,0.2500,1,3,0,Adventure|Casual|RPG|Strategy,partial,0.2500,1,3,0
2411310_1,RPG,Action|Adventure|Casual|RPG|Simulation|Strategy,partial,0.1667,1,5,0,Adventure|Casual|RPG|Strategy,partial,0.2500,1,3,0,Casual|RPG|Strategy,partial,0.3333,1,2,0
2412620_0,Action|Adventure|Casual,Action|Adventure|Casual,exact,1.0000,3,0,0,Action|Adventure|Casual,exact,1.0000,3,0,0,Action|Adventure|Casual,exact,1.0000,3,0,0
2412620_1,Action|Adventure|Casual,Action|Adventure|Casual|Strategy,partial,0.7500,3,1,0,Action|Adventure|Casual,exact,1.0000,3,0,0,Action|Casual,partial,0.6667,2,0,1
2413590_0,Adventure,Action|Adventure|Casual|RPG,partial,0.2500,1,3,0,Adventure|Casual,partial,0.5000,1,1,0,Adventure|Casual,partial,0.5000,1,1,0
2413590_1,Adventure,Action|Adventure|Casual,partial,0.3333,1,2,0,Adventure|Casual,partial,0.5000,1,1,0,Adventure|Casual,partial,0.5000,1,1,0
2414920_0,Casual,Action|Adventure|RPG,wrong,0.0000,0,3,1,Action|Adventure,wrong,0.0000,0,2,1,Action|Adventure,wrong,0.0000,0,2,1
2414920_1,Casual,Action|Adventure,wrong,0.0000,0,2,1,Action|Adventure,wrong,0.0000,0,2,1,Action|Adventure,wrong,0.0000,0,2,1
2428460_0,RPG,Adventure|Casual,wrong,0.0000,0,2,1,Action|Adventure|RPG,partial,0.3333,1,2,0,Adventure|Casual,wrong,0.0000,0,2,1
2428460_1,RPG,Adventure|Casual|RPG,partial,0.3333,1,2,0,Action|Adventure|RPG,partial,0.3333,1,2,0,Adventure|Casual|RPG,partial,0.3333,1,2,0
2428840_0,Adventure|Casual,Adventure|Casual|Simulation,partial,0.6667,2,1,0,Adventure|Casual,exact,1.0000,2,0,0,Adventure|Casual,exact,1.0000,2,0,0
2428840_1,Adventure|Casual,Action|Adventure|Casual|Racing|Simulation,partial,0.4000,2,3,0,Adventure|Casual,exact,1.0000,2,0,0,Adventure|Casual,exact,1.0000,2,0,0
2430690_0,Adventure|Casual,Adventure|Casual|Simulation,partial,0.6667,2,1,0,Adventure|RPG,partial,0.3333,1,1,1,Adventure|Casual|RPG|Simulation,partial,0.5000,2,2,0
2430690_1,Adventure|Casual,Action|Adventure|Casual|RPG,partial,0.5000,2,2,0,Adventure|RPG,partial,0.3333,1,1,1,Adventure|Casual|RPG,partial,0.6667,2,1,0
2437870_0,Action|RPG,Action|Adventure|Casual,partial,0.2500,1,2,1,Action|Adventure,partial,0.3333,1,1,1,Action|Adventure,partial,0.3333,1,1,1
2437870_1,Action|RPG,Adventure|Casual|Simulation|Strategy,wrong,0.0000,0,4,2,Action|Adventure,partial,0.3333,1,1,1,Action|Adventure|RPG,partial,0.6667,2,1,0
2439740_0,Adventure|Casual,Adventure|Casual,exact,1.0000,2,0,0,Action|Adventure|RPG,partial,0.2500,1,2,1,Action|Adventure|Casual|RPG,partial,0.5000,2,2,0
2439740_1,Adventure|Casual,Action|Adventure|Casual,partial,0.6667,2,1,0,Action|Adventure|RPG,partial,0.2500,1,2,1,Action|Adventure|RPG,partial,0.2500,1,2,1
2441270_0,Action,Action|Adventure|Casual|Simulation|Strategy,partial,0.2000,1,4,0,Action|Adventure,partial,0.5000,1,1,0,Action,exact,1.0000,1,0,0
2441270_1,Action,Action|Adventure|RPG|Strategy,partial,0.2500,1,3,0,Action|Adventure,partial,0.5000,1,1,0,Action,exact,1.0000,1,0,0
2443770_0,Adventure|Casual|Racing|Simulation,Action|Adventure|Casual|Simulation,partial,0.6000,3,1,1,Action|Racing|Simulation|Sports,partial,0.3333,2,2,2,Casual|Racing|Simulation|Sports,partial,0.6000,3,1,1
2443770_1,Adventure|Casual|Racing|Simulation,Action|Racing|Simulation|Sports,partial,0.3333,2,2,2,Action|Racing|Simulation|Sports,partial,0.3333,2,2,2,Racing|Simulation|Sports,partial,0.4000,2,1,2
2445690_0,Action|Adventure|RPG,Action|Adventure|Casual|RPG|Strategy,partial,0.6000,3,2,0,Action|Adventure|RPG,exact,1.0000,3,0,0,Action|Adventure|Casual|RPG,partial,0.7500,3,1,0
2445690_1,Action|Adventure|RPG,Action|Adventure|Casual|RPG,partial,0.7500,3,1,0,Action|Adventure|RPG,exact,1.0000,3,0,0,Action|Adventure|Casual|RPG,partial,0.7500,3,1,0
2447260_0,Action|Casual|Strategy,Action|Casual|Strategy,exact,1.0000,3,0,0,Action|Casual,partial,0.6667,2,0,1,Casual|Strategy,partial,0.6667,2,0,1
2447260_1,Action|Casual|Strategy,Casual|Strategy,partial,0.6667,2,0,1,Action|Casual,partial,0.6667,2,0,1,Casual|Strategy,partial,0.6667,2,0,1
2449630_0,RPG,Action|Adventure|RPG,partial,0.3333,1,2,0,Action|Adventure|RPG,partial,0.3333,1,2,0,Action|Adventure|RPG,partial,0.3333,1,2,0
2449630_1,RPG,Action|Adventure|RPG,partial,0.3333,1,2,0,Action|Adventure|RPG,partial,0.3333,1,2,0,Action|Adventure|RPG,partial,0.3333,1,2,0
2452320_0,Action,Action|Casual,partial,0.5000,1,1,0,Action|Adventure|RPG,partial,0.3333,1,2,0,Action|Adventure|RPG,partial,0.3333,1,2,0
2452320_1,Action,Action|Adventure|Casual,partial,0.3333,1,2,0,Action|Adventure|RPG,partial,0.3333,1,2,0,Action|Adventure|RPG,partial,0.3333,1,2,0
2455090_0,Action,Action|Adventure,partial,0.5000,1,1,0,Adventure|RPG,wrong,0.0000,0,2,1,Action|Adventure|RPG,partial,0.3333,1,2,0
2455090_1,Action,Action|Adventure|Casual,partial,0.3333,1,2,0,Adventure|RPG,wrong,0.0000,0,2,1,Action|Adventure|RPG,partial,0.3333,1,2,0
2459530_0,Action|Casual,Action|Adventure|Casual,partial,0.6667,2,1,0,Action|Adventure,partial,0.3333,1,1,1,Action|Adventure,partial,0.3333,1,1,1
2459530_1,Action|Casual,Action|Adventure,partial,0.3333,1,1,1,Action|Adventure,partial,0.3333,1,1,1,Action|Adventure,partial,0.3333,1,1,1
2460880_0,Casual,Adventure|Casual|Simulation,partial,0.3333,1,2,0,Action|Adventure|Casual|Simulation,partial,0.2500,1,3,0,Action|Adventure|Casual|Simulation,partial,0.2500,1,3,0
2460880_1,Casual,Action|Adventure|Casual,partial,0.3333,1,2,0,Action|Adventure|Casual|Simulation,partial,0.2500,1,3,0,Action|Adventure|Casual,partial,0.3333,1,2,0
2462060_0,Action,Action|Adventure|RPG|Strategy,partial,0.2500,1,3,0,Action|Adventure|RPG,partial,0.3333,1,2,0,Action|RPG|Strategy,partial,0.3333,1,2,0
2462060_1,Action,Action|Adventure|RPG|Strategy,partial,0.2500,1,3,0,Action|Adventure|RPG,partial,0.3333,1,2,0,Action|RPG|Strategy,partial,0.3333,1,2,0
2462840_0,RPG,Action|Adventure|Casual|RPG|Simulation|Strategy,partial,0.1667,1,5,0,Action|Adventure|RPG,partial,0.3333,1,2,0,Action|Adventure|RPG,partial,0.3333,1,2,0
2462840_1,RPG,Action|Adventure|Casual|RPG,partial,0.2500,1,3,0,Action|Adventure|RPG,partial,0.3333,1,2,0,Action|Adventure|RPG,partial,0.3333,1,2,0
24640_0,Simulation,Action|Adventure|Simulation,partial,0.3333,1,2,0,Casual|Racing|Simulation,partial,0.3333,1,2,0,Casual|Simulation,partial,0.5000,1,1,0
24640_1,Simulation,Action|Casual|Simulation|Strategy,partial,0.2500,1,3,0,Casual|Racing|Simulation,partial,0.3333,1,2,0,Casual|Racing|Simulation,partial,0.3333,1,2,0
2465530_0,Casual,Action|Adventure|Casual|RPG|Strategy,partial,0.2000,1,4,0,Adventure|Casual|Simulation,partial,0.3333,1,2,0,Casual,exact,1.0000,1,0,0
2465530_1,Casual,Adventure|Casual|Strategy,partial,0.3333,1,2,0,Adventure|Casual|Simulation,partial,0.3333,1,2,0,Casual,exact,1.0000,1,0,0
246680_0,Action|Adventure,Action|Adventure|Casual|Racing,partial,0.5000,2,2,0,Action|Adventure,exact,1.0000,2,0,0,Action|Adventure|Casual|Racing|Sports,partial,0.4000,2,3,0
246680_1,Action|Adventure,Action|Adventure|Casual,partial,0.6667,2,1,0,Action|Adventure,exact,1.0000,2,0,0,Action|Adventure|Casual|Sports,partial,0.5000,2,2,0
2468110_1,Adventure|Casual|Racing,Action|Adventure|RPG,partial,0.2000,1,2,2,Action|Adventure|Casual,partial,0.5000,2,1,1,Action|Adventure|Casual,partial,0.5000,2,1,1
2476640_0,Casual|Strategy,Casual|Simulation|Strategy,partial,0.6667,2,1,0,Casual,partial,0.5000,1,0,1,Casual|Strategy,exact,1.0000,2,0,0
2476640_1,Casual|Strategy,Adventure|Casual|RPG|Simulation|Strategy,partial,0.4000,2,3,0,Casual,partial,0.5000,1,0,1,Casual|Strategy,exact,1.0000,2,0,0
24780_0,Simulation|Strategy,Action|Adventure|Casual|Simulation|Strategy,partial,0.4000,2,3,0,Simulation|Strategy,exact,1.0000,2,0,0,Simulation|Strategy,exact,1.0000,2,0,0
24780_1,Simulation|Strategy,Action|Adventure|Casual|Simulation,partial,0.2000,1,3,1,Simulation|Strategy,exact,1.0000,2,0,0,Simulation|Strategy,exact,1.0000,2,0,0
2479070_0,Strategy,Action|RPG|Strategy,partial,0.3333,1,2,0,Action|Adventure|RPG,wrong,0.0000,0,3,1,Action|Adventure|RPG|Strategy,partial,0.2500,1,3,0
2479070_1,Strategy,Casual|Simulation|Strategy,partial,0.3333,1,2,0,Action|Adventure|RPG,wrong,0.0000,0,3,1,Adventure|Strategy,partial,0.5000,1,1,0
2482630_0,Action|Adventure|Casual,Adventure|Casual,partial,0.6667,2,0,1,Action|Adventure,partial,0.6667,2,0,1,Action|Adventure,partial,0.6667,2,0,1
2482630_1,Action|Adventure|Casual,Action|Adventure|Casual|RPG|Strategy,partial,0.6000,3,2,0,Action|Adventure,partial,0.6667,2,0,1,Action|Adventure,partial,0.6667,2,0,1
2486670_0,Action|Casual,Casual|RPG|Strategy,partial,0.2500,1,2,1,Action|Casual|Strategy,partial,0.6667,2,1,0,Casual|Strategy,partial,0.3333,1,1,1
2486670_1,Action|Casual,Action|Adventure|Casual|Strategy,partial,0.5000,2,2,0,Action|Casual|Strategy,partial,0.6667,2,1,0,Action|Casual|Strategy,partial,0.6667,2,1,0
2486740_0,Racing|Simulation|Sports,Action|Casual|Racing|Simulation,partial,0.4000,2,2,1,Action|Casual|Racing|Sports,partial,0.4000,2,2,1,Action|Casual|Racing|Simulation|Sports,partial,0.6000,3,2,0
2486740_1,Racing|Simulation|Sports,Action|Adventure|Casual|Simulation|Sports,partial,0.3333,2,3,1,Action|Casual|Racing|Sports,partial,0.4000,2,2,1,Action|Casual|Racing|Simulation|Sports,partial,0.6000,3,2,0
2492950_0,Adventure|Casual,Action|Adventure|Casual|Racing,partial,0.5000,2,2,0,Action|Adventure|Casual,partial,0.6667,2,1,0,Action|Adventure|Casual,partial,0.6667,2,1,0
2492950_1,Adventure|Casual,Action|Adventure|Casual,partial,0.6667,2,1,0,Action|Adventure|Casual,partial,0.6667,2,1,0,Action|Adventure|Casual,partial,0.6667,2,1,0
2499310_0,Action|Adventure|Casual,Action|Adventure|Casual|Simulation,partial,0.7500,3,1,0,Adventure|Casual,partial,0.6667,2,0,1,Action|Adventure|Casual,exact,1.0000,3,0,0
2499310_1,Action|Adventure|Casual,Action|Adventure|Casual,exact,1.0000,3,0,0,Adventure|Casual,partial,0.6667,2,0,1,Action|Adventure|Casual,exact,1.0000,3,0,0
2500620_0,Action|Adventure|Casual,Action|Adventure|Casual|Strategy,partial,0.7500,3,1,0,Action|Adventure|Casual,exact,1.0000,3,0,0,Action|Adventure|Casual,exact,1.0000,3,0,0
2500620_1,Action|Adventure|Casual,Action|Casual,partial,0.6667,2,0,1,Action|Adventure|Casual,exact,1.0000,3,0,0,Action|Adventure|Casual,exact,1.0000,3,0,0
250070_0,Action,Casual|Simulation|Strategy,wrong,0.0000,0,3,1,Action|Casual,partial,0.5000,1,1,0,Action|Casual,partial,0.5000,1,1,0
250070_1,Action,Casual,wrong,0.0000,0,1,1,Action|Casual,partial,0.5000,1,1,0,Casual,wrong,0.0000,0,1,1
2511350_0,Strategy,Action|Casual|Strategy,partial,0.3333,1,2,0,Casual|Strategy,partial,0.5000,1,1,0,Casual|Strategy,partial,0.5000,1,1,0
2511350_1,Strategy,Action|Adventure|Casual|Strategy,partial,0.2500,1,3,0,Casual|Strategy,partial,0.5000,1,1,0,Casual|Strategy,partial,0.5000,1,1,0
2512430_0,Action|Casual,Action|Casual|RPG|Strategy,partial,0.5000,2,2,0,Action,partial,0.5000,1,0,1,Action|Casual,exact,1.0000,2,0,0
2512430_1,Action|Casual,Action|Casual|Simulation|Strategy,partial,0.5000,2,2,0,Action,partial,0.5000,1,0,1,Action|Casual,exact,1.0000,2,0,0
2513170_0,Action|Adventure,Action|Adventure|Casual,partial,0.6667,2,1,0,Action|Adventure,exact,1.0000,2,0,0,Action|Adventure|Casual,partial,0.6667,2,1,0
2513170_1,Action|Adventure,Action|Adventure|Casual|RPG,partial,0.5000,2,2,0,Action|Adventure,exact,1.0000,2,0,0,Action|Adventure|Casual,partial,0.6667,2,1,0
2514640_0,Adventure|RPG,Adventure|Casual|RPG,partial,0.6667,2,1,0,Adventure|Casual|RPG,partial,0.6667,2,1,0,Adventure|Casual|RPG,partial,0.6667,2,1,0
2514640_1,Adventure|RPG,Adventure|Casual|Strategy,partial,0.2500,1,2,1,Adventure|Casual|RPG,partial,0.6667,2,1,0,Adventure|Casual|RPG|Strategy,partial,0.5000,2,2,0
2523390_0,Casual,Action|Adventure|Racing|Simulation,wrong,0.0000,0,4,1,Action|Casual,partial,0.5000,1,1,0,Action|Adventure|Casual|Simulation,partial,0.2500,1,3,0
2523390_1,Casual,Action|Casual|Strategy,partial,0.3333,1,2,0,Action|Casual,partial,0.5000,1,1,0,Casual|Simulation,partial,0.5000,1,1,0
2524860_0,Casual|Simulation|Strategy,Adventure|Simulation,partial,0.2500,1,1,2,Adventure|Casual,partial,0.2500,1,1,2,Adventure|Casual,partial,0.2500,1,1,2
2524860_1,Casual|Simulation|Strategy,Action|Adventure|Casual|Racing|Simulation,partial,0.3333,2,3,1,Adventure|Casual,partial,0.2500,1,1,2,Adventure|Casual,partial,0.2500,1,1,2
2526670_0,Casual,Casual|Strategy,partial,0.5000,1,1,0,Casual,exact,1.0000,1,0,0,Casual,exact,1.0000,1,0,0
2526670_1,Casual,Casual|Strategy,partial,0.5000,1,1,0,Casual,exact,1.0000,1,0,0,Casual,exact,1.0000,1,0,0
2530570_0,Adventure|Casual|RPG,Action|Adventure|Casual|RPG,partial,0.7500,3,1,0,Action|Adventure|Casual|Simulation,partial,0.4000,2,2,1,Action|Adventure|Casual|RPG,partial,0.7500,3,1,0
2530570_1,Adventure|Casual|RPG,Action|Adventure|Casual|Strategy,partial,0.4000,2,2,1,Action|Adventure|Casual|Simulation,partial,0.4000,2,2,1,Action|Adventure|Casual|RPG|Simulation,partial,0.6000,3,2,0
2535730_0,Adventure|Casual|Strategy,Action|Adventure|Casual|RPG,partial,0.4000,2,2,1,Adventure|Casual,partial,0.6667,2,0,1,Adventure|Casual,partial,0.6667,2,0,1
2535730_1,Adventure|Casual|Strategy,Action|Adventure|Casual,partial,0.5000,2,1,1,Adventure|Casual,partial,0.6667,2,0,1,Adventure|Casual,partial,0.6667,2,0,1
2539800_0,Adventure,Action|Adventure|Casual|RPG,partial,0.2500,1,3,0,Action|Adventure,partial,0.5000,1,1,0,Action|Adventure,partial,0.5000,1,1,0
2539800_1,Adventure,Action|Adventure|Casual|Simulation,partial,0.2500,1,3,0,Action|Adventure,partial,0.5000,1,1,0,Action|Adventure,partial,0.5000,1,1,0
2540110_0,Action,Action|Adventure|Simulation,partial,0.3333,1,2,0,Action|Adventure,partial,0.5000,1,1,0,Action|Adventure,partial,0.5000,1,1,0
2540110_1,Action,Action|Adventure|Simulation,partial,0.3333,1,2,0,Action|Adventure,partial,0.5000,1,1,0,Action|Adventure,partial,0.5000,1,1,0
2542470_0,Casual,Casual|Strategy,partial,0.5000,1,1,0,Casual|Simulation,partial,0.5000,1,1,0,Casual|Simulation,partial,0.5000,1,1,0
2542470_1,Casual,Action|Adventure|Casual,partial,0.3333,1,2,0,Casual|Simulation,partial,0.5000,1,1,0,Casual|Simulation,partial,0.5000,1,1,0
2545330_0,Action,Action|Adventure|Casual,partial,0.3333,1,2,0,Action|Adventure,partial,0.5000,1,1,0,Action|Casual,partial,0.5000,1,1,0
2545330_1,Action,Action|Adventure|Casual|Simulation,partial,0.2500,1,3,0,Action|Adventure,partial,0.5000,1,1,0,Action,exact,1.0000,1,0,0
256030_0,RPG,Action|Adventure|RPG,partial,0.3333,1,2,0,Action|Adventure|RPG,partial,0.3333,1,2,0,Action|Adventure|RPG,partial,0.3333,1,2,0
256030_1,RPG,Action|Adventure,wrong,0.0000,0,2,1,Action|Adventure|RPG,partial,0.3333,1,2,0,Action|Adventure,wrong,0.0000,0,2,1
2564440_0,Casual|Simulation|Strategy,Action|Adventure|Casual|Simulation,partial,0.4000,2,2,1,Casual|Simulation,partial,0.6667,2,0,1,Casual|Simulation,partial,0.6667,2,0,1
2564440_1,Casual|Simulation|Strategy,Casual|Simulation,partial,0.6667,2,0,1,Casual|Simulation,partial,0.6667,2,0,1,Casual|Simulation,partial,0.6667,2,0,1
2567360_0,Action|Adventure|Casual,Casual|Simulation,partial,0.2500,1,1,2,Action|Casual,partial,0.6667,2,0,1,Casual,partial,0.3333,1,0,2
2567360_1,Action|Adventure|Casual,Action|Adventure|Casual,exact,1.0000,3,0,0,Action|Casual,partial,0.6667,2,0,1,Action|Casual,partial,0.6667,2,0,1
2567970_0,Casual|Simulation,Action|Adventure|Casual,partial,0.2500,1,2,1,Action|Adventure|Casual|Simulation,partial,0.5000,2,2,0,Action|Adventure|Casual|Simulation,partial,0.5000,2,2,0
2567970_1,Casual|Simulation,Action|Adventure|Casual|Simulation,partial,0.5000,2,2,0,Action|Adventure|Casual|Simulation,partial,0.5000,2,2,0,Action|Adventure|Casual|Simulation,partial,0.5000,2,2,0
257260_0,Adventure|Casual,Action|Adventure|Casual,partial,0.6667,2,1,0,Adventure|Casual,exact,1.0000,2,0,0,Adventure|Casual,exact,1.0000,2,0,0
257260_1,Adventure|Casual,Adventure|Casual|Simulation|Strategy,partial,0.5000,2,2,0,Adventure|Casual,exact,1.0000,2,0,0,Action|Adventure|Casual,partial,0.6667,2,1,0
2581200_0,Adventure|Casual|RPG,Action|Adventure|Casual|RPG|Strategy,partial,0.6000,3,2,0,Action|Adventure|RPG,partial,0.5000,2,1,1,Action|Adventure|Casual|RPG,partial,0.7500,3,1,0
2581200_1,Adventure|Casual|RPG,Action|Adventure|RPG,partial,0.5000,2,1,1,Action|Adventure|RPG,partial,0.5000,2,1,1,Action|Adventure|Casual|RPG,partial,0.7500,3,1,0
2581360_0,Adventure|Strategy,Action|Adventure|Casual|Simulation,partial,0.2000,1,3,1,Strategy,partial,0.5000,1,0,1,Action|Casual|Strategy,partial,0.2500,1,2,1
2581360_1,Adventure|Strategy,Action|Adventure|Casual|RPG,partial,0.2000,1,3,1,Strategy,partial,0.5000,1,0,1,Action|Casual|RPG|Strategy,partial,0.2000,1,3,1
2582410_0,Casual,Adventure|Casual|Strategy,partial,0.3333,1,2,0,Casual,exact,1.0000,1,0,0,Casual,exact,1.0000,1,0,0
2582410_1,Casual,Adventure|Casual|Strategy,partial,0.3333,1,2,0,Casual,exact,1.0000,1,0,0,Casual,exact,1.0000,1,0,0
2582810_0,Casual,Action|Adventure|Casual,partial,0.3333,1,2,0,Casual|Strategy,partial,0.5000,1,1,0,Casual|Strategy,partial,0.5000,1,1,0
2582810_1,Casual,Action|Adventure|Casual|RPG|Strategy,partial,0.2000,1,4,0,Casual|Strategy,partial,0.5000,1,1,0,Casual|Strategy,partial,0.5000,1,1,0
2583680_0,Casual|Simulation|Strategy,Action|Adventure|Casual|Simulation|Strategy,partial,0.6000,3,2,0,Casual|Simulation|Strategy,exact,1.0000,3,0,0,Casual|Simulation|Strategy,exact,1.0000,3,0,0
2583680_1,Casual|Simulation|Strategy,Action|Adventure|Casual,partial,0.2000,1,2,2,Casual|Simulation|Strategy,exact,1.0000,3,0,0,Casual|Simulation|Strategy,exact,1.0000,3,0,0
2584550_0,Casual|Racing|Simulation,Action|Casual|Racing|Simulation|Sports,partial,0.6000,3,2,0,Action|Casual|Racing|Simulation|Sports,partial,0.6000,3,2,0,Casual|Racing|Simulation|Sports,partial,0.7500,3,1,0
2584550_1,Casual|Racing|Simulation,Racing|Simulation|Sports,partial,0.5000,2,1,1,Action|Casual|Racing|Simulation|Sports,partial,0.6000,3,2,0,Casual|Racing|Simulation|Sports,partial,0.7500,3,1,0
2587130_0,Adventure|Casual|RPG,Adventure|Casual|RPG|Simulation,partial,0.7500,3,1,0,Adventure,partial,0.3333,1,0,2,Adventure,partial,0.3333,1,0,2
2587130_1,Adventure|Casual|RPG,Adventure|Casual|Simulation,partial,0.5000,2,1,1,Adventure,partial,0.3333,1,0,2,Adventure,partial,0.3333,1,0,2
260000_0,Casual|Strategy,Action|Casual|Strategy,partial,0.6667,2,1,0,Action|Adventure|Casual,partial,0.2500,1,2,1,Casual,partial,0.5000,1,0,1
260000_1,Casual|Strategy,Casual|Strategy,exact,1.0000,2,0,0,Action|Adventure|Casual,partial,0.2500,1,2,1,Casual,partial,0.5000,1,0,1
2603130_0,Casual,Action|Adventure|Casual,partial,0.3333,1,2,0,Casual,exact,1.0000,1,0,0,Casual,exact,1.0000,1,0,0
2603130_1,Casual,Action|Adventure|Casual,partial,0.3333,1,2,0,Casual,exact,1.0000,1,0,0,Casual,exact,1.0000,1,0,0
260380_0,Strategy,Casual|RPG|Simulation|Strategy,partial,0.2500,1,3,0,Action|Strategy,partial,0.5000,1,1,0,Action|Strategy,partial,0.5000,1,1,0
260380_1,Strategy,Casual|Simulation|Strategy,partial,0.3333,1,2,0,Action|Strategy,partial,0.5000,1,1,0,Strategy,exact,1.0000,1,0,0
2606550_0,Action|Adventure|Casual|Strategy,Casual|RPG|Strategy,partial,0.4000,2,1,2,Action|Adventure|Casual,partial,0.7500,3,0,1,Action|Adventure|Casual|RPG,partial,0.6000,3,1,1
2606550_1,Action|Adventure|Casual|Strategy,Action|Adventure|Casual|RPG|Strategy,partial,0.8000,4,1,0,Action|Adventure|Casual,partial,0.7500,3,0,1,Action|Adventure|Casual,partial,0.7500,3,0,1
2608050_0,Casual,Adventure|Casual,partial,0.5000,1,1,0,Adventure|Casual,partial,0.5000,1,1,0,Casual,exact,1.0000,1,0,0
2608050_1,Casual,Adventure|Casual,partial,0.5000,1,1,0,Adventure|Casual,partial,0.5000,1,1,0,Casual,exact,1.0000,1,0,0
2608120_0,Casual|Strategy,Action|Adventure|Casual|Strategy,partial,0.5000,2,2,0,Action|Adventure|Casual,partial,0.2500,1,2,1,Action|Casual|Strategy,partial,0.6667,2,1,0
2608120_1,Casual|Strategy,Action|Adventure|Casual|Simulation|Strategy,partial,0.4000,2,3,0,Action|Adventure|Casual,partial,0.2500,1,2,1,Action|Casual|Simulation|Strategy,partial,0.5000,2,2,0
2614550_0,Simulation|Strategy,Action|Adventure|Casual|Simulation,partial,0.2000,1,3,1,Casual|Simulation,partial,0.3333,1,1,1,Racing|Simulation,partial,0.3333,1,1,1
2614550_1,Simulation|Strategy,Adventure|Casual|Simulation,partial,0.2500,1,2,1,Casual|Simulation,partial,0.3333,1,1,1,Casual|Simulation,partial,0.3333,1,1,1
2614580_0,Adventure,Action|Adventure|Casual|Simulation,partial,0.2500,1,3,0,Action|Adventure,partial,0.5000,1,1,0,Action|Adventure,partial,0.5000,1,1,0
2614580_1,Adventure,Action|Adventure|Casual|RPG,partial,0.2500,1,3,0,Action|Adventure,partial,0.5000,1,1,0,Action|Adventure|RPG,partial,0.3333,1,2,0
2623700_0,Strategy,Action|Adventure|Casual|RPG|Simulation|Strategy,partial,0.1667,1,5,0,Action|RPG|Simulation|Strategy,partial,0.2500,1,3,0,RPG|Strategy,partial,0.5000,1,1,0
2623700_1,Strategy,Action|Adventure|Casual|RPG|Strategy,partial,0.2000,1,4,0,Action|RPG|Simulation|Strategy,partial,0.2500,1,3,0,Strategy,exact,1.0000,1,0,0
2627780_0,Casual|Simulation,Adventure|Casual|RPG,partial,0.2500,1,2,1,Adventure|RPG,wrong,0.0000,0,2,2,Adventure|RPG,wrong,0.0000,0,2,2
2627780_1,Casual|Simulation,Adventure|Casual|RPG,partial,0.2500,1,2,1,Adventure|RPG,wrong,0.0000,0,2,2,Adventure|Casual|RPG,partial,0.2500,1,2,1
2628060_0,Action|Adventure,Action|Adventure|Simulation,partial,0.6667,2,1,0,Adventure|Casual,partial,0.3333,1,1,1,Adventure|Casual,partial,0.3333,1,1,1
2628060_1,Action|Adventure,Action|Adventure,exact,1.0000,2,0,0,Adventure|Casual,partial,0.3333,1,1,1,Adventure|Casual,partial,0.3333,1,1,1
2629650_0,Adventure|Casual,Casual|Simulation|Strategy,partial,0.2500,1,2,1,Adventure|Casual,exact,1.0000,2,0,0,Adventure|Casual,exact,1.0000,2,0,0
2629650_1,Adventure|Casual,Adventure|Casual|Simulation,partial,0.6667,2,1,0,Adventure|Casual,exact,1.0000,2,0,0,Adventure|Casual,exact,1.0000,2,0,0
2633080_0,Action|Adventure|Casual|RPG,Action|Adventure|Casual|Simulation,partial,0.6000,3,1,1,Action|Adventure|RPG,partial,0.7500,3,0,1,Action|Adventure|Casual,partial,0.7500,3,0,1
2633080_1,Action|Adventure|Casual|RPG,Action|Adventure|Casual|Strategy,partial,0.6000,3,1,1,Action|Adventure|RPG,partial,0.7500,3,0,1,Action|Adventure|Casual,partial,0.7500,3,0,1
2633330_0,Action|Adventure|Casual|Simulation,Adventure|Casual|Simulation|Strategy,partial,0.6000,3,1,1,Action|Adventure,partial,0.5000,2,0,2,Action|Casual,partial,0.5000,2,0,2
2633330_1,Action|Adventure|Casual|Simulation,Action|Casual|Simulation|Strategy,partial,0.6000,3,1,1,Action|Adventure,partial,0.5000,2,0,2,Action|Adventure|Casual,partial,0.7500,3,0,1
2633480_0,Strategy,Action|Adventure|Casual|RPG|Strategy,partial,0.2000,1,4,0,Action|Adventure|RPG,wrong,0.0000,0,3,1,Action|Adventure|Casual|Strategy,partial,0.2500,1,3,0
2633480_1,Strategy,Action|Adventure|Casual|RPG,wrong,0.0000,0,4,1,Action|Adventure|RPG,wrong,0.0000,0,3,1,Action|Adventure,wrong,0.0000,0,2,1
2642050_0,Casual,Adventure|Casual|Simulation,partial,0.3333,1,2,0,Casual|Strategy,partial,0.5000,1,1,0,Casual,exact,1.0000,1,0,0
2642050_1,Casual,Action|Adventure|Casual,partial,0.3333,1,2,0,Casual|Strategy,partial,0.5000,1,1,0,Casual,exact,1.0000,1,0,0
2643010_0,Simulation|Strategy,Action|Adventure|Casual|RPG|Strategy,partial,0.1667,1,4,1,Action|Adventure|RPG|Strategy,partial,0.2000,1,3,1,Action|RPG|Strategy,partial,0.2500,1,2,1
2643010_1,Simulation|Strategy,Adventure|Casual|Strategy,partial,0.2500,1,2,1,Action|Adventure|RPG|Strategy,partial,0.2000,1,3,1,Casual|RPG|Strategy,partial,0.2500,1,2,1
2644840_0,Adventure|Casual,Action|Adventure|Casual|RPG,partial,0.5000,2,2,0,Action|Adventure|RPG,partial,0.2500,1,2,1,Action|Adventure|Casual,partial,0.6667,2,1,0
2644840_1,Adventure|Casual,Action|Adventure|Casual|Simulation,partial,0.5000,2,2,0,Action|Adventure|RPG,partial,0.2500,1,2,1,Action|Adventure,partial,0.3333,1,1,1
2645040_0,Action|Casual|Simulation|Strategy,Action|Adventure|Casual|Racing|Simulation,partial,0.5000,3,2,1,Adventure|Casual|Simulation,partial,0.4000,2,1,2,Adventure|Casual|Simulation,partial,0.4000,2,1,2
2645040_1,Action|Casual|Simulation|Strategy,Action|Adventure|Casual|Simulation,partial,0.6000,3,1,1,Adventure|Casual|Simulation,partial,0.4000,2,1,2,Adventure|Casual|Simulation,partial,0.4000,2,1,2
2651760_0,Action|Adventure,Action|Adventure|Casual|Strategy,partial,0.5000,2,2,0,Action|Adventure|RPG,partial,0.6667,2,1,0,Action|Casual|RPG|Strategy,partial,0.2000,1,3,1
2651760_1,Action|Adventure,Action|Casual|RPG|Simulation|Strategy,partial,0.1667,1,4,1,Action|Adventure|RPG,partial,0.6667,2,1,0,Action|Casual|RPG|Strategy,partial,0.2000,1,3,1
2653480_0,Casual|Simulation|Strategy,Casual|Simulation|Strategy,exact,1.0000,3,0,0,Casual|Simulation|Strategy,exact,1.0000,3,0,0,Casual|Simulation|Strategy,exact,1.0000,3,0,0
2653480_1,Casual|Simulation|Strategy,Casual|Simulation|Strategy,exact,1.0000,3,0,0,Casual|Simulation|Strategy,exact,1.0000,3,0,0,Simulation|Strategy,partial,0.6667,2,0,1
2654710_0,Action|Adventure|Casual,Action|Adventure|Casual|Simulation,partial,0.7500,3,1,0,Action|Adventure|Casual,exact,1.0000,3,0,0,Action|Adventure|Casual,exact,1.0000,3,0,0
2654710_1,Action|Adventure|Casual,Action|Adventure|Casual|Simulation,partial,0.7500,3,1,0,Action|Adventure|Casual,exact,1.0000,3,0,0,Action|Adventure|Casual,exact,1.0000,3,0,0
2658590_0,Action|Casual,Action|Adventure|Casual|Simulation,partial,0.5000,2,2,0,Action,partial,0.5000,1,0,1,Action,partial,0.5000,1,0,1
2658590_1,Action|Casual,Action|Adventure|Casual|Simulation,partial,0.5000,2,2,0,Action,partial,0.5000,1,0,1,Action,partial,0.5000,1,0,1
2660930_0,Adventure,Adventure|Casual|RPG,partial,0.3333,1,2,0,Adventure|RPG,partial,0.5000,1,1,0,Adventure|Casual|RPG,partial,0.3333,1,2,0
2660930_1,Adventure,Action|Adventure|Casual,partial,0.3333,1,2,0,Adventure|RPG,partial,0.5000,1,1,0,Adventure|Casual|RPG,partial,0.3333,1,2,0
2661850_0,Simulation|Strategy,Casual|Simulation|Strategy,partial,0.6667,2,1,0,Simulation|Strategy,exact,1.0000,2,0,0,Simulation|Strategy,exact,1.0000,2,0,0
2661850_1,Simulation|Strategy,Adventure|Casual|Simulation,partial,0.2500,1,2,1,Simulation|Strategy,exact,1.0000,2,0,0,Simulation|Strategy,exact,1.0000,2,0,0
2668130_0,Adventure|RPG,Action|Adventure,partial,0.3333,1,1,1,Action|Adventure|RPG,partial,0.6667,2,1,0,Action|Adventure,partial,0.3333,1,1,1
2668130_1,Adventure|RPG,Action|Adventure|RPG,partial,0.6667,2,1,0,Action|Adventure|RPG,partial,0.6667,2,1,0,Action|Adventure|RPG,partial,0.6667,2,1,0
2668330_0,Casual|Racing|Strategy,Casual|Simulation|Strategy,partial,0.5000,2,1,1,Action|Casual|Racing,partial,0.5000,2,1,1,Action|Casual|Racing|Simulation|Sports,partial,0.3333,2,3,1
2668330_1,Casual|Racing|Strategy,Action|Adventure|Casual,partial,0.2000,1,2,2,Action|Casual|Racing,partial,0.5000,2,1,1,Action|Casual|Racing|Sports,partial,0.4000,2,2,1
2678300_0,Action|RPG,Action|Adventure|Casual|Simulation|Strategy,partial,0.1667,1,4,1,Action|RPG|Strategy,partial,0.6667,2,1,0,Action|RPG|Strategy,partial,0.6667,2,1,0
2678300_1,Action|RPG,Action|Adventure|RPG|Simulation|Strategy,partial,0.4000,2,3,0,Action|RPG|Strategy,partial,0.6667,2,1,0,Action|RPG|Strategy,partial,0.6667,2,1,0
2687650_0,Simulation|Strategy,Casual|Strategy,partial,0.3333,1,1,1,Action|Strategy,partial,0.3333,1,1,1,Action|Strategy,partial,0.3333,1,1,1
2687650_1,Simulation|Strategy,Action|Adventure|Casual,wrong,0.0000,0,3,2,Action|Strategy,partial,0.3333,1,1,1,Action|Strategy,partial,0.3333,1,1,1
2693070_0,Casual|Racing|Simulation,Action|Adventure|Casual,partial,0.2000,1,2,2,Action|Racing,partial,0.2500,1,1,2,Action,wrong,0.0000,0,1,3
2693070_1,Casual|Racing|Simulation,Action|Adventure|Casual,partial,0.2000,1,2,2,Action|Racing,partial,0.2500,1,1,2,Action,wrong,0.0000,0,1,3
2693700_0,Adventure|Casual|Strategy,Action|Adventure|Casual,partial,0.5000,2,1,1,Adventure|Casual,partial,0.6667,2,0,1,Adventure|Casual,partial,0.6667,2,0,1
2693700_1,Adventure|Casual|Strategy,Action|Adventure|Casual,partial,0.5000,2,1,1,Adventure|Casual,partial,0.6667,2,0,1,Action|Adventure|Casual,partial,0.5000,2,1,1
2696170_0,RPG,Action|Adventure|Casual|RPG,partial,0.2500,1,3,0,Action|Casual|RPG,partial,0.3333,1,2,0,Action|Adventure|Casual|RPG,partial,0.2500,1,3,0
2696170_1,RPG,Action|Adventure|RPG,partial,0.3333,1,2,0,Action|Casual|RPG,partial,0.3333,1,2,0,Action|Casual|RPG,partial,0.3333,1,2,0
2698040_0,Action|Adventure|Casual|Strategy,Action|Adventure|Casual,partial,0.7500,3,0,1,Action|Casual|Simulation,partial,0.4000,2,1,2,Action|Adventure|Casual|Simulation,partial,0.6000,3,1,1
2698040_1,Action|Adventure|Casual|Strategy,Action|Adventure|Casual,partial,0.7500,3,0,1,Action|Casual|Simulation,partial,0.4000,2,1,2,Action|Adventure|Casual|Simulation,partial,0.6000,3,1,1
2701720_0,Casual|RPG|Simulation,Adventure|Casual|RPG|Strategy,partial,0.4000,2,2,1,Adventure|Casual|RPG,partial,0.5000,2,1,1,Adventure|Casual|RPG|Simulation,partial,0.7500,3,1,0
2701720_1,Casual|RPG|Simulation,Adventure|Casual|RPG|Simulation|Strategy,partial,0.6000,3,2,0,Adventure|Casual|RPG,partial,0.5000,2,1,1,Adventure|Casual|RPG,partial,0.5000,2,1,1
2702810_0,Casual|Racing,Action|Casual|Racing|Simulation,partial,0.5000,2,2,0,Action|Casual|Racing|Sports,partial,0.5000,2,2,0,Action|Casual|Racing|Sports,partial,0.5000,2,2,0
2702810_1,Casual|Racing,Action|Casual|Racing|Simulation,partial,0.5000,2,2,0,Action|Casual|Racing|Sports,partial,0.5000,2,2,0,Action|Casual|Racing|Sports,partial,0.5000,2,2,0
270610_0,Action|Adventure|RPG,Adventure|Casual,partial,0.2500,1,1,2,Action|Adventure|RPG,exact,1.0000,3,0,0,Action|Adventure|RPG,exact,1.0000,3,0,0
270610_1,Action|Adventure|RPG,Action|Adventure|Casual,partial,0.5000,2,1,1,Action|Adventure|RPG,exact,1.0000,3,0,0,Action|Adventure|RPG,exact,1.0000,3,0,0
271500_0,Action,Action|Adventure,partial,0.5000,1,1,0,Action|Simulation|Strategy,partial,0.3333,1,2,0,Action|Strategy,partial,0.5000,1,1,0
271500_1,Action,Action|Adventure|Simulation,partial,0.3333,1,2,0,Action|Simulation|Strategy,partial,0.3333,1,2,0,Action|Simulation|Strategy,partial,0.3333,1,2,0
271670_0,Action,Action|Adventure|Casual|RPG,partial,0.2500,1,3,0,Action|Adventure,partial,0.5000,1,1,0,Action|Adventure|Casual,partial,0.3333,1,2,0
271670_1,Action,Action|Adventure|Casual,partial,0.3333,1,2,0,Action|Adventure,partial,0.5000,1,1,0,Action|Adventure|Casual,partial,0.3333,1,2,0
2718710_0,Action|Adventure,Action|Adventure|Casual,partial,0.6667,2,1,0,Action|Adventure,exact,1.0000,2,0,0,Action|Adventure,exact,1.0000,2,0,0
2718710_1,Action|Adventure,Action|Adventure,exact,1.0000,2,0,0,Action|Adventure,exact,1.0000,2,0,0,Action|Adventure,exact,1.0000,2,0,0
2725650_0,Simulation|Sports,Action|Adventure|RPG,wrong,0.0000,0,3,2,Casual|Racing|Simulation|Sports,partial,0.5000,2,2,0,Casual|Racing|Simulation|Sports,partial,0.5000,2,2,0
2725650_1,Simulation|Sports,Action|Adventure|Simulation,partial,0.2500,1,2,1,Casual|Racing|Simulation|Sports,partial,0.5000,2,2,0,Casual|Racing|Simulation|Sports,partial,0.5000,2,2,0
272920_0,Action|Racing,Action|Adventure|RPG,partial,0.2500,1,2,1,Action|Racing|Simulation,partial,0.6667,2,1,0,Action|Adventure|Racing|Simulation,partial,0.5000,2,2,0
272920_1,Action|Racing,Action|Adventure|Simulation,partial,0.2500,1,2,1,Action|Racing|Simulation,partial,0.6667,2,1,0,Action|Racing|Simulation,partial,0.6667,2,1,0
2731640_0,RPG,Adventure|Casual|Simulation|Strategy,wrong,0.0000,0,4,1,Action|Adventure|RPG,partial,0.3333,1,2,0,Adventure|Casual|RPG,partial,0.3333,1,2,0
2731640_1,RPG,Action|Adventure|Casual|Strategy,wrong,0.0000,0,4,1,Action|Adventure|RPG,partial,0.3333,1,2,0,Adventure|Casual|RPG|Strategy,partial,0.2500,1,3,0
2733780_0,Adventure|Casual,Action|Adventure|Casual|RPG,partial,0.5000,2,2,0,Action|Adventure|Casual|Racing,partial,0.5000,2,2,0,Action|Adventure|Casual|Racing,partial,0.5000,2,2,0
2733780_1,Adventure|Casual,Action|Adventure|Casual,partial,0.6667,2,1,0,Action|Adventure|Casual|Racing,partial,0.5000,2,2,0,Action|Adventure|Casual|Racing,partial,0.5000,2,2,0
2734880_0,Adventure|RPG,Action|Adventure|Casual|Strategy,partial,0.2000,1,3,1,Action|Adventure|RPG|Strategy,partial,0.5000,2,2,0,Action|Adventure|Casual|RPG,partial,0.5000,2,2,0
2734880_1,Adventure|RPG,Action|Adventure|Casual|Strategy,partial,0.2000,1,3,1,Action|Adventure|RPG|Strategy,partial,0.5000,2,2,0,Action|Adventure|Casual|RPG|Strategy,partial,0.4000,2,3,0
2743020_0,RPG|Strategy,Action|Adventure|Casual,wrong,0.0000,0,3,2,Action|Adventure|Simulation,wrong,0.0000,0,3,2,Action|Adventure|Casual|Simulation,wrong,0.0000,0,4,2
2743020_1,RPG|Strategy,Action|Adventure|Casual,wrong,0.0000,0,3,2,Action|Adventure|Simulation,wrong,0.0000,0,3,2,Action|Adventure|Casual|Simulation,wrong,0.0000,0,4,2
2754570_0,Adventure|Casual,Action|Adventure|Casual,partial,0.6667,2,1,0,Action|Adventure|Simulation,partial,0.2500,1,2,1,Action|Adventure,partial,0.3333,1,1,1
2754570_1,Adventure|Casual,Casual|Simulation|Strategy,partial,0.2500,1,2,1,Action|Adventure|Simulation,partial,0.2500,1,2,1,Action|Adventure|Simulation,partial,0.2500,1,2,1
2755310_0,Action|Adventure|Casual,Action|Adventure,partial,0.6667,2,0,1,Action|Adventure,partial,0.6667,2,0,1,Action|Adventure,partial,0.6667,2,0,1
2755310_1,Action|Adventure|Casual,Action|Adventure,partial,0.6667,2,0,1,Action|Adventure,partial,0.6667,2,0,1,Action|Adventure,partial,0.6667,2,0,1
2757610_0,Adventure|Simulation,Action|Adventure|Casual|Simulation,partial,0.5000,2,2,0,Adventure|Casual,partial,0.3333,1,1,1,Adventure|Casual|Simulation,partial,0.6667,2,1,0
2757610_1,Adventure|Simulation,Simulation,partial,0.5000,1,0,1,Adventure|Casual,partial,0.3333,1,1,1,Adventure|Casual|Simulation,partial,0.6667,2,1,0
2760770_0,Casual,Casual|Strategy,partial,0.5000,1,1,0,Casual|Strategy,partial,0.5000,1,1,0,Casual|Strategy,partial,0.5000,1,1,0
2760770_1,Casual,Casual|Strategy,partial,0.5000,1,1,0,Casual|Strategy,partial,0.5000,1,1,0,Casual|Strategy,partial,0.5000,1,1,0
2764500_0,Adventure|RPG,Adventure|Casual|Simulation,partial,0.2500,1,2,1,Action|Adventure|Casual,partial,0.2500,1,2,1,Action|Casual,wrong,0.0000,0,2,2
2764500_1,Adventure|RPG,Action|Casual|Simulation|Strategy,wrong,0.0000,0,4,2,Action|Adventure|Casual,partial,0.2500,1,2,1,Casual,wrong,0.0000,0,1,2
2764690_0,Casual|Simulation|Strategy,Adventure|Casual|RPG|Simulation|Strategy,partial,0.6000,3,2,0,Casual|Simulation,partial,0.6667,2,0,1,Casual|Simulation,partial,0.6667,2,0,1
2764690_1,Casual|Simulation|Strategy,Casual|Simulation|Strategy,exact,1.0000,3,0,0,Casual|Simulation,partial,0.6667,2,0,1,Casual|Simulation,partial,0.6667,2,0,1
2766790_0,Casual|Strategy,Action|Adventure|Casual|Strategy,partial,0.5000,2,2,0,Casual|Simulation|Strategy,partial,0.6667,2,1,0,Casual|Strategy,exact,1.0000,2,0,0
2766790_1,Casual|Strategy,Adventure|Casual|Simulation|Strategy,partial,0.5000,2,2,0,Casual|Simulation|Strategy,partial,0.6667,2,1,0,Casual|Strategy,exact,1.0000,2,0,0
2766830_0,Action|RPG,Action|Adventure|Casual|Strategy,partial,0.2000,1,3,1,Action|Casual|RPG|Strategy,partial,0.5000,2,2,0,Action|Casual|RPG|Strategy,partial,0.5000,2,2,0
2766830_1,Action|RPG,Action|Casual|Strategy,partial,0.2500,1,2,1,Action|Casual|RPG|Strategy,partial,0.5000,2,2,0,Action|Casual|RPG|Strategy,partial,0.5000,2,2,0
2772320_0,Casual|Sports,Action|Adventure|Casual|Simulation,partial,0.2000,1,3,1,Action|Adventure|Casual,partial,0.2500,1,2,1,Action|Adventure|Casual,partial,0.2500,1,2,1
2772320_1,Casual|Sports,Action|Casual,partial,0.3333,1,1,1,Action|Adventure|Casual,partial,0.2500,1,2,1,Action|Adventure|Casual,partial,0.2500,1,2,1
2776660_0,Sports,Action|Adventure|Casual,wrong,0.0000,0,3,1,Action|Casual,wrong,0.0000,0,2,1,Action|Casual|Sports,partial,0.3333,1,2,0
2776660_1,Sports,Action|Adventure|Casual|Simulation|Sports,partial,0.2000,1,4,0,Action|Casual,wrong,0.0000,0,2,1,Action|Casual|Racing|Sports,partial,0.2500,1,3,0
277751_0,Simulation,Action|Adventure|Casual,wrong,0.0000,0,3,1,Adventure,wrong,0.0000,0,1,1,Adventure|Casual,wrong,0.0000,0,2,1
277751_1,Simulation,Action|Adventure|Casual,wrong,0.0000,0,3,1,Adventure,wrong,0.0000,0,1,1,Adventure|Casual|Simulation,partial,0.3333,1,2,0
2777670_0,Casual|Simulation|Strategy,Adventure|Casual,partial,0.2500,1,1,2,Casual|Strategy,partial,0.6667,2,0,1,Casual,partial,0.3333,1,0,2
2777670_1,Casual|Simulation|Strategy,Casual|Strategy,partial,0.6667,2,0,1,Casual|Strategy,partial,0.6667,2,0,1,Casual,partial,0.3333,1,0,2
2780940_0,Casual|Simulation,Action|Adventure|Casual,partial,0.2500,1,2,1,Action|Adventure|Casual,partial,0.2500,1,2,1,Action|Adventure|Casual,partial,0.2500,1,2,1
2780940_1,Casual|Simulation,Action|Adventure|Casual,partial,0.2500,1,2,1,Action|Adventure|Casual,partial,0.2500,1,2,1,Action|Adventure|Casual,partial,0.2500,1,2,1
2781430_0,Casual,Adventure|Casual|Simulation,partial,0.3333,1,2,0,Casual|Simulation,partial,0.5000,1,1,0,Casual|Simulation,partial,0.5000,1,1,0
2781430_1,Casual,Adventure|Casual,partial,0.5000,1,1,0,Casual|Simulation,partial,0.5000,1,1,0,Casual,exact,1.0000,1,0,0
2782270_0,Action|Casual,Action|Adventure|Casual,partial,0.6667,2,1,0,Action|Casual,exact,1.0000,2,0,0,Action|Casual|Sports,partial,0.6667,2,1,0
2782270_1,Action|Casual,Action|Adventure|Casual,partial,0.6667,2,1,0,Action|Casual,exact,1.0000,2,0,0,Action|Casual,exact,1.0000,2,0,0
2793550_0,Action|RPG|Sports,Action|Adventure|Casual|Simulation|Sports,partial,0.3333,2,3,1,Casual,wrong,0.0000,0,1,3,Adventure|Casual|Simulation|Sports,partial,0.1667,1,3,2
2793550_1,Action|RPG|Sports,Adventure|Casual|Simulation,wrong,0.0000,0,3,3,Casual,wrong,0.0000,0,1,3,Casual,wrong,0.0000,0,1,3
280560_0,Action,Action|Casual|Simulation,partial,0.3333,1,2,0,Action,exact,1.0000,1,0,0,Action,exact,1.0000,1,0,0
280560_1,Action,Action|Casual,partial,0.5000,1,1,0,Action,exact,1.0000,1,0,0,Action,exact,1.0000,1,0,0
2807290_0,Adventure|Casual,Action|Adventure|Casual|Strategy,partial,0.5000,2,2,0,Adventure,partial,0.5000,1,0,1,Action|Adventure|Casual,partial,0.6667,2,1,0
2807290_1,Adventure|Casual,Action|Adventure|Casual|RPG,partial,0.5000,2,2,0,Adventure,partial,0.5000,1,0,1,Action|Adventure|Casual,partial,0.6667,2,1,0
281280_0,Racing,Action|Casual|Racing|Simulation|Sports,partial,0.2000,1,4,0,Action|Casual|Sports,wrong,0.0000,0,3,1,Action|Casual|Racing|Sports,partial,0.2500,1,3,0
281280_1,Racing,Action|Casual|Racing|Simulation|Sports,partial,0.2000,1,4,0,Action|Casual|Sports,wrong,0.0000,0,3,1,Action|Casual|Racing|Sports,partial,0.2500,1,3,0
2819630_0,Casual,Adventure|Casual|Simulation|Strategy,partial,0.2500,1,3,0,Adventure|Casual,partial,0.5000,1,1,0,Casual,exact,1.0000,1,0,0
2819630_1,Casual,Adventure|Casual|RPG|Simulation|Strategy,partial,0.2000,1,4,0,Adventure|Casual,partial,0.5000,1,1,0,Adventure|Casual,partial,0.5000,1,1,0
2820940_0,Adventure|RPG,Adventure|Casual|RPG,partial,0.6667,2,1,0,Adventure|Casual|Simulation,partial,0.2500,1,2,1,Adventure|Casual|Simulation,partial,0.2500,1,2,1
2820940_1,Adventure|RPG,Adventure|Casual|RPG,partial,0.6667,2,1,0,Adventure|Casual|Simulation,partial,0.2500,1,2,1,Adventure|Casual|RPG|Simulation,partial,0.5000,2,2,0
2822630_0,Action|Adventure|Sports,Casual|Simulation|Sports,partial,0.2000,1,2,2,Action|Casual,partial,0.2500,1,1,2,Action|Sports,partial,0.6667,2,0,1
2822630_1,Action|Adventure|Sports,Action|Racing|Simulation|Sports,partial,0.4000,2,2,1,Action|Casual,partial,0.2500,1,1,2,Action,partial,0.3333,1,0,2
2829240_0,Action,Casual|Strategy,wrong,0.0000,0,2,1,Action|Casual,partial,0.5000,1,1,0,Action|Casual,partial,0.5000,1,1,0
2829240_1,Action,Casual|Strategy,wrong,0.0000,0,2,1,Action|Casual,partial,0.5000,1,1,0,Action|Casual,partial,0.5000,1,1,0
2829270_0,Casual|Simulation,Action|Adventure|Casual,partial,0.2500,1,2,1,Casual|Simulation,exact,1.0000,2,0,0,Casual|Simulation,exact,1.0000,2,0,0
2829270_1,Casual|Simulation,Action|Adventure|Casual,partial,0.2500,1,2,1,Casual|Simulation,exact,1.0000,2,0,0,Casual|Simulation,exact,1.0000,2,0,0
2842570_0,Action,Action|Adventure|Casual|Racing|Simulation,partial,0.2000,1,4,0,Action,exact,1.0000,1,0,0,Action,exact,1.0000,1,0,0
2842570_1,Action,Action|Adventure|Casual,partial,0.3333,1,2,0,Action,exact,1.0000,1,0,0,Action|Casual,partial,0.5000,1,1,0
2843080_0,Action|Racing,Action|Adventure|Casual,partial,0.2500,1,2,1,Action|Casual|Racing,partial,0.6667,2,1,0,Action|Casual|Racing,partial,0.6667,2,1,0
2843080_1,Action|Racing,Action|Adventure|Casual|Racing,partial,0.5000,2,2,0,Action|Casual|Racing,partial,0.6667,2,1,0,Action|Casual|Racing,partial,0.6667,2,1,0
2846660_0,Adventure|Simulation,Action|Adventure|RPG|Simulation,partial,0.5000,2,2,0,Adventure|Casual,partial,0.3333,1,1,1,Adventure|Casual,partial,0.3333,1,1,1
2846660_1,Adventure|Simulation,Action|Adventure|Casual|Simulation,partial,0.5000,2,2,0,Adventure|Casual,partial,0.3333,1,1,1,Adventure|Casual,partial,0.3333,1,1,1
2847980_0,Casual|Simulation|Strategy,Casual|Simulation|Strategy,exact,1.0000,3,0,0,Simulation|Strategy,partial,0.6667,2,0,1,Simulation|Strategy,partial,0.6667,2,0,1
2847980_1,Casual|Simulation|Strategy,Adventure|Casual|Simulation|Strategy,partial,0.7500,3,1,0,Simulation|Strategy,partial,0.6667,2,0,1,Simulation|Strategy,partial,0.6667,2,0,1
2851290_0,Casual,Action|Adventure|Casual|Strategy,partial,0.2500,1,3,0,Adventure|Casual|Strategy,partial,0.3333,1,2,0,Casual|Strategy,partial,0.5000,1,1,0
2851290_1,Casual,Action|Adventure,wrong,0.0000,0,2,1,Adventure|Casual|Strategy,partial,0.3333,1,2,0,Casual,exact,1.0000,1,0,0
2854990_0,Adventure|RPG,Adventure|Casual|RPG,partial,0.6667,2,1,0,Action|Adventure|Casual,partial,0.2500,1,2,1,Adventure|Casual|RPG,partial,0.6667,2,1,0
2854990_1,Adventure|RPG,Adventure|RPG,exact,1.0000,2,0,0,Action|Adventure|Casual,partial,0.2500,1,2,1,Adventure|Casual|RPG,partial,0.6667,2,1,0
2855010_0,Action|Adventure|Casual,Action|Adventure|Casual,exact,1.0000,3,0,0,Adventure|Casual,partial,0.6667,2,0,1,Adventure|Casual,partial,0.6667,2,0,1
2855010_1,Action|Adventure|Casual,Action|Adventure|Casual|Simulation,partial,0.7500,3,1,0,Adventure|Casual,partial,0.6667,2,0,1,Action|Adventure|Casual,exact,1.0000,3,0,0
2855710_0,Action|Adventure|Casual|Strategy,Action|Adventure|Casual|Simulation,partial,0.6000,3,1,1,Action,partial,0.2500,1,0,3,Action|Casual,partial,0.5000,2,0,2
2855710_1,Action|Adventure|Casual|Strategy,Action|Adventure|Casual,partial,0.7500,3,0,1,Action,partial,0.2500,1,0,3,Action|Casual,partial,0.5000,2,0,2
2860580_0,Action,Action|Adventure|Casual,partial,0.3333,1,2,0,Action|Adventure|Casual,partial,0.3333,1,2,0,Action|Casual|Racing,partial,0.3333,1,2,0
2860580_1,Action,Action|Adventure|Casual,partial,0.3333,1,2,0,Action|Adventure|Casual,partial,0.3333,1,2,0,Action|Casual|Racing,partial,0.3333,1,2,0
2864560_0,Action|Adventure|RPG,Action|Adventure|Casual|Simulation,partial,0.4000,2,2,1,Action|Adventure|Casual|RPG|Simulation,partial,0.6000,3,2,0,Action|Adventure|Casual|RPG|Simulation,partial,0.6000,3,2,0
2864560_1,Action|Adventure|RPG,Action|Adventure|Casual|RPG|Simulation|Strategy,partial,0.5000,3,3,0,Action|Adventure|Casual|RPG|Simulation,partial,0.6000,3,2,0,Action|Adventure|Casual|RPG,partial,0.7500,3,1,0
2865670_0,Action|Adventure|Racing|Sports,Action|Adventure|Casual,partial,0.4000,2,1,2,Action|Adventure,partial,0.5000,2,0,2,Action|Adventure,partial,0.5000,2,0,2
2865670_1,Action|Adventure|Racing|Sports,Action|Adventure|Casual,partial,0.4000,2,1,2,Action|Adventure,partial,0.5000,2,0,2,Action,partial,0.2500,1,0,3
2875960_0,Action,Action|Adventure|Casual|RPG,partial,0.2500,1,3,0,Action,exact,1.0000,1,0,0,Action,exact,1.0000,1,0,0
2875960_1,Action,Action|Adventure|Casual,partial,0.3333,1,2,0,Action,exact,1.0000,1,0,0,Action|Casual,partial,0.5000,1,1,0
2876360_0,Adventure,Action|Adventure|Casual,partial,0.3333,1,2,0,Action|Adventure,partial,0.5000,1,1,0,Action|Adventure,partial,0.5000,1,1,0
2876360_1,Adventure,Action|Adventure|Casual,partial,0.3333,1,2,0,Action|Adventure,partial,0.5000,1,1,0,Action|Adventure,partial,0.5000,1,1,0
2876920_0,Casual,Action|Adventure|Casual|Strategy,partial,0.2500,1,3,0,Casual,exact,1.0000,1,0,0,Casual,exact,1.0000,1,0,0
2876920_1,Casual,Adventure|Casual|Strategy,partial,0.3333,1,2,0,Casual,exact,1.0000,1,0,0,Casual,exact,1.0000,1,0,0
2879770_0,Action|Adventure,Action|Adventure|Casual,partial,0.6667,2,1,0,Action|Adventure,exact,1.0000,2,0,0,Action|Adventure|Casual,partial,0.6667,2,1,0
2879770_1,Action|Adventure,Action|Adventure|Simulation,partial,0.6667,2,1,0,Action|Adventure,exact,1.0000,2,0,0,Action|Adventure,exact,1.0000,2,0,0
2881170_0,Action|Adventure,Action|Adventure,exact,1.0000,2,0,0,Action|Adventure|Simulation,partial,0.6667,2,1,0,Action|Adventure,exact,1.0000,2,0,0
2881170_1,Action|Adventure,Action|Adventure,exact,1.0000,2,0,0,Action|Adventure|Simulation,partial,0.6667,2,1,0,Action|Adventure,exact,1.0000,2,0,0
2884670_0,Racing|Strategy,Adventure|Casual|RPG,wrong,0.0000,0,3,2,Casual,wrong,0.0000,0,1,2,Casual,wrong,0.0000,0,1,2
2884670_1,Racing|Strategy,Action|Adventure|Casual|RPG,wrong,0.0000,0,4,2,Casual,wrong,0.0000,0,1,2,Casual,wrong,0.0000,0,1,2
2886950_0,Adventure,Casual|Strategy,wrong,0.0000,0,2,1,Adventure|Casual,partial,0.5000,1,1,0,Casual,wrong,0.0000,0,1,1
2888700_0,RPG,Action|Adventure,wrong,0.0000,0,2,1,Action|Adventure|Simulation,wrong,0.0000,0,3,1,Action|Adventure|Simulation,wrong,0.0000,0,3,1
2888700_1,RPG,Action|Adventure,wrong,0.0000,0,2,1,Action|Adventure|Simulation,wrong,0.0000,0,3,1,Action|Adventure|Simulation,wrong,0.0000,0,3,1
2892590_0,Adventure,Action|Adventure|Casual,partial,0.3333,1,2,0,Adventure|Casual,partial,0.5000,1,1,0,Action|Adventure|Casual,partial,0.3333,1,2,0
2893110_0,Action,Adventure|Casual,wrong,0.0000,0,2,1,Action,exact,1.0000,1,0,0,Action,exact,1.0000,1,0,0
2893110_1,Action,Action|Adventure|RPG,partial,0.3333,1,2,0,Action,exact,1.0000,1,0,0,Action,exact,1.0000,1,0,0
2893530_0,Adventure|RPG,Action|Adventure|Casual|Simulation,partial,0.2000,1,3,1,Action|Adventure|RPG,partial,0.6667,2,1,0,Action|Adventure|Casual|RPG,partial,0.5000,2,2,0
2893530_1,Adventure|RPG,Action|Adventure|Casual|Simulation,partial,0.2000,1,3,1,Action|Adventure|RPG,partial,0.6667,2,1,0,Action|Adventure|Casual,partial,0.2500,1,2,1
289650_0,Action|Adventure,Action|Adventure|RPG,partial,0.6667,2,1,0,Adventure,partial,0.5000,1,0,1,Action|Adventure,exact,1.0000,2,0,0
289650_1,Action|Adventure,Action|Adventure|RPG,partial,0.6667,2,1,0,Adventure,partial,0.5000,1,0,1,Action|Adventure|RPG,partial,0.6667,2,1,0
2898350_0,Simulation|Sports,Action|Adventure|Simulation,partial,0.2500,1,2,1,Action|Simulation|Sports,partial,0.6667,2,1,0,Simulation|Sports,exact,1.0000,2,0,0
2898350_1,Simulation|Sports,Action|Adventure|Casual|RPG,wrong,0.0000,0,4,2,Action|Simulation|Sports,partial,0.6667,2,1,0,Simulation|Sports,exact,1.0000,2,0,0
2900420_0,Casual|Simulation|Strategy,Action|Adventure|Casual|Strategy,partial,0.4000,2,2,1,Action|Casual,partial,0.2500,1,1,2,Casual,partial,0.3333,1,0,2
2900420_1,Casual|Simulation|Strategy,Casual|Strategy,partial,0.6667,2,0,1,Action|Casual,partial,0.2500,1,1,2,Casual,partial,0.3333,1,0,2
290440_0,Action,Action|Adventure|Casual,partial,0.3333,1,2,0,Action|Adventure,partial,0.5000,1,1,0,Action|Adventure,partial,0.5000,1,1,0
290440_1,Action,Action|Adventure,partial,0.5000,1,1,0,Action|Adventure,partial,0.5000,1,1,0,Action|Adventure,partial,0.5000,1,1,0
2905290_0,Adventure|Casual|Simulation,Adventure|Casual|RPG|Simulation|Strategy,partial,0.6000,3,2,0,Casual|Racing|Simulation|Sports,partial,0.4000,2,2,1,Casual|Racing|Simulation|Sports,partial,0.4000,2,2,1
2905290_1,Adventure|Casual|Simulation,Action|Adventure,partial,0.2500,1,1,2,Casual|Racing|Simulation|Sports,partial,0.4000,2,2,1,Casual|Racing|Simulation|Sports,partial,0.4000,2,2,1
2910990_0,Action|Casual,Action|Adventure|Casual|RPG|Strategy,partial,0.4000,2,3,0,Action|Adventure|RPG,partial,0.2500,1,2,1,Action|Casual|Strategy,partial,0.6667,2,1,0
2910990_1,Action|Casual,RPG|Simulation|Strategy,wrong,0.0000,0,3,2,Action|Adventure|RPG,partial,0.2500,1,2,1,Action|Casual|RPG|Strategy,partial,0.5000,2,2,0
2916310_0,Action|Adventure|Strategy,Action|Adventure|Simulation,partial,0.5000,2,1,1,Action|Adventure,partial,0.6667,2,0,1,Action|Adventure,partial,0.6667,2,0,1
2916310_1,Action|Adventure|Strategy,Action|Adventure,partial,0.6667,2,0,1,Action|Adventure,partial,0.6667,2,0,1,Action|Adventure,partial,0.6667,2,0,1
2923210_0,Adventure|Casual|Simulation,Casual|Simulation|Strategy,partial,0.5000,2,1,1,Adventure|Casual,partial,0.6667,2,0,1,Adventure|Casual|Simulation,exact,1.0000,3,0,0
2923210_1,Adventure|Casual|Simulation,Casual|Simulation,partial,0.6667,2,0,1,Adventure|Casual,partial,0.6667,2,0,1,Adventure|Casual|Simulation,exact,1.0000,3,0,0
2923920_0,Strategy,Adventure|Casual|RPG|Simulation|Strategy,partial,0.2000,1,4,0,Casual|Strategy,partial,0.5000,1,1,0,Casual|RPG|Strategy,partial,0.3333,1,2,0
2923920_1,Strategy,Action|Adventure|Casual,wrong,0.0000,0,3,1,Casual|Strategy,partial,0.5000,1,1,0,Casual|Strategy,partial,0.5000,1,1,0
2926080_0,Casual|RPG|Strategy,Adventure|Casual|RPG|Simulation|Strategy,partial,0.6000,3,2,0,Action|Casual|RPG|Strategy,partial,0.7500,3,1,0,Casual|RPG|Strategy,exact,1.0000,3,0,0
2926080_1,Casual|RPG|Strategy,Casual|RPG|Simulation|Strategy,partial,0.7500,3,1,0,Action|Casual|RPG|Strategy,partial,0.7500,3,1,0,Casual|RPG|Strategy,exact,1.0000,3,0,0
292910_0,Adventure,Adventure|Casual,partial,0.5000,1,1,0,Action|Adventure,partial,0.5000,1,1,0,Adventure|Casual|Simulation,partial,0.3333,1,2,0
292910_1,Adventure,Action|Adventure|Casual|Simulation,partial,0.2500,1,3,0,Action|Adventure,partial,0.5000,1,1,0,Action|Adventure|Casual|Simulation,partial,0.2500,1,3,0
2934930_0,Action|Strategy,Action|Adventure|Casual,partial,0.2500,1,2,1,Action,partial,0.5000,1,0,1,Action|Casual,partial,0.3333,1,1,1
2934930_1,Action|Strategy,Action|Adventure|Casual,partial,0.2500,1,2,1,Action,partial,0.5000,1,0,1,Action|Casual,partial,0.3333,1,1,1
2936030_0,RPG,Action|Adventure|Casual,wrong,0.0000,0,3,1,Action|Adventure|RPG|Simulation|Strategy,partial,0.2000,1,4,0,Action|Casual|Strategy,wrong,0.0000,0,3,1
2936030_1,RPG,Action|Casual,wrong,0.0000,0,2,1,Action|Adventure|RPG|Simulation|Strategy,partial,0.2000,1,4,0,Action|Casual|Strategy,wrong,0.0000,0,3,1
2937820_0,Strategy,Action|Adventure|Casual|RPG,wrong,0.0000,0,4,1,Action|Strategy,partial,0.5000,1,1,0,Action|Strategy,partial,0.5000,1,1,0
2937820_1,Strategy,Action|Adventure|Casual|RPG,wrong,0.0000,0,4,1,Action|Strategy,partial,0.5000,1,1,0,Action|Strategy,partial,0.5000,1,1,0
2939460_0,Action|Casual,Action|Adventure|Casual,partial,0.6667,2,1,0,Action,partial,0.5000,1,0,1,Action|Casual,exact,1.0000,2,0,0
2939460_1,Action|Casual,Action|Adventure|Casual|RPG,partial,0.5000,2,2,0,Action,partial,0.5000,1,0,1,Action|Casual,exact,1.0000,2,0,0
2941600_0,Casual|RPG|Strategy,Adventure|Casual|RPG,partial,0.5000,2,1,1,Action|Casual,partial,0.2500,1,1,2,Action|Casual|RPG|Strategy,partial,0.7500,3,1,0
2941600_1,Casual|RPG|Strategy,Casual|Strategy,partial,0.6667,2,0,1,Action|Casual,partial,0.2500,1,1,2,Casual|Strategy,partial,0.6667,2,0,1
2942780_0,Adventure|Casual|RPG,Action|Adventure|Casual|RPG,partial,0.7500,3,1,0,Casual|RPG|Strategy,partial,0.5000,2,1,1,Casual|RPG|Strategy,partial,0.5000,2,1,1
2942780_1,Adventure|Casual|RPG,Action|Adventure|RPG|Strategy,partial,0.4000,2,2,1,Casual|RPG|Strategy,partial,0.5000,2,1,1,Casual|RPG|Strategy,partial,0.5000,2,1,1
2943280_0,Adventure|RPG|Simulation|Strategy,Action|Adventure|Casual|Simulation|Strategy,partial,0.5000,3,2,1,Action|Adventure|RPG|Simulation|Strategy,partial,0.8000,4,1,0,Action|Adventure|Casual|Simulation|Strategy,partial,0.5000,3,2,1
2943280_1,Adventure|RPG|Simulation|Strategy,Action|Adventure|Casual|Simulation,partial,0.3333,2,2,2,Action|Adventure|RPG|Simulation|Strategy,partial,0.8000,4,1,0,Action|Adventure|Casual|RPG|Simulation|Strategy,partial,0.6667,4,2,0
2943550_0,Action|Adventure|Casual|RPG,Action|Adventure|Casual|Simulation,partial,0.6000,3,1,1,Adventure|Casual,partial,0.5000,2,0,2,Action|Adventure|Casual,partial,0.7500,3,0,1
2943550_1,Action|Adventure|Casual|RPG,Action|Adventure|Casual|Simulation,partial,0.6000,3,1,1,Adventure|Casual,partial,0.5000,2,0,2,Action|Adventure|Casual,partial,0.7500,3,0,1
295650_0,Action|Adventure,Action|Adventure|Casual|Racing|Simulation,partial,0.4000,2,3,0,Action|Adventure,exact,1.0000,2,0,0,Action|Adventure|Casual|Racing,partial,0.5000,2,2,0
295650_1,Action|Adventure,Action|Adventure|Casual|Racing|Simulation,partial,0.4000,2,3,0,Action|Adventure,exact,1.0000,2,0,0,Action|Adventure|Casual|Racing,partial,0.5000,2,2,0
2957970_0,Adventure,Action|Adventure|Simulation,partial,0.3333,1,2,0,Action|Adventure,partial,0.5000,1,1,0,Action|Adventure,partial,0.5000,1,1,0
2957970_1,Adventure,Action|Adventure|Casual|Simulation,partial,0.2500,1,3,0,Action|Adventure,partial,0.5000,1,1,0,Action|Adventure,partial,0.5000,1,1,0
2959610_0,Simulation,Action|Adventure|Casual|Simulation,partial,0.2500,1,3,0,Simulation,exact,1.0000,1,0,0,Casual|Simulation,partial,0.5000,1,1,0
2959610_1,Simulation,Action|Adventure|Casual|Simulation,partial,0.2500,1,3,0,Simulation,exact,1.0000,1,0,0,Casual|Simulation,partial,0.5000,1,1,0
2960280_0,Casual|Simulation,Action|Adventure|Casual|Simulation,partial,0.5000,2,2,0,Casual|Simulation,exact,1.0000,2,0,0,Casual|Simulation,exact,1.0000,2,0,0
2960280_1,Casual|Simulation,Action|Casual|Racing|Simulation|Sports,partial,0.4000,2,3,0,Casual|Simulation,exact,1.0000,2,0,0,Adventure|Casual|Simulation,partial,0.6667,2,1,0
2989450_0,Action,Casual|Strategy,wrong,0.0000,0,2,1,Action|Casual,partial,0.5000,1,1,0,Action|Casual,partial,0.5000,1,1,0
2989450_1,Action,Action|Casual|Strategy,partial,0.3333,1,2,0,Action|Casual,partial,0.5000,1,1,0,Action|Casual,partial,0.5000,1,1,0
2990510_0,Casual|Simulation|Strategy,Adventure|Casual|RPG|Simulation|Strategy,partial,0.6000,3,2,0,Adventure|Casual|Simulation,partial,0.5000,2,1,1,Casual|Simulation|Strategy,exact,1.0000,3,0,0
2990510_1,Casual|Simulation|Strategy,Casual|Simulation|Strategy,exact,1.0000,3,0,0,Adventure|Casual|Simulation,partial,0.5000,2,1,1,Casual|Simulation|Strategy,exact,1.0000,3,0,0
2992810_0,Action,Action|Adventure|Casual,partial,0.3333,1,2,0,Adventure|Casual|Simulation,wrong,0.0000,0,3,1,Action|Adventure|Casual|Simulation,partial,0.2500,1,3,0
2992810_1,Action,Action|Adventure|Casual,partial,0.3333,1,2,0,Adventure|Casual|Simulation,wrong,0.0000,0,3,1,Adventure|Casual|Simulation,wrong,0.0000,0,3,1
3002510_0,Action|Adventure,Action|Adventure|Casual,partial,0.6667,2,1,0,Adventure|Casual,partial,0.3333,1,1,1,Action|Adventure|Casual,partial,0.6667,2,1,0
3002510_1,Action|Adventure,Action|Adventure|Casual,partial,0.6667,2,1,0,Adventure|Casual,partial,0.3333,1,1,1,Adventure|Casual,partial,0.3333,1,1,1
3005740_0,Strategy,Action|Adventure|Casual,wrong,0.0000,0,3,1,Casual,wrong,0.0000,0,1,1,Action|Casual,wrong,0.0000,0,2,1
3005740_1,Strategy,Action|Adventure|Casual,wrong,0.0000,0,3,1,Casual,wrong,0.0000,0,1,1,Casual,wrong,0.0000,0,1,1
3014090_0,Action|Adventure|Casual|RPG,Action|Adventure|Casual|Simulation,partial,0.6000,3,1,1,Adventure,partial,0.2500,1,0,3,Action|Adventure,partial,0.5000,2,0,2
3014090_1,Action|Adventure|Casual|RPG,Action|Adventure|Casual,partial,0.7500,3,0,1,Adventure,partial,0.2500,1,0,3,Action|Adventure,partial,0.5000,2,0,2
3015850_0,Adventure|Casual|Simulation|Strategy,Action|Adventure|Casual|Simulation,partial,0.6000,3,1,1,Action|Adventure,partial,0.2000,1,1,3,Action|Adventure|Simulation,partial,0.4000,2,1,2
3015850_1,Adventure|Casual|Simulation|Strategy,Action|Adventure|Casual,partial,0.4000,2,1,2,Action|Adventure,partial,0.2000,1,1,3,Action|Adventure|Simulation,partial,0.4000,2,1,2
301650_0,Action|Strategy,Action|Adventure,partial,0.3333,1,1,1,Action,partial,0.5000,1,0,1,Action|Adventure|RPG,partial,0.2500,1,2,1
301650_1,Action|Strategy,Action|Adventure|Racing|Simulation,partial,0.2000,1,3,1,Action,partial,0.5000,1,0,1,Action,partial,0.5000,1,0,1
3025320_0,Casual|RPG|Simulation,Casual|Strategy,partial,0.2500,1,1,2,Action|Adventure|Casual,partial,0.2000,1,2,2,Casual|RPG|Simulation,exact,1.0000,3,0,0
3025320_1,Casual|RPG|Simulation,Casual|Simulation|Strategy,partial,0.5000,2,1,1,Action|Adventure|Casual,partial,0.2000,1,2,2,Casual|RPG|Simulation,exact,1.0000,3,0,0
3028990_0,Casual,Action|Adventure|Casual,partial,0.3333,1,2,0,Action|Casual,partial,0.5000,1,1,0,Action|Casual|Racing,partial,0.3333,1,2,0
3028990_1,Casual,Action|Casual|Racing|Simulation,partial,0.2500,1,3,0,Action|Casual,partial,0.5000,1,1,0,Casual|Racing,partial,0.5000,1,1,0
3029680_0,Action|Strategy,Action|Adventure|Casual|RPG,partial,0.2000,1,3,1,Action|Casual|Strategy,partial,0.6667,2,1,0,Casual|Strategy,partial,0.3333,1,1,1
3029680_1,Action|Strategy,Action|Adventure|Casual,partial,0.2500,1,2,1,Action|Casual|Strategy,partial,0.6667,2,1,0,Action|Casual|Strategy,partial,0.6667,2,1,0
3030130_0,Strategy,Casual|Simulation|Strategy,partial,0.3333,1,2,0,Action|Adventure|Casual|RPG,wrong,0.0000,0,4,1,Casual|RPG|Strategy,partial,0.3333,1,2,0
3030130_1,Strategy,Casual|Simulation|Strategy,partial,0.3333,1,2,0,Action|Adventure|Casual|RPG,wrong,0.0000,0,4,1,Casual|RPG|Strategy,partial,0.3333,1,2,0
3032010_0,Adventure,Action|Adventure|Casual,partial,0.3333,1,2,0,Adventure|Casual|Simulation,partial,0.3333,1,2,0,Adventure|Casual,partial,0.5000,1,1,0
3032010_1,Adventure,Action|Adventure|Casual|Simulation,partial,0.2500,1,3,0,Adventure|Casual|Simulation,partial,0.3333,1,2,0,Adventure|Casual|Simulation,partial,0.3333,1,2,0
3033180_0,Action|Adventure|RPG|Racing|Strategy,Action|Adventure|RPG,partial,0.6000,3,0,2,Action|Adventure|RPG,partial,0.6000,3,0,2,Action|Adventure|RPG,partial,0.6000,3,0,2
3033180_1,Action|Adventure|RPG|Racing|Strategy,Action|Adventure|Casual,partial,0.3333,2,1,3,Action|Adventure|RPG,partial,0.6000,3,0,2,Action|Adventure|Casual|RPG,partial,0.5000,3,1,2
3036630_0,Casual|Strategy,Action|Adventure|Casual,partial,0.2500,1,2,1,Casual|Strategy,exact,1.0000,2,0,0,Casual|Strategy,exact,1.0000,2,0,0
3036630_1,Casual|Strategy,Action|Adventure|Casual,partial,0.2500,1,2,1,Casual|Strategy,exact,1.0000,2,0,0,Casual|Strategy,exact,1.0000,2,0,0
3039250_0,Racing,Action|Casual|Racing|Simulation,partial,0.2500,1,3,0,Action|Adventure|Racing,partial,0.3333,1,2,0,Action|Racing,partial,0.5000,1,1,0
3039250_1,Racing,Action|Simulation,wrong,0.0000,0,2,1,Action|Adventure|Racing,partial,0.3333,1,2,0,Action|Racing,partial,0.5000,1,1,0
3039890_0,Action|Adventure,Action|Adventure|Casual|RPG,partial,0.5000,2,2,0,Action|Adventure,exact,1.0000,2,0,0,Action|Adventure|Casual,partial,0.6667,2,1,0
3039890_1,Action|Adventure,Action|Adventure|Casual,partial,0.6667,2,1,0,Action|Adventure,exact,1.0000,2,0,0,Action|Adventure|Casual,partial,0.6667,2,1,0
3043090_0,Action|Racing|Simulation|Sports,Action|Racing|Simulation|Sports,exact,1.0000,4,0,0,Action|Racing|Simulation|Sports,exact,1.0000,4,0,0,Action|Racing|Simulation|Sports,exact,1.0000,4,0,0
3043090_1,Action|Racing|Simulation|Sports,Action|Racing|Simulation|Sports,exact,1.0000,4,0,0,Action|Racing|Simulation|Sports,exact,1.0000,4,0,0,Action|Racing|Simulation|Sports,exact,1.0000,4,0,0
304430_0,Action|Adventure,Action|Adventure|Simulation,partial,0.6667,2,1,0,Action|Adventure,exact,1.0000,2,0,0,Action|Adventure,exact,1.0000,2,0,0
304430_1,Action|Adventure,Action|Adventure,exact,1.0000,2,0,0,Action|Adventure,exact,1.0000,2,0,0,Action|Adventure,exact,1.0000,2,0,0
3047500_0,RPG,Adventure|Casual|RPG,partial,0.3333,1,2,0,Adventure|RPG|Strategy,partial,0.3333,1,2,0,Adventure|RPG|Strategy,partial,0.3333,1,2,0
3047500_1,RPG,Action|Adventure|Casual|RPG|Strategy,partial,0.2000,1,4,0,Adventure|RPG|Strategy,partial,0.3333,1,2,0,Adventure|RPG|Strategy,partial,0.3333,1,2,0
3048210_1,Simulation,Action|Adventure|Casual|Simulation,partial,0.2500,1,3,0,Casual|Simulation,partial,0.5000,1,1,0,Casual|Simulation,partial,0.5000,1,1,0
3052150_0,Action|Adventure,Action|Adventure|Casual|Simulation,partial,0.5000,2,2,0,Adventure|Casual|RPG|Simulation,partial,0.2000,1,3,1,Adventure|Casual|Simulation,partial,0.2500,1,2,1
3052150_1,Action|Adventure,Action|Adventure|RPG,partial,0.6667,2,1,0,Adventure|Casual|RPG|Simulation,partial,0.2000,1,3,1,Action|Adventure|Casual|RPG|Simulation,partial,0.4000,2,3,0
3053370_0,Adventure|RPG,Action|Adventure|Casual,partial,0.2500,1,2,1,Adventure,partial,0.5000,1,0,1,Adventure,partial,0.5000,1,0,1
306350_0,Action|Racing|Sports,Action|Adventure,partial,0.2500,1,1,2,Action|Racing|Simulation|Sports,partial,0.7500,3,1,0,Action|Racing|Sports,exact,1.0000,3,0,0
306350_1,Action|Racing|Sports,Action|Simulation|Strategy,partial,0.2000,1,2,2,Action|Racing|Simulation|Sports,partial,0.7500,3,1,0,Racing|Simulation|Sports,partial,0.5000,2,1,1
3063780_0,Action|Adventure|RPG|Strategy,Action|Adventure,partial,0.5000,2,0,2,Action|Adventure,partial,0.5000,2,0,2,Action|Adventure,partial,0.5000,2,0,2
3063780_1,Action|Adventure|RPG|Strategy,Action|Adventure,partial,0.5000,2,0,2,Action|Adventure,partial,0.5000,2,0,2,Action|Adventure,partial,0.5000,2,0,2
3064950_0,Simulation,Adventure|Casual|RPG|Simulation,partial,0.2500,1,3,0,Adventure|Casual|Simulation,partial,0.3333,1,2,0,Adventure|Casual|Simulation,partial,0.3333,1,2,0
306550_0,RPG,Adventure|Casual|RPG|Strategy,partial,0.2500,1,3,0,Action|Adventure|RPG,partial,0.3333,1,2,0,Action|Adventure|Casual|RPG|Strategy,partial,0.2000,1,4,0
306550_1,RPG,Action|Adventure|Casual|RPG|Strategy,partial,0.2000,1,4,0,Action|Adventure|RPG,partial,0.3333,1,2,0,Action|Adventure|Casual|RPG|Strategy,partial,0.2000,1,4,0
3065910_0,Action|Adventure|Casual|Simulation,Action|Adventure|Casual|Simulation,exact,1.0000,4,0,0,Action|Adventure|Simulation,partial,0.7500,3,0,1,Action|Adventure|Racing|Simulation,partial,0.6000,3,1,1
3065910_1,Action|Adventure|Casual|Simulation,Action|Adventure|Casual|Simulation|Strategy,partial,0.8000,4,1,0,Action|Adventure|Simulation,partial,0.7500,3,0,1,Action|Adventure|Racing|Simulation|Sports,partial,0.5000,3,2,1
3067620_0,Adventure,Action|Adventure|Casual,partial,0.3333,1,2,0,Action|Adventure,partial,0.5000,1,1,0,Action|Adventure,partial,0.5000,1,1,0
3067620_1,Adventure,Action|Adventure|Casual|Simulation,partial,0.2500,1,3,0,Action|Adventure,partial,0.5000,1,1,0,Action|Adventure,partial,0.5000,1,1,0
3067890_0,Action|Adventure|RPG|Strategy,Action|Adventure|Casual|RPG,partial,0.6000,3,1,1,Action,partial,0.2500,1,0,3,Action,partial,0.2500,1,0,3
3067890_1,Action|Adventure|RPG|Strategy,Action|Adventure|RPG,partial,0.7500,3,0,1,Action,partial,0.2500,1,0,3,Action,partial,0.2500,1,0,3
3073220_0,Action|Racing,Action|Adventure|Casual,partial,0.2500,1,2,1,Action|Adventure|Casual,partial,0.2500,1,2,1,Action|Adventure|Casual,partial,0.2500,1,2,1
3073220_1,Action|Racing,Action|Adventure|Casual|RPG,partial,0.2000,1,3,1,Action|Adventure|Casual,partial,0.2500,1,2,1,Action|Adventure|Casual,partial,0.2500,1,2,1
3074240_0,Action,Action|Adventure|Casual|Simulation,partial,0.2500,1,3,0,Action|Casual,partial,0.5000,1,1,0,Action|Casual,partial,0.5000,1,1,0
3074240_1,Action,Action|Adventure|Casual,partial,0.3333,1,2,0,Action|Casual,partial,0.5000,1,1,0,Action|Casual,partial,0.5000,1,1,0
307620_0,Action,Action|Adventure|Casual,partial,0.3333,1,2,0,Action|Adventure|Casual,partial,0.3333,1,2,0,Action|Adventure|Casual,partial,0.3333,1,2,0
307620_1,Action,Action|Adventure|Casual,partial,0.3333,1,2,0,Action|Adventure|Casual,partial,0.3333,1,2,0,Action|Adventure|Casual,partial,0.3333,1,2,0
3079770_0,Casual|Simulation,Adventure|Casual|Simulation,partial,0.6667,2,1,0,Casual|Simulation,exact,1.0000,2,0,0,Casual|Simulation,exact,1.0000,2,0,0
3079770_1,Casual|Simulation,Casual|Strategy,partial,0.3333,1,1,1,Casual|Simulation,exact,1.0000,2,0,0,Casual|Simulation,exact,1.0000,2,0,0
3083510_0,RPG,Action|Adventure|Casual|Simulation|Strategy,wrong,0.0000,0,5,1,Action|Adventure|RPG,partial,0.3333,1,2,0,Adventure|Casual|RPG|Simulation,partial,0.2500,1,3,0
3083510_1,RPG,Casual|Simulation|Strategy,wrong,0.0000,0,3,1,Action|Adventure|RPG,partial,0.3333,1,2,0,Adventure|Casual|RPG|Simulation,partial,0.2500,1,3,0
3083960_0,Casual,Action|Casual|Simulation,partial,0.3333,1,2,0,Adventure|Casual,partial,0.5000,1,1,0,Casual,exact,1.0000,1,0,0
3083960_1,Casual,Casual,exact,1.0000,1,0,0,Adventure|Casual,partial,0.5000,1,1,0,Casual,exact,1.0000,1,0,0
3084090_0,Casual,Adventure|Casual|RPG,partial,0.3333,1,2,0,Adventure|Casual,partial,0.5000,1,1,0,Adventure|Casual,partial,0.5000,1,1,0
3084090_1,Casual,Adventure|Casual|RPG,partial,0.3333,1,2,0,Adventure|Casual,partial,0.5000,1,1,0,Adventure|Casual,partial,0.5000,1,1,0
3085220_0,Strategy,Action|Adventure|Casual,wrong,0.0000,0,3,1,Strategy,exact,1.0000,1,0,0,Casual|Strategy,partial,0.5000,1,1,0
3085220_1,Strategy,Action|Adventure|Casual,wrong,0.0000,0,3,1,Strategy,exact,1.0000,1,0,0,Casual|Strategy,partial,0.5000,1,1,0
3085660_0,Adventure,Action|Adventure,partial,0.5000,1,1,0,Action|Adventure,partial,0.5000,1,1,0,Action|Adventure,partial,0.5000,1,1,0
3085660_1,Adventure,Action|Adventure,partial,0.5000,1,1,0,Action|Adventure,partial,0.5000,1,1,0,Action|Adventure,partial,0.5000,1,1,0
3091390_0,Action|Simulation,Action|Adventure|RPG,partial,0.2500,1,2,1,Action|Adventure,partial,0.3333,1,1,1,Action,partial,0.5000,1,0,1
3091390_1,Action|Simulation,Action|Adventure|Racing|Simulation,partial,0.5000,2,2,0,Action|Adventure,partial,0.3333,1,1,1,Action|Adventure,partial,0.3333,1,1,1
3093640_0,Action|Adventure|RPG|Strategy,Action|Adventure|RPG,partial,0.7500,3,0,1,Action|Casual,partial,0.2000,1,1,3,Action|Casual,partial,0.2000,1,1,3
3093640_1,Action|Adventure|RPG|Strategy,Action|Simulation|Sports,partial,0.1667,1,2,3,Action|Casual,partial,0.2000,1,1,3,Action|Casual|Simulation|Sports,partial,0.1429,1,3,3
3095960_0,Casual|Simulation,Action|Adventure|Casual|RPG|Simulation,partial,0.4000,2,3,0,Adventure|Casual|RPG|Simulation,partial,0.5000,2,2,0,Adventure|Casual|RPG|Simulation,partial,0.5000,2,2,0
3095960_1,Casual|Simulation,Action|Adventure|Casual|RPG|Simulation|Strategy,partial,0.3333,2,4,0,Adventure|Casual|RPG|Simulation,partial,0.5000,2,2,0,Casual|RPG|Simulation,partial,0.6667,2,1,0
3098920_0,Action|Casual,Action|Adventure|Casual,partial,0.6667,2,1,0,Action|Adventure|Casual,partial,0.6667,2,1,0,Action|Adventure|Casual|Simulation,partial,0.5000,2,2,0
3098920_1,Action|Casual,Action|Adventure|Casual,partial,0.6667,2,1,0,Action|Adventure|Casual,partial,0.6667,2,1,0,Action|Adventure|Casual,partial,0.6667,2,1,0
3103930_0,Adventure|Casual|RPG|Simulation|Strategy,Casual|RPG|Simulation|Strategy,partial,0.8000,4,0,1,Adventure|Casual|Simulation,partial,0.6000,3,0,2,Adventure|Casual|Simulation|Strategy,partial,0.8000,4,0,1
3103930_1,Adventure|Casual|RPG|Simulation|Strategy,Action|Adventure|Casual|Simulation,partial,0.5000,3,1,2,Adventure|Casual|Simulation,partial,0.6000,3,0,2,Adventure|Casual|Simulation,partial,0.6000,3,0,2
3107950_0,Adventure|Casual|Simulation|Strategy,Action|Adventure|RPG,partial,0.1667,1,2,3,Action|Adventure|Casual|RPG,partial,0.3333,2,2,2,Action|Adventure|Casual|RPG|Strategy,partial,0.5000,3,2,1
3107950_1,Adventure|Casual|Simulation|Strategy,Casual|RPG|Simulation|Strategy,partial,0.6000,3,1,1,Action|Adventure|Casual|RPG,partial,0.3333,2,2,2,Action|Adventure|Casual|RPG|Strategy,partial,0.5000,3,2,1
3108230_0,Action|Casual,Casual|Simulation|Strategy,partial,0.2500,1,2,1,Action|Casual,exact,1.0000,2,0,0,Action|Casual|Sports,partial,0.6667,2,1,0
3108230_1,Action|Casual,Action|Adventure|Casual,partial,0.6667,2,1,0,Action|Casual,exact,1.0000,2,0,0,Action|Casual,exact,1.0000,2,0,0
3112730_0,Action|Adventure|Casual,Action|Adventure|Casual,exact,1.0000,3,0,0,Action|Adventure|Casual,exact,1.0000,3,0,0,Action|Adventure|Casual,exact,1.0000,3,0,0
3112730_1,Action|Adventure|Casual,Action|Adventure|Casual,exact,1.0000,3,0,0,Action|Adventure|Casual,exact,1.0000,3,0,0,Action|Adventure|Casual,exact,1.0000,3,0,0
3113360_0,Casual,Action|Adventure|RPG,wrong,0.0000,0,3,1,Action|Adventure|RPG,wrong,0.0000,0,3,1,Action|Adventure,wrong,0.0000,0,2,1
3113360_1,Casual,Action|Adventure,wrong,0.0000,0,2,1,Action|Adventure|RPG,wrong,0.0000,0,3,1,Action|Adventure,wrong,0.0000,0,2,1
311400_0,Action|Casual|Racing|Simulation,Action|Adventure|Casual|Racing|Simulation,partial,0.8000,4,1,0,Action|Casual|Racing|Simulation|Sports,partial,0.8000,4,1,0,Racing|Simulation|Sports,partial,0.4000,2,1,2
311400_1,Action|Casual|Racing|Simulation,Action|Casual|Racing|Simulation|Sports,partial,0.8000,4,1,0,Action|Casual|Racing|Simulation|Sports,partial,0.8000,4,1,0,Casual|Racing|Simulation|Sports,partial,0.6000,3,1,1
3124480_0,Casual|Simulation,Action|Adventure|Casual|Simulation,partial,0.5000,2,2,0,Casual|Simulation,exact,1.0000,2,0,0,Adventure|Casual|Simulation,partial,0.6667,2,1,0
3124480_1,Casual|Simulation,Action|Adventure|Casual|Simulation,partial,0.5000,2,2,0,Casual|Simulation,exact,1.0000,2,0,0,Adventure|Casual|Simulation,partial,0.6667,2,1,0
3127690_0,Action|Adventure|Casual,Action|Adventure|Casual|RPG|Simulation|Strategy,partial,0.5000,3,3,0,Action|Casual,partial,0.6667,2,0,1,Action|Casual|Strategy,partial,0.5000,2,1,1
3127690_1,Action|Adventure|Casual,Action|Adventure|Casual|Simulation,partial,0.7500,3,1,0,Action|Casual,partial,0.6667,2,0,1,Action|Casual|Simulation|Sports,partial,0.4000,2,2,1
3132670_0,Action|Adventure|Casual|RPG,Action|Adventure|Casual|Simulation,partial,0.6000,3,1,1,Adventure|Casual|Simulation,partial,0.4000,2,1,2,Casual|Simulation,partial,0.2000,1,1,3
3132670_1,Action|Adventure|Casual|RPG,Action|Adventure|Casual|Simulation|Sports,partial,0.5000,3,2,1,Adventure|Casual|Simulation,partial,0.4000,2,1,2,Casual|Simulation|Sports,partial,0.1667,1,2,3
3136490_0,Simulation|Strategy,Action|Adventure|Racing|Simulation,partial,0.2000,1,3,1,Action|Strategy,partial,0.3333,1,1,1,Action|Strategy,partial,0.3333,1,1,1
3136490_1,Simulation|Strategy,Action|Adventure|RPG,wrong,0.0000,0,3,2,Action|Strategy,partial,0.3333,1,1,1,Action|Strategy,partial,0.3333,1,1,1
313660_0,Simulation|Strategy,Adventure|Casual|Simulation|Strategy,partial,0.5000,2,2,0,Strategy,partial,0.5000,1,0,1,Strategy,partial,0.5000,1,0,1
313660_1,Simulation|Strategy,Action|Adventure|Casual|Strategy,partial,0.2000,1,3,1,Strategy,partial,0.5000,1,0,1,Strategy,partial,0.5000,1,0,1
3138570_0,Adventure,Action|Adventure|Simulation,partial,0.3333,1,2,0,Action|Casual,wrong,0.0000,0,2,1,Action|Adventure|Casual|Simulation,partial,0.2500,1,3,0
3138570_1,Adventure,Action|Adventure|Casual,partial,0.3333,1,2,0,Action|Casual,wrong,0.0000,0,2,1,Action|Casual,wrong,0.0000,0,2,1
3139510_0,Action|Casual,Adventure|Casual,partial,0.3333,1,1,1,Action|Casual,exact,1.0000,2,0,0,Action|Casual,exact,1.0000,2,0,0
3139510_1,Action|Casual,Adventure|Casual|Simulation,partial,0.2500,1,2,1,Action|Casual,exact,1.0000,2,0,0,Action|Casual,exact,1.0000,2,0,0
3143190_0,Action,Action|Adventure|Casual,partial,0.3333,1,2,0,Action,exact,1.0000,1,0,0,Action|Casual,partial,0.5000,1,1,0
3143190_1,Action,Action|Adventure|Casual,partial,0.3333,1,2,0,Action,exact,1.0000,1,0,0,Action|Casual,partial,0.5000,1,1,0
3151340_0,Adventure|Casual,Adventure|RPG,partial,0.3333,1,1,1,Adventure|Casual,exact,1.0000,2,0,0,Adventure|Casual,exact,1.0000,2,0,0
3151340_1,Adventure|Casual,Action|Adventure|Casual,partial,0.6667,2,1,0,Adventure|Casual,exact,1.0000,2,0,0,Adventure|Casual,exact,1.0000,2,0,0
3152970_0,Action|Adventure|Casual|Racing,Action|Adventure|Casual,partial,0.7500,3,0,1,Action|Adventure|Casual,partial,0.7500,3,0,1,Action|Casual,partial,0.5000,2,0,2
3152970_1,Action|Adventure|Casual|Racing,Action|Adventure|Casual|Simulation,partial,0.6000,3,1,1,Action|Adventure|Casual,partial,0.7500,3,0,1,Action|Adventure|Casual,partial,0.7500,3,0,1
3159570_0,Action|Adventure|Casual,Action|Adventure|Casual|Simulation,partial,0.7500,3,1,0,Action|Adventure|RPG|Simulation|Strategy,partial,0.3333,2,3,1,Action|Casual|Strategy,partial,0.5000,2,1,1
3159570_1,Action|Adventure|Casual,Action|Adventure|Casual,exact,1.0000,3,0,0,Action|Adventure|RPG|Simulation|Strategy,partial,0.3333,2,3,1,Action|Casual|RPG,partial,0.5000,2,1,1
3159960_0,RPG,Adventure|Casual|RPG,partial,0.3333,1,2,0,Adventure|Casual|RPG,partial,0.3333,1,2,0,Adventure|Casual|RPG,partial,0.3333,1,2,0
3159960_1,RPG,Action|Adventure|Casual|Simulation,wrong,0.0000,0,4,1,Adventure|Casual|RPG,partial,0.3333,1,2,0,Adventure|Casual|RPG,partial,0.3333,1,2,0
3163790_0,Casual|Simulation|Strategy,Action|Casual,partial,0.2500,1,1,2,Casual|Simulation,partial,0.6667,2,0,1,Casual|Simulation,partial,0.6667,2,0,1
3163790_1,Casual|Simulation|Strategy,Action|Casual|Simulation|Strategy,partial,0.7500,3,1,0,Casual|Simulation,partial,0.6667,2,0,1,Casual|Simulation,partial,0.6667,2,0,1
3167480_0,Casual,Adventure|Casual|Simulation,partial,0.3333,1,2,0,Casual,exact,1.0000,1,0,0,Casual|Strategy,partial,0.5000,1,1,0
3179450_0,Action|Adventure|Sports|Strategy,Action|Adventure|Casual|RPG|Strategy,partial,0.5000,3,2,1,Action|Adventure|Casual,partial,0.4000,2,1,2,Action|Adventure|Casual|RPG,partial,0.3333,2,2,2
3179450_1,Action|Adventure|Sports|Strategy,Action|Adventure|Casual|Racing,partial,0.3333,2,2,2,Action|Adventure|Casual,partial,0.4000,2,1,2,Action|Adventure|Casual|Racing,partial,0.3333,2,2,2
3180310_0,Adventure|Casual|Racing|Sports|Strategy,Action|Adventure|Casual,partial,0.3333,2,1,3,Action|Casual,partial,0.1667,1,1,4,Action|Casual,partial,0.1667,1,1,4
3180310_1,Adventure|Casual|Racing|Sports|Strategy,Action|Casual|Racing|Simulation|Sports,partial,0.4286,3,2,2,Action|Casual,partial,0.1667,1,1,4,Action|Casual|Racing|Sports,partial,0.5000,3,1,2
3181290_0,Action|Adventure|RPG,Action|Adventure|Casual,partial,0.5000,2,1,1,Action|Adventure|RPG,exact,1.0000,3,0,0,Action|Adventure|RPG,exact,1.0000,3,0,0
3181290_1,Action|Adventure|RPG,Action|Casual,partial,0.2500,1,1,2,Action|Adventure|RPG,exact,1.0000,3,0,0,Action|Adventure|RPG,exact,1.0000,3,0,0
3186790_0,Strategy,Adventure|Casual|Strategy,partial,0.3333,1,2,0,Casual|Strategy,partial,0.5000,1,1,0,Casual|Strategy,partial,0.5000,1,1,0
3186790_1,Strategy,Casual|Simulation|Strategy,partial,0.3333,1,2,0,Casual|Strategy,partial,0.5000,1,1,0,Casual|Strategy,partial,0.5000,1,1,0
3196780_0,Action|Adventure|Casual,Action|Adventure,partial,0.6667,2,0,1,Action|Adventure|Casual,exact,1.0000,3,0,0,Action|Casual,partial,0.6667,2,0,1
3196780_1,Action|Adventure|Casual,Action|Adventure,partial,0.6667,2,0,1,Action|Adventure|Casual,exact,1.0000,3,0,0,Action|Adventure|Casual,exact,1.0000,3,0,0
3197730_0,Casual,Action|Adventure|RPG|Strategy,wrong,0.0000,0,4,1,Adventure|Casual|Simulation|Sports,partial,0.2500,1,3,0,Casual|Simulation|Sports,partial,0.3333,1,2,0
3197730_1,Casual,Action|Adventure|Casual|RPG,partial,0.2500,1,3,0,Adventure|Casual|Simulation|Sports,partial,0.2500,1,3,0,Casual|Simulation,partial,0.5000,1,1,0
3205410_0,Simulation|Sports|Strategy,Action|Casual|Racing|Simulation,partial,0.1667,1,3,2,Sports|Strategy,partial,0.6667,2,0,1,Casual|Simulation|Sports|Strategy,partial,0.7500,3,1,0
3205410_1,Simulation|Sports|Strategy,Action|Casual,wrong,0.0000,0,2,3,Sports|Strategy,partial,0.6667,2,0,1,Casual|Sports|Strategy,partial,0.5000,2,1,1
320_0,Action,Action|Adventure,partial,0.5000,1,1,0,Action,exact,1.0000,1,0,0,Action,exact,1.0000,1,0,0
320_1,Action,Action|Adventure,partial,0.5000,1,1,0,Action,exact,1.0000,1,0,0,Action,exact,1.0000,1,0,0
3214730_0,Action|Adventure|Casual|Racing|Strategy,Action|Adventure|Casual,partial,0.6000,3,0,2,Action|Adventure|Casual|Racing,partial,0.8000,4,0,1,Action|Adventure|Casual|Racing,partial,0.8000,4,0,1
3214730_1,Action|Adventure|Casual|Racing|Strategy,Action|Adventure|Casual|RPG,partial,0.5000,3,1,2,Action|Adventure|Casual|Racing,partial,0.8000,4,0,1,Action|Adventure|Casual|Racing,partial,0.8000,4,0,1
3231090_0,Casual|Simulation,Action|Adventure|Casual|Racing|Simulation,partial,0.4000,2,3,0,Action|Casual,partial,0.3333,1,1,1,Action|Casual|Sports,partial,0.2500,1,2,1
3231090_1,Casual|Simulation,Action|Adventure|Casual,partial,0.2500,1,2,1,Action|Casual,partial,0.3333,1,1,1,Action|Casual,partial,0.3333,1,1,1
3231130_0,Adventure|RPG|Simulation,Action|Adventure,partial,0.2500,1,1,2,Action|Adventure|RPG,partial,0.5000,2,1,1,Action|Adventure,partial,0.2500,1,1,2
3231130_1,Adventure|RPG|Simulation,Action|Adventure,partial,0.2500,1,1,2,Action|Adventure|RPG,partial,0.5000,2,1,1,Action|Adventure,partial,0.2500,1,1,2
3237300_0,Casual,Adventure|Casual|Simulation,partial,0.3333,1,2,0,Casual,exact,1.0000,1,0,0,Casual|Simulation,partial,0.5000,1,1,0
3237300_1,Casual,Adventure|Casual|RPG,partial,0.3333,1,2,0,Casual,exact,1.0000,1,0,0,Casual|Simulation,partial,0.5000,1,1,0
3241310_0,Racing,Action|Adventure|Casual|Simulation,wrong,0.0000,0,4,1,Casual|Strategy,wrong,0.0000,0,2,1,Casual|Simulation,wrong,0.0000,0,2,1
3241310_1,Racing,Action|Adventure|Simulation,wrong,0.0000,0,3,1,Casual|Strategy,wrong,0.0000,0,2,1,Casual|Simulation,wrong,0.0000,0,2,1
3246110_0,Action|Adventure|Casual|Simulation|Strategy,Action|Adventure|Casual,partial,0.6000,3,0,2,Action|Casual|Strategy,partial,0.6000,3,0,2,Action|Casual|Strategy,partial,0.6000,3,0,2
324750_0,Adventure|Casual|Racing,Action|Adventure|Casual,partial,0.5000,2,1,1,Action|Adventure|Casual|Racing|Simulation|Sports,partial,0.5000,3,3,0,Action|Adventure|Casual|Racing|Simulation|Sports,partial,0.5000,3,3,0
324750_1,Adventure|Casual|Racing,Action|Racing|Simulation,partial,0.2000,1,2,2,Action|Adventure|Casual|Racing|Simulation|Sports,partial,0.5000,3,3,0,Action|Adventure|Casual|Racing|Simulation|Sports,partial,0.5000,3,3,0
324760_0,Action|Racing,Action|Adventure|Racing|Simulation,partial,0.5000,2,2,0,Action|Casual|Racing|Simulation|Sports,partial,0.4000,2,3,0,Action|Casual|Racing|Sports,partial,0.5000,2,2,0
324760_1,Action|Racing,Action|Casual|Racing|Simulation|Sports,partial,0.4000,2,3,0,Action|Casual|Racing|Simulation|Sports,partial,0.4000,2,3,0,Action|Casual|Racing|Simulation|Sports,partial,0.4000,2,3,0
3250010_0,Adventure,Action|Adventure|Casual|RPG,partial,0.2500,1,3,0,Adventure|Casual|Simulation,partial,0.3333,1,2,0,Adventure|Casual|Simulation,partial,0.3333,1,2,0
3250010_1,Adventure,Adventure|Casual|Simulation,partial,0.3333,1,2,0,Adventure|Casual|Simulation,partial,0.3333,1,2,0,Casual|Simulation,wrong,0.0000,0,2,1
3256020_0,Adventure|Casual|Simulation,Action|Adventure|Casual|Simulation,partial,0.7500,3,1,0,Action|Casual|Simulation,partial,0.5000,2,1,1,Action|Adventure|Casual|Simulation,partial,0.7500,3,1,0
3256020_1,Adventure|Casual|Simulation,Action|Adventure|Casual|Simulation,partial,0.7500,3,1,0,Action|Casual|Simulation,partial,0.5000,2,1,1,Action|Adventure|Casual|Simulation,partial,0.7500,3,1,0
3261800_0,Casual|Simulation,Action|Adventure|Casual|Simulation|Strategy,partial,0.4000,2,3,0,Action|Casual,partial,0.3333,1,1,1,Casual|Simulation,exact,1.0000,2,0,0
3261800_1,Casual|Simulation,Action|Adventure|Casual,partial,0.2500,1,2,1,Action|Casual,partial,0.3333,1,1,1,Casual,partial,0.5000,1,0,1
326460_0,Action|Casual|Strategy,Action|Adventure|Casual,partial,0.5000,2,1,1,Action|Casual,partial,0.6667,2,0,1,Action|Casual,partial,0.6667,2,0,1
326460_1,Action|Casual|Strategy,Casual|Simulation|Sports|Strategy,partial,0.4000,2,2,1,Action|Casual,partial,0.6667,2,0,1,Action|Casual,partial,0.6667,2,0,1
3270410_0,Casual|Simulation,Action|Adventure|Casual|RPG,partial,0.2000,1,3,1,Adventure|Casual|Simulation,partial,0.6667,2,1,0,Adventure|Casual|Racing|Simulation,partial,0.5000,2,2,0
3270410_1,Casual|Simulation,Action|Casual,partial,0.3333,1,1,1,Adventure|Casual|Simulation,partial,0.6667,2,1,0,Casual|Simulation,exact,1.0000,2,0,0
3278120_0,Casual|Simulation|Strategy,Action|Adventure|Casual,partial,0.2000,1,2,2,Adventure|Casual|Simulation,partial,0.5000,2,1,1,Casual|Simulation,partial,0.6667,2,0,1
3278120_1,Casual|Simulation|Strategy,Action|Adventure|Casual|Simulation,partial,0.4000,2,2,1,Adventure|Casual|Simulation,partial,0.5000,2,1,1,Adventure|Casual|Simulation,partial,0.5000,2,1,1
3286810_0,Action|Adventure|Casual,Action|Adventure|Casual|Racing|Simulation|Sports,partial,0.5000,3,3,0,Adventure,partial,0.3333,1,0,2,Action|Adventure|Casual,exact,1.0000,3,0,0
3286810_1,Action|Adventure|Casual,Action|Adventure|Casual,exact,1.0000,3,0,0,Adventure,partial,0.3333,1,0,2,Action|Adventure|Casual,exact,1.0000,3,0,0
3287980_0,RPG,Adventure|Casual|RPG,partial,0.3333,1,2,0,Action|Casual,wrong,0.0000,0,2,1,Casual,wrong,0.0000,0,1,1
3287980_1,RPG,Action|Adventure|Casual|Strategy,wrong,0.0000,0,4,1,Action|Casual,wrong,0.0000,0,2,1,Casual,wrong,0.0000,0,1,1
3288560_0,Action|Adventure,Adventure|Casual|Strategy,partial,0.2500,1,2,1,Adventure|Casual,partial,0.3333,1,1,1,Adventure|Casual|RPG,partial,0.2500,1,2,1
3288560_1,Action|Adventure,Adventure|Casual|Strategy,partial,0.2500,1,2,1,Adventure|Casual,partial,0.3333,1,1,1,Adventure|Casual|RPG,partial,0.2500,1,2,1
3293100_0,Action,Action|Adventure,partial,0.5000,1,1,0,Action|Adventure,partial,0.5000,1,1,0,Action|Adventure,partial,0.5000,1,1,0
3293100_1,Action,Action|Adventure,partial,0.5000,1,1,0,Action|Adventure,partial,0.5000,1,1,0,Action|Adventure,partial,0.5000,1,1,0
3294890_0,Action|Strategy,Action|Adventure|Casual,partial,0.2500,1,2,1,Adventure|Casual|Simulation,wrong,0.0000,0,3,2,Adventure|Casual|Simulation,wrong,0.0000,0,3,2
3294890_1,Action|Strategy,Action|Adventure|Simulation,partial,0.2500,1,2,1,Adventure|Casual|Simulation,wrong,0.0000,0,3,2,Action|Adventure|Casual|Simulation,partial,0.2000,1,3,1
3298080_0,Action|RPG,Action|Adventure|Casual|Strategy,partial,0.2000,1,3,1,Action|Adventure,partial,0.3333,1,1,1,Action|Adventure|Casual,partial,0.2500,1,2,1
3298080_1,Action|RPG,Action|Adventure|Casual|Strategy,partial,0.2000,1,3,1,Action|Adventure,partial,0.3333,1,1,1,Action|Casual,partial,0.3333,1,1,1
3300510_0,Action,Action|Adventure,partial,0.5000,1,1,0,Action|Adventure|Casual,partial,0.3333,1,2,0,Action|Adventure|Casual,partial,0.3333,1,2,0
3300510_1,Action,Adventure|Casual|RPG|Strategy,wrong,0.0000,0,4,1,Action|Adventure|Casual,partial,0.3333,1,2,0,Action|Casual,partial,0.5000,1,1,0
3300_0,Casual,Action|Casual,partial,0.5000,1,1,0,Action|Adventure,wrong,0.0000,0,2,1,Action|Adventure|Casual,partial,0.3333,1,2,0
3300_1,Casual,Action|Casual|Strategy,partial,0.3333,1,2,0,Action|Adventure,wrong,0.0000,0,2,1,Action|Casual,partial,0.5000,1,1,0
3305770_0,Casual|Racing,Adventure|Casual|Simulation,partial,0.2500,1,2,1,Casual|Racing|Sports,partial,0.6667,2,1,0,Casual|Sports,partial,0.3333,1,1,1
3305770_1,Casual|Racing,Action|Adventure|Casual,partial,0.2500,1,2,1,Casual|Racing|Sports,partial,0.6667,2,1,0,Casual|Racing|Sports,partial,0.6667,2,1,0
3327370_0,Action|Strategy,Action|Adventure|Casual,partial,0.2500,1,2,1,Action|Casual,partial,0.3333,1,1,1,Action|Casual,partial,0.3333,1,1,1
3327370_1,Action|Strategy,Action|Adventure|Casual|Strategy,partial,0.5000,2,2,0,Action|Casual,partial,0.3333,1,1,1,Action|Casual,partial,0.3333,1,1,1
3328480_0,Action|Casual,Adventure|Casual|Strategy,partial,0.2500,1,2,1,Action,partial,0.5000,1,0,1,Action|Casual|RPG,partial,0.6667,2,1,0
3328480_1,Action|Casual,Action|Casual|RPG|Strategy,partial,0.5000,2,2,0,Action,partial,0.5000,1,0,1,Action|Casual|RPG,partial,0.6667,2,1,0
3329170_0,Action|Adventure|Casual|Racing,Action|Adventure|Casual|RPG,partial,0.6000,3,1,1,Action|Adventure,partial,0.5000,2,0,2,Action|Casual,partial,0.5000,2,0,2
3329170_1,Action|Adventure|Casual|Racing,Action|Adventure|Casual,partial,0.7500,3,0,1,Action|Adventure,partial,0.5000,2,0,2,Action,partial,0.2500,1,0,3
3329840_0,Casual|Strategy,Action|Adventure|Casual,partial,0.2500,1,2,1,Adventure|Casual,partial,0.3333,1,1,1,Adventure|Casual,partial,0.3333,1,1,1
3329840_1,Casual|Strategy,Action|Adventure|Casual,partial,0.2500,1,2,1,Adventure|Casual,partial,0.3333,1,1,1,Adventure|Casual,partial,0.3333,1,1,1
3332460_0,Action|Casual|Simulation,Casual|Simulation|Strategy,partial,0.5000,2,1,1,Casual|Simulation,partial,0.6667,2,0,1,Casual|Simulation,partial,0.6667,2,0,1
3332460_1,Action|Casual|Simulation,Action|Casual|Simulation,exact,1.0000,3,0,0,Casual|Simulation,partial,0.6667,2,0,1,Casual|Simulation,partial,0.6667,2,0,1
3334400_0,Action|Adventure|Casual,Action|Adventure|Casual|RPG|Strategy,partial,0.6000,3,2,0,Action|Adventure|Casual,exact,1.0000,3,0,0,Action|Adventure|Casual|Strategy,partial,0.7500,3,1,0
3334400_1,Action|Adventure|Casual,Action|Adventure|Casual|Strategy,partial,0.7500,3,1,0,Action|Adventure|Casual,exact,1.0000,3,0,0,Casual,partial,0.3333,1,0,2
3341100_0,Action|Casual|Sports,Action|Adventure|Casual|Simulation,partial,0.4000,2,2,1,Action|Adventure|Casual|Racing,partial,0.4000,2,2,1,Action|Adventure|Casual|Racing|Simulation|Sports,partial,0.5000,3,3,0
3341100_1,Action|Casual|Sports,Action|Adventure|Casual|Simulation,partial,0.4000,2,2,1,Action|Adventure|Casual|Racing,partial,0.4000,2,2,1,Action|Adventure|Casual|Racing|Simulation|Sports,partial,0.5000,3,3,0
3343790_0,Casual|RPG|Simulation,Adventure|Casual|Simulation,partial,0.5000,2,1,1,Casual|Simulation,partial,0.6667,2,0,1,Casual|Simulation,partial,0.6667,2,0,1
3343790_1,Casual|RPG|Simulation,Action|Adventure|Casual|Simulation,partial,0.4000,2,2,1,Casual|Simulation,partial,0.6667,2,0,1,Casual|Simulation,partial,0.6667,2,0,1
3346310_0,Action|Adventure|RPG|Simulation|Strategy,Action|Simulation|Strategy,partial,0.6000,3,0,2,Action|RPG|Strategy,partial,0.6000,3,0,2,Action|Casual|Strategy,partial,0.3333,2,1,3
3346310_1,Action|Adventure|RPG|Simulation|Strategy,Action|Simulation|Strategy,partial,0.6000,3,0,2,Action|RPG|Strategy,partial,0.6000,3,0,2,Action|Casual|Strategy,partial,0.3333,2,1,3
3348540_0,Adventure|Casual|Sports,Action|Adventure|Casual|RPG,partial,0.4000,2,2,1,Action|Adventure|Casual,partial,0.5000,2,1,1,Action|Adventure|Casual|Strategy,partial,0.4000,2,2,1
3348540_1,Adventure|Casual|Sports,Action|Adventure|RPG,partial,0.2000,1,2,2,Action|Adventure|Casual,partial,0.5000,2,1,1,Action|Adventure|Casual|RPG|Strategy,partial,0.3333,2,3,1
3349300_0,Simulation,Action|Adventure|Casual|Racing|Simulation|Sports,partial,0.1667,1,5,0,Action|Racing|Simulation|Sports,partial,0.2500,1,3,0,Racing|Simulation|Sports,partial,0.3333,1,2,0
3349300_1,Simulation,Action|Adventure|Casual|Simulation,partial,0.2500,1,3,0,Action|Racing|Simulation|Sports,partial,0.2500,1,3,0,Racing|Simulation|Sports,partial,0.3333,1,2,0
3352180_0,Action|Adventure|RPG,Adventure|Casual,partial,0.2500,1,1,2,Action|Adventure|RPG,exact,1.0000,3,0,0,Action|Adventure|RPG,exact,1.0000,3,0,0
3352180_1,Action|Adventure|RPG,Action|Adventure|Casual,partial,0.5000,2,1,1,Action|Adventure|RPG,exact,1.0000,3,0,0,Action|Adventure|RPG,exact,1.0000,3,0,0
3355890_0,Action|Casual,Adventure|Casual,partial,0.3333,1,1,1,Action|Adventure|Casual,partial,0.6667,2,1,0,Action|Adventure|Casual,partial,0.6667,2,1,0
3355890_1,Action|Casual,Action|Adventure|Casual|Strategy,partial,0.5000,2,2,0,Action|Adventure|Casual,partial,0.6667,2,1,0,Action|Adventure|Casual,partial,0.6667,2,1,0
33730_0,Simulation,Action|Adventure|Casual|Racing|Simulation,partial,0.2000,1,4,0,Action|Adventure|Racing|Simulation,partial,0.2500,1,3,0,Action|Adventure|Racing|Simulation,partial,0.2500,1,3,0
33730_1,Simulation,Action|Adventure|Casual|Racing|Simulation,partial,0.2000,1,4,0,Action|Adventure|Racing|Simulation,partial,0.2500,1,3,0,Action|Adventure|Casual|Racing|Simulation,partial,0.2000,1,4,0
337320_0,Action,Action|Adventure|Casual,partial,0.3333,1,2,0,Action,exact,1.0000,1,0,0,Action,exact,1.0000,1,0,0
337320_1,Action,Action|Adventure|Casual,partial,0.3333,1,2,0,Action,exact,1.0000,1,0,0,Action,exact,1.0000,1,0,0
3373490_0,Adventure,Action|Adventure|Casual|Simulation,partial,0.2500,1,3,0,Adventure,exact,1.0000,1,0,0,Action|Adventure,partial,0.5000,1,1,0
3373490_1,Adventure,Adventure|Casual|Simulation,partial,0.3333,1,2,0,Adventure,exact,1.0000,1,0,0,Adventure|Casual|Simulation,partial,0.3333,1,2,0
3375780_0,Action|Adventure|RPG,Adventure|Casual,partial,0.2500,1,1,2,Action|Adventure|RPG,exact,1.0000,3,0,0,Adventure|RPG,partial,0.6667,2,0,1
3375780_1,Action|Adventure|RPG,Action|Adventure|Casual|RPG,partial,0.7500,3,1,0,Action|Adventure|RPG,exact,1.0000,3,0,0,Action|Adventure|RPG,exact,1.0000,3,0,0
3375870_0,Action|Adventure|Simulation,Action|Adventure,partial,0.6667,2,0,1,Action|Adventure,partial,0.6667,2,0,1,Action|Adventure,partial,0.6667,2,0,1
3375870_1,Action|Adventure|Simulation,Action|Adventure|RPG,partial,0.5000,2,1,1,Action|Adventure,partial,0.6667,2,0,1,Action|Adventure,partial,0.6667,2,0,1
3376440_0,Action,Action|Adventure|Casual|RPG,partial,0.2500,1,3,0,Action|Casual,partial,0.5000,1,1,0,Action|Casual,partial,0.5000,1,1,0
3376440_1,Action,Action|Casual,partial,0.5000,1,1,0,Action|Casual,partial,0.5000,1,1,0,Action|Casual,partial,0.5000,1,1,0
3376570_0,Casual,Action|Adventure|Casual,partial,0.3333,1,2,0,Adventure|Casual,partial,0.5000,1,1,0,Adventure|Casual|Simulation,partial,0.3333,1,2,0
3376570_1,Casual,Adventure|Casual|Simulation,partial,0.3333,1,2,0,Adventure|Casual,partial,0.5000,1,1,0,Adventure|Casual,partial,0.5000,1,1,0
3376760_0,Casual|Simulation,Adventure|Casual|Simulation,partial,0.6667,2,1,0,Casual|Simulation,exact,1.0000,2,0,0,Adventure|Casual|Simulation,partial,0.6667,2,1,0
3376760_1,Casual|Simulation,Adventure|Casual|Simulation|Strategy,partial,0.5000,2,2,0,Casual|Simulation,exact,1.0000,2,0,0,Casual|Simulation,exact,1.0000,2,0,0
3383430_0,Casual|Simulation,Casual|Simulation|Strategy,partial,0.6667,2,1,0,Casual|Simulation,exact,1.0000,2,0,0,Casual|Simulation,exact,1.0000,2,0,0
3383430_1,Casual|Simulation,Casual|Simulation|Strategy,partial,0.6667,2,1,0,Casual|Simulation,exact,1.0000,2,0,0,Casual|Simulation,exact,1.0000,2,0,0
3390280_0,Casual|Strategy,Action|Adventure|Casual|RPG|Strategy,partial,0.4000,2,3,0,Casual|RPG|Simulation|Strategy,partial,0.5000,2,2,0,Casual|RPG|Strategy,partial,0.6667,2,1,0
3390280_1,Casual|Strategy,Action|Adventure|Casual|RPG|Strategy,partial,0.4000,2,3,0,Casual|RPG|Simulation|Strategy,partial,0.5000,2,2,0,Casual|RPG|Strategy,partial,0.6667,2,1,0
3390_0,Casual,Action|Adventure|Casual,partial,0.3333,1,2,0,Action|Casual,partial,0.5000,1,1,0,Action|Adventure|Casual|Racing,partial,0.2500,1,3,0
3390_1,Casual,Action|Adventure|Casual,partial,0.3333,1,2,0,Action|Casual,partial,0.5000,1,1,0,Action|Casual|Racing|Simulation,partial,0.2500,1,3,0
339230_0,Action|Adventure,Action|Adventure,exact,1.0000,2,0,0,Action|Adventure,exact,1.0000,2,0,0,Action|Adventure,exact,1.0000,2,0,0
339230_1,Action|Adventure,Action|Adventure,exact,1.0000,2,0,0,Action|Adventure,exact,1.0000,2,0,0,Action|Adventure,exact,1.0000,2,0,0
3394590_0,Adventure,Adventure|Casual|RPG|Strategy,partial,0.2500,1,3,0,Adventure|Casual,partial,0.5000,1,1,0,Adventure|Casual,partial,0.5000,1,1,0
3394900_0,Casual,Action|Adventure|Casual,partial,0.3333,1,2,0,Casual,exact,1.0000,1,0,0,Casual,exact,1.0000,1,0,0
3394900_1,Casual,Action|Adventure|Casual|RPG,partial,0.2500,1,3,0,Casual,exact,1.0000,1,0,0,Casual,exact,1.0000,1,0,0
3395920_0,Strategy,Casual|Strategy,partial,0.5000,1,1,0,Casual|Strategy,partial,0.5000,1,1,0,Casual|Strategy,partial,0.5000,1,1,0
3395920_1,Strategy,Casual,wrong,0.0000,0,1,1,Casual|Strategy,partial,0.5000,1,1,0,Casual|Strategy,partial,0.5000,1,1,0
3399510_0,Adventure,Action|Adventure|Casual|Simulation,partial,0.2500,1,3,0,Adventure|Casual,partial,0.5000,1,1,0,Action|Adventure|Casual,partial,0.3333,1,2,0
3399510_1,Adventure,Casual|Simulation,wrong,0.0000,0,2,1,Adventure|Casual,partial,0.5000,1,1,0,Adventure|Casual|Simulation,partial,0.3333,1,2,0
3407570_0,Casual|Simulation|Strategy,Adventure|Casual,partial,0.2500,1,1,2,Casual,partial,0.3333,1,0,2,Casual,partial,0.3333,1,0,2
3407570_1,Casual|Simulation|Strategy,Adventure|Casual,partial,0.2500,1,1,2,Casual,partial,0.3333,1,0,2,Casual,partial,0.3333,1,0,2
3411820_0,Casual,Adventure|Casual|Strategy,partial,0.3333,1,2,0,Casual,exact,1.0000,1,0,0,Casual,exact,1.0000,1,0,0
3411820_1,Casual,Action|Adventure|Casual,partial,0.3333,1,2,0,Casual,exact,1.0000,1,0,0,Casual,exact,1.0000,1,0,0
3429500_0,Action|Adventure|Casual|Simulation|Sports,Adventure|Casual|RPG,partial,0.3333,2,1,3,Action|Adventure,partial,0.4000,2,0,3,Adventure|Casual,partial,0.4000,2,0,3
3429500_1,Action|Adventure|Casual|Simulation|Sports,Action|Adventure,partial,0.4000,2,0,3,Action|Adventure,partial,0.4000,2,0,3,Action|Adventure|Casual,partial,0.6000,3,0,2
3440610_0,Simulation|Sports|Strategy,Casual|Simulation|Strategy,partial,0.5000,2,1,1,Simulation|Sports|Strategy,exact,1.0000,3,0,0,Simulation|Sports|Strategy,exact,1.0000,3,0,0
3440610_1,Simulation|Sports|Strategy,Simulation|Strategy,partial,0.6667,2,0,1,Simulation|Sports|Strategy,exact,1.0000,3,0,0,Simulation|Sports|Strategy,exact,1.0000,3,0,0
3446300_0,Action|Adventure|Casual|Racing|Simulation|Sports,Casual|Racing|Simulation|Sports,partial,0.6667,4,0,2,Action|Racing,partial,0.3333,2,0,4,Action|Racing|Simulation|Sports,partial,0.6667,4,0,2
3446300_1,Action|Adventure|Casual|Racing|Simulation|Sports,Action|Racing|Simulation|Sports,partial,0.6667,4,0,2,Action|Racing,partial,0.3333,2,0,4,Action|Racing|Simulation|Sports,partial,0.6667,4,0,2
3448010_0,RPG,Action|Adventure|Casual|RPG|Simulation|Strategy,partial,0.1667,1,5,0,Adventure|RPG|Simulation,partial,0.3333,1,2,0,Adventure|Casual|RPG,partial,0.3333,1,2,0
3448010_1,RPG,Adventure|Casual,wrong,0.0000,0,2,1,Adventure|RPG|Simulation,partial,0.3333,1,2,0,Adventure|Casual,wrong,0.0000,0,2,1
3449460_0,Casual|Strategy,Action|Casual|RPG|Simulation,partial,0.2000,1,3,1,Action|Casual,partial,0.3333,1,1,1,Casual,partial,0.5000,1,0,1
3449460_1,Casual|Strategy,Action|Adventure|Casual|RPG|Simulation,partial,0.1667,1,4,1,Action|Casual,partial,0.3333,1,1,1,Casual,partial,0.5000,1,0,1
3454530_0,Action|Adventure|Casual,Action|Adventure,partial,0.6667,2,0,1,Action|Adventure|Casual|RPG,partial,0.7500,3,1,0,Action|Adventure|Casual|RPG,partial,0.7500,3,1,0
3454530_1,Action|Adventure|Casual,Action|Adventure|Casual,exact,1.0000,3,0,0,Action|Adventure|Casual|RPG,partial,0.7500,3,1,0,Action|Adventure|Casual|RPG,partial,0.7500,3,1,0
3464820_0,Casual,Adventure|Casual|Strategy,partial,0.3333,1,2,0,Adventure|Casual|RPG|Strategy,partial,0.2500,1,3,0,Casual|RPG|Strategy,partial,0.3333,1,2,0
3464820_1,Casual,Adventure|Casual|RPG|Strategy,partial,0.2500,1,3,0,Adventure|Casual|RPG|Strategy,partial,0.2500,1,3,0,Casual|RPG|Strategy,partial,0.3333,1,2,0
346730_0,Action|Casual,Action|Adventure|Casual,partial,0.6667,2,1,0,Action|Adventure|Casual,partial,0.6667,2,1,0,Action|Adventure|Casual,partial,0.6667,2,1,0
346730_1,Action|Casual,Action|Adventure|Casual|Simulation,partial,0.5000,2,2,0,Action|Adventure|Casual,partial,0.6667,2,1,0,Action|Adventure|Casual|Simulation,partial,0.5000,2,2,0
3467770_0,Simulation|Strategy,Casual|RPG|Simulation|Strategy,partial,0.5000,2,2,0,Simulation|Strategy,exact,1.0000,2,0,0,Simulation|Strategy,exact,1.0000,2,0,0
3467770_1,Simulation|Strategy,Action|Adventure|Casual|Simulation,partial,0.2000,1,3,1,Simulation|Strategy,exact,1.0000,2,0,0,Simulation|Strategy,exact,1.0000,2,0,0
3477800_0,Adventure|RPG,Action|Adventure|Casual,partial,0.2500,1,2,1,Action|Adventure|Casual,partial,0.2500,1,2,1,Action|Adventure|Casual,partial,0.2500,1,2,1
3477800_1,Adventure|RPG,Action|Adventure|Casual|RPG|Strategy,partial,0.4000,2,3,0,Action|Adventure|Casual,partial,0.2500,1,2,1,Action|Adventure|Casual,partial,0.2500,1,2,1
3480030_0,Adventure|RPG,Action|Adventure,partial,0.3333,1,1,1,Adventure,partial,0.5000,1,0,1,Action|Adventure|Casual,partial,0.2500,1,2,1
3480030_1,Adventure|RPG,Action|Adventure|Casual|RPG,partial,0.5000,2,2,0,Adventure,partial,0.5000,1,0,1,Adventure|Casual,partial,0.3333,1,1,1
3481360_0,Casual|RPG|Strategy,Adventure|Casual|RPG|Simulation|Strategy,partial,0.6000,3,2,0,Casual|Simulation|Strategy,partial,0.5000,2,1,1,Casual|Simulation|Strategy,partial,0.5000,2,1,1
3481360_1,Casual|RPG|Strategy,Action|Adventure|Casual|RPG|Simulation|Strategy,partial,0.5000,3,3,0,Casual|Simulation|Strategy,partial,0.5000,2,1,1,Casual|Simulation|Strategy,partial,0.5000,2,1,1
3482240_0,Casual,Casual|Strategy,partial,0.5000,1,1,0,Adventure|Casual,partial,0.5000,1,1,0,Casual,exact,1.0000,1,0,0
3482240_1,Casual,Casual,exact,1.0000,1,0,0,Adventure|Casual,partial,0.5000,1,1,0,Casual,exact,1.0000,1,0,0
3486110_0,Action|Casual,Adventure|Casual,partial,0.3333,1,1,1,Casual,partial,0.5000,1,0,1,Casual,partial,0.5000,1,0,1
3486110_1,Action|Casual,Adventure|Casual,partial,0.3333,1,1,1,Casual,partial,0.5000,1,0,1,Casual,partial,0.5000,1,0,1
3486160_0,Casual|Strategy,Action|Adventure|Casual|Strategy,partial,0.5000,2,2,0,Action|Casual,partial,0.3333,1,1,1,Casual|Strategy,exact,1.0000,2,0,0
3486160_1,Casual|Strategy,Casual|Simulation|Strategy,partial,0.6667,2,1,0,Action|Casual,partial,0.3333,1,1,1,Casual|Strategy,exact,1.0000,2,0,0
3486980_0,Simulation|Sports,Action|Adventure|Casual|RPG|Sports,partial,0.1667,1,4,1,Action|Casual|Sports,partial,0.2500,1,2,1,Action|Casual|Sports,partial,0.2500,1,2,1
3486980_1,Simulation|Sports,Action|Adventure|Casual|RPG,wrong,0.0000,0,4,2,Action|Casual|Sports,partial,0.2500,1,2,1,Action|Casual|Sports,partial,0.2500,1,2,1
3496570_0,Action|Casual|Sports,Action|Adventure|Simulation,partial,0.2000,1,2,2,Action|Adventure|Casual,partial,0.5000,2,1,1,Action|Adventure|Casual,partial,0.5000,2,1,1
3496570_1,Action|Casual|Sports,Action|Adventure|Casual|Simulation|Strategy,partial,0.3333,2,3,1,Action|Adventure|Casual,partial,0.5000,2,1,1,Action|Adventure|Casual,partial,0.5000,2,1,1
3497380_0,Racing|Sports,Casual|Simulation|Strategy,wrong,0.0000,0,3,2,Action|Racing|Simulation|Sports,partial,0.5000,2,2,0,Racing|Simulation|Sports,partial,0.6667,2,1,0
3497380_1,Racing|Sports,Simulation|Sports,partial,0.3333,1,1,1,Action|Racing|Simulation|Sports,partial,0.5000,2,2,0,Racing|Simulation|Sports,partial,0.6667,2,1,0
3497420_0,Adventure|Casual,Action|Adventure|Casual|Simulation|Strategy,partial,0.4000,2,3,0,Action|Adventure|Casual,partial,0.6667,2,1,0,Action|Adventure|Casual,partial,0.6667,2,1,0
3497420_1,Adventure|Casual,Action|Adventure|Casual,partial,0.6667,2,1,0,Action|Adventure|Casual,partial,0.6667,2,1,0,Action|Adventure|Casual,partial,0.6667,2,1,0
3499050_0,Simulation|Sports|Strategy,Action|Casual,wrong,0.0000,0,2,3,Action|Casual,wrong,0.0000,0,2,3,Casual,wrong,0.0000,0,1,3
3499050_1,Simulation|Sports|Strategy,Action|Casual,wrong,0.0000,0,2,3,Action|Casual,wrong,0.0000,0,2,3,Casual,wrong,0.0000,0,1,3
3504330_0,Casual|Strategy,Action|Adventure|Casual,partial,0.2500,1,2,1,Adventure|Casual,partial,0.3333,1,1,1,Adventure|Casual,partial,0.3333,1,1,1
3504330_1,Casual|Strategy,Action|Adventure|Casual,partial,0.2500,1,2,1,Adventure|Casual,partial,0.3333,1,1,1,Action|Adventure|Casual,partial,0.2500,1,2,1
3509660_0,Casual,Action|Adventure|RPG|Strategy,wrong,0.0000,0,4,1,Action|Adventure,wrong,0.0000,0,2,1,Action|Adventure|Casual,partial,0.3333,1,2,0
3509660_1,Casual,Action|Adventure|Casual,partial,0.3333,1,2,0,Action|Adventure,wrong,0.0000,0,2,1,Action|Adventure|Casual,partial,0.3333,1,2,0
3511130_0,Action|Casual,Action|Adventure|Casual,partial,0.6667,2,1,0,Action|Adventure|Casual,partial,0.6667,2,1,0,Action|Adventure|Casual,partial,0.6667,2,1,0
3511130_1,Action|Casual,Action|Adventure|Casual,partial,0.6667,2,1,0,Action|Adventure|Casual,partial,0.6667,2,1,0,Action|Adventure|Casual,partial,0.6667,2,1,0
3517170_0,Action|Adventure|Casual,Action|Adventure|Casual|Simulation,partial,0.7500,3,1,0,Action|Adventure|Casual,exact,1.0000,3,0,0,Action|Adventure|Casual,exact,1.0000,3,0,0
3517170_1,Action|Adventure|Casual,Action|Adventure|Simulation,partial,0.5000,2,1,1,Action|Adventure|Casual,exact,1.0000,3,0,0,Action|Adventure|Casual,exact,1.0000,3,0,0
3518220_0,Action|Adventure|Simulation,Action|Adventure|Casual|Simulation,partial,0.7500,3,1,0,Action|Adventure,partial,0.6667,2,0,1,Action|Casual,partial,0.2500,1,1,2
3518220_1,Action|Adventure|Simulation,Action|Adventure|Casual,partial,0.5000,2,1,1,Action|Adventure,partial,0.6667,2,0,1,Action|Adventure|Casual,partial,0.5000,2,1,1
3521320_0,Adventure|Casual|RPG|Strategy,Action|Adventure|Casual,partial,0.4000,2,1,2,RPG|Strategy,partial,0.5000,2,0,2,RPG|Strategy,partial,0.5000,2,0,2
3521320_1,Adventure|Casual|RPG|Strategy,Adventure|Casual|Simulation,partial,0.4000,2,1,2,RPG|Strategy,partial,0.5000,2,0,2,RPG|Strategy,partial,0.5000,2,0,2
352240_0,Simulation,Adventure|Casual|RPG|Simulation,partial,0.2500,1,3,0,RPG,wrong,0.0000,0,1,1,RPG|Simulation|Strategy,partial,0.3333,1,2,0
352240_1,Simulation,Action|Adventure|Casual,wrong,0.0000,0,3,1,RPG,wrong,0.0000,0,1,1,RPG|Simulation|Strategy,partial,0.3333,1,2,0
3525020_0,Adventure,Action|Adventure|Casual,partial,0.3333,1,2,0,Adventure|Casual,partial,0.5000,1,1,0,Adventure|Casual,partial,0.5000,1,1,0
3525020_1,Adventure,Adventure|Casual,partial,0.5000,1,1,0,Adventure|Casual,partial,0.5000,1,1,0,Adventure|Casual,partial,0.5000,1,1,0
352850_0,Action|Adventure|Casual|Strategy,Action|Adventure|Casual|Simulation,partial,0.6000,3,1,1,Action|Adventure|RPG,partial,0.4000,2,1,2,Action|Adventure|Casual|RPG,partial,0.6000,3,1,1
352850_1,Action|Adventure|Casual|Strategy,Adventure|Casual|Simulation,partial,0.4000,2,1,2,Action|Adventure|RPG,partial,0.4000,2,1,2,Action|Adventure|Casual|RPG,partial,0.6000,3,1,1
3538320_0,Adventure|Casual|Racing|Simulation,Action|Adventure|Casual|Simulation,partial,0.6000,3,1,1,Action|Racing|Simulation|Sports,partial,0.3333,2,2,2,Action|Casual|Racing|Simulation|Sports,partial,0.5000,3,2,1
3538320_1,Adventure|Casual|Racing|Simulation,Action|Adventure|Simulation,partial,0.4000,2,1,2,Action|Racing|Simulation|Sports,partial,0.3333,2,2,2,Action|Racing|Simulation|Sports,partial,0.3333,2,2,2
3539010_0,RPG|Racing|Simulation,Action|Adventure|Simulation,partial,0.2000,1,2,2,Action|Adventure|Casual,wrong,0.0000,0,3,3,Action|Adventure,wrong,0.0000,0,2,3
3539010_1,RPG|Racing|Simulation,Action|Adventure,wrong,0.0000,0,2,3,Action|Adventure|Casual,wrong,0.0000,0,3,3,Action|Adventure,wrong,0.0000,0,2,3
3540510_0,Casual|Strategy,Action|Adventure|Casual|Strategy,partial,0.5000,2,2,0,Casual|Simulation,partial,0.3333,1,1,1,Casual|Simulation|Strategy,partial,0.6667,2,1,0
3540510_1,Casual|Strategy,Adventure|Casual|Strategy,partial,0.6667,2,1,0,Casual|Simulation,partial,0.3333,1,1,1,Casual|Simulation|Strategy,partial,0.6667,2,1,0
3541650_0,Casual|Simulation|Sports,Action|Adventure|Casual,partial,0.2000,1,2,2,Casual|Strategy,partial,0.2500,1,1,2,Casual|Strategy,partial,0.2500,1,1,2
3541650_1,Casual|Simulation|Sports,Action|Adventure|Casual|Simulation,partial,0.4000,2,2,1,Casual|Strategy,partial,0.2500,1,1,2,Casual|Strategy,partial,0.2500,1,1,2
3545670_0,Action|Adventure|Casual,RPG|Simulation|Strategy,wrong,0.0000,0,3,3,Adventure|RPG,partial,0.2500,1,1,2,Adventure|RPG,partial,0.2500,1,1,2
3545670_1,Action|Adventure|Casual,Action|Adventure|Casual,exact,1.0000,3,0,0,Adventure|RPG,partial,0.2500,1,1,2,Action|Adventure|Casual|RPG,partial,0.7500,3,1,0
3545880_0,Action|Adventure,Action|Adventure|Casual|Simulation|Strategy,partial,0.4000,2,3,0,Action|Adventure,exact,1.0000,2,0,0,Action,partial,0.5000,1,0,1
3545880_1,Action|Adventure,Action|Adventure|Casual,partial,0.6667,2,1,0,Action|Adventure,exact,1.0000,2,0,0,Action|Adventure,exact,1.0000,2,0,0
3548270_0,Adventure,Casual|Simulation,wrong,0.0000,0,2,1,Adventure|Casual,partial,0.5000,1,1,0,Adventure|Casual|RPG,partial,0.3333,1,2,0
3548270_1,Adventure,Action|Casual,wrong,0.0000,0,2,1,Adventure|Casual,partial,0.5000,1,1,0,Adventure|Casual|RPG,partial,0.3333,1,2,0
3551680_0,Casual|Simulation,Action|Adventure|Casual|Simulation,partial,0.5000,2,2,0,Casual|Simulation,exact,1.0000,2,0,0,Casual|Simulation,exact,1.0000,2,0,0
3551680_1,Casual|Simulation,Action|Adventure|Casual|Simulation,partial,0.5000,2,2,0,Casual|Simulation,exact,1.0000,2,0,0,Casual|Simulation,exact,1.0000,2,0,0
3553260_0,Casual,Casual|Simulation|Strategy,partial,0.3333,1,2,0,Casual,exact,1.0000,1,0,0,Casual,exact,1.0000,1,0,0
3553260_1,Casual,Adventure|Casual|RPG,partial,0.3333,1,2,0,Casual,exact,1.0000,1,0,0,Casual,exact,1.0000,1,0,0
3555490_0,Action|Adventure|RPG,Action|Adventure|Casual,partial,0.5000,2,1,1,Adventure|Casual,partial,0.2500,1,1,2,Action|Adventure|Casual,partial,0.5000,2,1,1
3555490_1,Action|Adventure|RPG,Action|Adventure|Casual,partial,0.5000,2,1,1,Adventure|Casual,partial,0.2500,1,1,2,Action|Adventure|Casual,partial,0.5000,2,1,1
355670_0,Casual,Action|Adventure|Casual,partial,0.3333,1,2,0,Adventure|Casual,partial,0.5000,1,1,0,Action|Adventure|Casual,partial,0.3333,1,2,0
355670_1,Casual,Action|Adventure|Casual,partial,0.3333,1,2,0,Adventure|Casual,partial,0.5000,1,1,0,Adventure|Casual,partial,0.5000,1,1,0
3560680_0,Action|Adventure|Casual,Action|Adventure|Casual,exact,1.0000,3,0,0,Action|Adventure,partial,0.6667,2,0,1,Action|Adventure,partial,0.6667,2,0,1
3560680_1,Action|Adventure|Casual,Action|Adventure|Casual,exact,1.0000,3,0,0,Action|Adventure,partial,0.6667,2,0,1,Action|Adventure,partial,0.6667,2,0,1
3563950_0,Action,Action|Adventure|RPG,partial,0.3333,1,2,0,Action|Adventure|Casual|Simulation,partial,0.2500,1,3,0,Action|Adventure|Casual|Simulation,partial,0.2500,1,3,0
3563950_1,Action,Action|Adventure,partial,0.5000,1,1,0,Action|Adventure|Casual|Simulation,partial,0.2500,1,3,0,Action|Adventure|Casual|Simulation,partial,0.2500,1,3,0
3566200_0,Casual|Simulation|Strategy,Casual|Simulation|Strategy,exact,1.0000,3,0,0,Casual|Simulation|Strategy,exact,1.0000,3,0,0,Casual|Simulation|Strategy,exact,1.0000,3,0,0
3566200_1,Casual|Simulation|Strategy,Casual|Simulation|Strategy,exact,1.0000,3,0,0,Casual|Simulation|Strategy,exact,1.0000,3,0,0,Casual|Simulation|Strategy,exact,1.0000,3,0,0
3567560_0,Action|Casual|Simulation|Strategy,Casual|Strategy,partial,0.5000,2,0,2,Action|Adventure|Casual,partial,0.4000,2,1,2,Action|Casual,partial,0.5000,2,0,2
3567560_1,Action|Casual|Simulation|Strategy,Casual|Strategy,partial,0.5000,2,0,2,Action|Adventure|Casual,partial,0.4000,2,1,2,Action|Casual,partial,0.5000,2,0,2
3571840_0,Adventure|Casual,Action|Adventure|Casual,partial,0.6667,2,1,0,Adventure|Casual,exact,1.0000,2,0,0,Adventure|Casual,exact,1.0000,2,0,0
3571840_1,Adventure|Casual,Action|Adventure|Casual,partial,0.6667,2,1,0,Adventure|Casual,exact,1.0000,2,0,0,Adventure|Casual,exact,1.0000,2,0,0
3573060_0,Action|Adventure|Casual|Racing|Simulation|Strategy,Action|Adventure|Casual|Simulation,partial,0.6667,4,0,2,Action|Adventure|Casual,partial,0.5000,3,0,3,Action|Adventure|Casual|Racing,partial,0.6667,4,0,2
3573060_1,Action|Adventure|Casual|Racing|Simulation|Strategy,Action|Adventure|Casual|Simulation,partial,0.6667,4,0,2,Action|Adventure|Casual,partial,0.5000,3,0,3,Action|Adventure|Casual,partial,0.5000,3,0,3
3574610_0,Casual,Casual,exact,1.0000,1,0,0,Adventure|Casual,partial,0.5000,1,1,0,Adventure|Casual,partial,0.5000,1,1,0
3574610_1,Casual,Adventure|Casual,partial,0.5000,1,1,0,Adventure|Casual,partial,0.5000,1,1,0,Adventure|Casual,partial,0.5000,1,1,0
3577770_0,Action|Adventure|Casual|RPG,Action|Adventure|RPG|Simulation,partial,0.6000,3,1,1,Action|Adventure|RPG,partial,0.7500,3,0,1,Action|Adventure|RPG,partial,0.7500,3,0,1
3577770_1,Action|Adventure|Casual|RPG,Action|Casual|Strategy,partial,0.4000,2,1,2,Action|Adventure|RPG,partial,0.7500,3,0,1,Action|Casual|RPG,partial,0.7500,3,0,1
357930_0,Casual|Strategy,Action|Casual|Simulation,partial,0.2500,1,2,1,Action|Casual|Strategy,partial,0.6667,2,1,0,Action|Casual|Strategy,partial,0.6667,2,1,0
357930_1,Casual|Strategy,Action|Adventure|Casual,partial,0.2500,1,2,1,Action|Casual|Strategy,partial,0.6667,2,1,0,Action|Casual|Strategy,partial,0.6667,2,1,0
358270_0,Racing,Action|Adventure|Casual,wrong,0.0000,0,3,1,Action|Racing|Sports,partial,0.3333,1,2,0,Action|Casual|Racing,partial,0.3333,1,2,0
358270_1,Racing,Action|Adventure|Racing|Simulation,partial,0.2500,1,3,0,Action|Racing|Sports,partial,0.3333,1,2,0,Action|Casual|Racing|Sports,partial,0.2500,1,3,0
3590620_0,Casual|Sports,Action|Casual,partial,0.3333,1,1,1,Casual|Simulation|Sports|Strategy,partial,0.5000,2,2,0,Casual|Simulation|Strategy,partial,0.2500,1,2,1
3590620_1,Casual|Sports,Action|Casual,partial,0.3333,1,1,1,Casual|Simulation|Sports|Strategy,partial,0.5000,2,2,0,Casual|Simulation|Sports|Strategy,partial,0.5000,2,2,0
3591990_0,Action|Casual,Action|Adventure|Casual|Simulation,partial,0.5000,2,2,0,Action|Adventure,partial,0.3333,1,1,1,Action|Adventure,partial,0.3333,1,1,1
3591990_1,Action|Casual,Action|Casual|Racing|Simulation,partial,0.5000,2,2,0,Action|Adventure,partial,0.3333,1,1,1,Action|Racing,partial,0.3333,1,1,1
3599670_0,Simulation|Strategy,Action|Adventure|Casual|RPG,wrong,0.0000,0,4,2,Casual|Simulation,partial,0.3333,1,1,1,Casual|Simulation,partial,0.3333,1,1,1
3599670_1,Simulation|Strategy,Action|Adventure|Casual|Simulation,partial,0.2000,1,3,1,Casual|Simulation,partial,0.3333,1,1,1,Casual|Simulation,partial,0.3333,1,1,1
3603110_0,Casual|Simulation|Sports,Action|Adventure|RPG|Simulation,partial,0.1667,1,3,2,Action|Simulation|Sports,partial,0.5000,2,1,1,Simulation|Sports,partial,0.6667,2,0,1
3603110_1,Casual|Simulation|Sports,Action|Casual,partial,0.2500,1,1,2,Action|Simulation|Sports,partial,0.5000,2,1,1,Casual|Simulation|Sports,exact,1.0000,3,0,0
3604960_0,Action,Action|Adventure|Casual|Simulation,partial,0.2500,1,3,0,Action|Adventure,partial,0.5000,1,1,0,Action|Adventure,partial,0.5000,1,1,0
3604960_1,Action,Action|Adventure,partial,0.5000,1,1,0,Action|Adventure,partial,0.5000,1,1,0,Action|Adventure,partial,0.5000,1,1,0
3618090_0,Adventure,Action|Adventure|Casual|Simulation,partial,0.2500,1,3,0,Adventure,exact,1.0000,1,0,0,Action|Adventure|Casual,partial,0.3333,1,2,0
3618090_1,Adventure,Action|Adventure|Casual|Simulation,partial,0.2500,1,3,0,Adventure,exact,1.0000,1,0,0,Adventure|Casual|Strategy,partial,0.3333,1,2,0
361830_0,Action,Action|Adventure|Casual,partial,0.3333,1,2,0,Action,exact,1.0000,1,0,0,Action|Casual,partial,0.5000,1,1,0
361830_1,Action,Action|Casual,partial,0.5000,1,1,0,Action,exact,1.0000,1,0,0,Action|Casual,partial,0.5000,1,1,0
3623400_0,Casual,Action|Casual,partial,0.5000,1,1,0,Casual|Strategy,partial,0.5000,1,1,0,Casual,exact,1.0000,1,0,0
3623400_1,Casual,Action|Adventure|Casual,partial,0.3333,1,2,0,Casual|Strategy,partial,0.5000,1,1,0,Casual,exact,1.0000,1,0,0
362780_0,Simulation,Action|Adventure|Casual|Racing|Simulation,partial,0.2000,1,4,0,Racing|Simulation,partial,0.5000,1,1,0,Racing|Simulation|Sports,partial,0.3333,1,2,0
362780_1,Simulation,Action|Casual|Racing|Simulation|Sports,partial,0.2000,1,4,0,Racing|Simulation,partial,0.5000,1,1,0,Racing|Simulation|Sports,partial,0.3333,1,2,0
3629300_0,Action|RPG,Adventure|Casual|RPG|Simulation|Strategy,partial,0.1667,1,4,1,Adventure|Casual|RPG,partial,0.2500,1,2,1,Casual|RPG|Simulation|Strategy,partial,0.2000,1,3,1
3629300_1,Action|RPG,Action|Adventure|RPG,partial,0.6667,2,1,0,Adventure|Casual|RPG,partial,0.2500,1,2,1,Casual|RPG|Strategy,partial,0.2500,1,2,1
3638420_0,Casual|Simulation|Strategy,Action|Adventure|Casual,partial,0.2000,1,2,2,Adventure|Simulation,partial,0.2500,1,1,2,Casual|Simulation,partial,0.6667,2,0,1
3638420_1,Casual|Simulation|Strategy,Action|Adventure|Casual,partial,0.2000,1,2,2,Adventure|Simulation,partial,0.2500,1,1,2,Adventure|Casual|Simulation,partial,0.5000,2,1,1
363940_0,Action,Action|Adventure|RPG|Strategy,partial,0.2500,1,3,0,Action|Adventure,partial,0.5000,1,1,0,Action,exact,1.0000,1,0,0
363940_1,Action,Action|Racing|Simulation,partial,0.3333,1,2,0,Action|Adventure,partial,0.5000,1,1,0,Action,exact,1.0000,1,0,0
363980_0,Simulation,Action|Adventure|Casual,wrong,0.0000,0,3,1,Action|Adventure|Casual|Simulation,partial,0.2500,1,3,0,Casual|Simulation,partial,0.5000,1,1,0
363980_1,Simulation,Adventure|Casual|RPG,wrong,0.0000,0,3,1,Action|Adventure|Casual|Simulation,partial,0.2500,1,3,0,Adventure|Casual|Simulation,partial,0.3333,1,2,0
364670_0,Action|Adventure|Casual|RPG|Strategy,Action|Adventure|Casual,partial,0.6000,3,0,2,Action|Adventure|Casual,partial,0.6000,3,0,2,Action|Adventure|Casual,partial,0.6000,3,0,2
364670_1,Action|Adventure|Casual|RPG|Strategy,Action|Adventure|Casual,partial,0.6000,3,0,2,Action|Adventure|Casual,partial,0.6000,3,0,2,Action|Adventure|Casual,partial,0.6000,3,0,2
3649480_0,Action|Adventure|Casual|RPG,Action|Adventure|Casual|RPG,exact,1.0000,4,0,0,Action|Adventure|Casual,partial,0.7500,3,0,1,Action|Adventure|Casual,partial,0.7500,3,0,1
3649480_1,Action|Adventure|Casual|RPG,Action|Adventure|Casual|RPG,exact,1.0000,4,0,0,Action|Adventure|Casual,partial,0.7500,3,0,1,Action|Adventure|Casual,partial,0.7500,3,0,1
3654650_0,Action|Adventure,Action|Adventure|Casual,partial,0.6667,2,1,0,Action|Adventure,exact,1.0000,2,0,0,Action|Adventure,exact,1.0000,2,0,0
3654650_1,Action|Adventure,Action|Adventure,exact,1.0000,2,0,0,Action|Adventure,exact,1.0000,2,0,0,Action|Adventure,exact,1.0000,2,0,0
3659180_0,Adventure|Casual,Action|Adventure|Casual,partial,0.6667,2,1,0,Action|Adventure|Casual,partial,0.6667,2,1,0,Action|Adventure|Casual,partial,0.6667,2,1,0
3659180_1,Adventure|Casual,Adventure|Casual|Simulation,partial,0.6667,2,1,0,Action|Adventure|Casual,partial,0.6667,2,1,0,Adventure|Casual,exact,1.0000,2,0,0
3669960_0,Adventure|RPG|Strategy,Action|Adventure|Casual|RPG|Strategy,partial,0.6000,3,2,0,Action|Adventure|RPG,partial,0.5000,2,1,1,Action|Adventure|RPG,partial,0.5000,2,1,1
3669960_1,Adventure|RPG|Strategy,Action|Casual|Racing|Simulation,wrong,0.0000,0,4,3,Action|Adventure|RPG,partial,0.5000,2,1,1,Adventure|RPG|Strategy,exact,1.0000,3,0,0
3674270_0,Action,Action|Adventure|Casual|Simulation,partial,0.2500,1,3,0,Action|Adventure|Casual,partial,0.3333,1,2,0,Action|Adventure|Casual,partial,0.3333,1,2,0
3674270_1,Action,Action|Adventure|Casual,partial,0.3333,1,2,0,Action|Adventure|Casual,partial,0.3333,1,2,0,Action|Adventure|Casual,partial,0.3333,1,2,0
3678810_0,Adventure|Simulation,Action|Adventure,partial,0.3333,1,1,1,Adventure|Casual,partial,0.3333,1,1,1,Action|Adventure,partial,0.3333,1,1,1
3678810_1,Adventure|Simulation,Action|Adventure|Simulation,partial,0.6667,2,1,0,Adventure|Casual,partial,0.3333,1,1,1,Action|Adventure,partial,0.3333,1,1,1
3678930_0,Action|RPG,Action|Casual|Strategy,partial,0.2500,1,2,1,Action|RPG|Strategy,partial,0.6667,2,1,0,Action|Casual|RPG|Strategy,partial,0.5000,2,2,0
3678930_1,Action|RPG,Action|Adventure|Casual,partial,0.2500,1,2,1,Action|RPG|Strategy,partial,0.6667,2,1,0,Action|RPG,exact,1.0000,2,0,0
3680350_0,Action|Adventure|Casual,Action|Adventure|Casual|Simulation,partial,0.7500,3,1,0,Adventure,partial,0.3333,1,0,2,Action|Adventure,partial,0.6667,2,0,1
3680350_1,Action|Adventure|Casual,Action|Adventure|Casual|RPG,partial,0.7500,3,1,0,Adventure,partial,0.3333,1,0,2,Action|Adventure|RPG,partial,0.5000,2,1,1
3681890_0,Adventure,Action|Adventure|Casual|RPG,partial,0.2500,1,3,0,Action|Adventure,partial,0.5000,1,1,0,Action|Adventure|RPG|Strategy,partial,0.2500,1,3,0
3681890_1,Adventure,Adventure|Casual|RPG,partial,0.3333,1,2,0,Action|Adventure,partial,0.5000,1,1,0,Adventure|RPG|Simulation|Strategy,partial,0.2500,1,3,0
368360_0,Adventure|Casual|Simulation|Strategy,Adventure|Casual|RPG,partial,0.4000,2,1,2,Action|Adventure,partial,0.2000,1,1,3,Action|Adventure,partial,0.2000,1,1,3
368360_1,Adventure|Casual|Simulation|Strategy,Action|Adventure|Casual|Simulation,partial,0.6000,3,1,1,Action|Adventure,partial,0.2000,1,1,3,Action|Adventure|Simulation,partial,0.4000,2,1,2
3685600_0,Action|Casual|RPG,Action|Adventure|Casual|RPG,partial,0.7500,3,1,0,Action|Adventure|RPG,partial,0.5000,2,1,1,Action|Adventure,partial,0.2500,1,1,2
3685600_1,Action|Casual|RPG,Action|Casual|Simulation,partial,0.5000,2,1,1,Action|Adventure|RPG,partial,0.5000,2,1,1,Action|Adventure|Casual,partial,0.5000,2,1,1
3685850_0,Action|Adventure,Action|Adventure|Simulation,partial,0.6667,2,1,0,Action|Adventure,exact,1.0000,2,0,0,Action|Adventure|Simulation,partial,0.6667,2,1,0
3685850_1,Action|Adventure,Action|Adventure|Simulation,partial,0.6667,2,1,0,Action|Adventure,exact,1.0000,2,0,0,Action|Adventure,exact,1.0000,2,0,0
3687110_0,Action|Adventure|RPG|Strategy,Action|Adventure,partial,0.5000,2,0,2,Action|Adventure|Casual|RPG|Strategy,partial,0.8000,4,1,0,Action|Casual|RPG,partial,0.4000,2,1,2
3687110_1,Action|Adventure|RPG|Strategy,Casual|Simulation|Strategy,partial,0.1667,1,2,3,Action|Adventure|Casual|RPG|Strategy,partial,0.8000,4,1,0,Action|Casual|RPG|Strategy,partial,0.6000,3,1,1
3690650_0,Adventure|RPG,Adventure|Casual,partial,0.3333,1,1,1,Adventure|Casual,partial,0.3333,1,1,1,Adventure|Casual,partial,0.3333,1,1,1
3690650_1,Adventure|RPG,Adventure|Casual|RPG|Simulation,partial,0.5000,2,2,0,Adventure|Casual,partial,0.3333,1,1,1,Adventure|Casual|Simulation,partial,0.2500,1,2,1
3706510_0,Casual|RPG,Adventure|Casual|Simulation,partial,0.2500,1,2,1,RPG|Simulation|Strategy,partial,0.2500,1,2,1,Adventure|RPG|Strategy,partial,0.2500,1,2,1
3706510_1,Casual|RPG,Action|Adventure|Casual,partial,0.2500,1,2,1,RPG|Simulation|Strategy,partial,0.2500,1,2,1,RPG|Strategy,partial,0.3333,1,1,1
3709680_0,Adventure|Strategy,Action|Adventure|Casual|RPG|Simulation|Strategy,partial,0.3333,2,4,0,Action|Casual|Simulation|Strategy,partial,0.2000,1,3,1,Casual|Simulation|Strategy,partial,0.2500,1,2,1
3709680_1,Adventure|Strategy,Action|Adventure|Casual|Simulation|Strategy,partial,0.4000,2,3,0,Action|Casual|Simulation|Strategy,partial,0.2000,1,3,1,Casual|Simulation|Strategy,partial,0.2500,1,2,1
3710770_0,Casual|Simulation|Strategy,Casual|RPG|Simulation|Strategy,partial,0.7500,3,1,0,Simulation,partial,0.3333,1,0,2,Simulation|Strategy,partial,0.6667,2,0,1
3710770_1,Casual|Simulation|Strategy,Action|Casual|Simulation|Strategy,partial,0.7500,3,1,0,Simulation,partial,0.3333,1,0,2,Simulation|Strategy,partial,0.6667,2,0,1
3715880_0,Adventure|Casual,Action|Adventure,partial,0.3333,1,1,1,Action|Adventure,partial,0.3333,1,1,1,Action|Adventure,partial,0.3333,1,1,1
3715880_1,Adventure|Casual,Action|Adventure,partial,0.3333,1,1,1,Action|Adventure,partial,0.3333,1,1,1,Action|Adventure,partial,0.3333,1,1,1
3716870_1,Casual|Strategy,Adventure|Casual,partial,0.3333,1,1,1,Action|Adventure|Casual,partial,0.2500,1,2,1,Adventure|Casual,partial,0.3333,1,1,1
3717700_0,Racing|Simulation|Sports,Action|Racing|Simulation|Sports,partial,0.7500,3,1,0,Action|Adventure|Casual|Racing|Simulation,partial,0.3333,2,3,1,Action|Adventure|Racing|Simulation,partial,0.4000,2,2,1
3717700_1,Racing|Simulation|Sports,Action|Adventure|Racing|Simulation,partial,0.4000,2,2,1,Action|Adventure|Casual|Racing|Simulation,partial,0.3333,2,3,1,Action|Adventure|Casual|Racing|Simulation|Sports,partial,0.5000,3,3,0
3717840_0,Action|Adventure|RPG,Adventure|Casual,partial,0.2500,1,1,2,Action|Adventure|Racing,partial,0.5000,2,1,1,Action|Adventure|Casual|Racing,partial,0.4000,2,2,1
3717840_1,Action|Adventure|RPG,Action|Adventure|Casual|Simulation|Strategy,partial,0.3333,2,3,1,Action|Adventure|Racing,partial,0.5000,2,1,1,Action|Adventure|Casual|Racing,partial,0.4000,2,2,1
3719540_0,Racing,Action|Casual|Racing|Simulation,partial,0.2500,1,3,0,Action|Casual,wrong,0.0000,0,2,1,Action|Casual|Racing,partial,0.3333,1,2,0
3719540_1,Racing,Action|Adventure|Racing|Simulation,partial,0.2500,1,3,0,Action|Casual,wrong,0.0000,0,2,1,Action|Casual|Racing|Sports,partial,0.2500,1,3,0
3719970_0,Action|Adventure,Action|Casual|Racing|Simulation|Sports,partial,0.1667,1,4,1,Action|Adventure,exact,1.0000,2,0,0,Action|Adventure,exact,1.0000,2,0,0
3719970_1,Action|Adventure,Action|Adventure|Casual|Simulation,partial,0.5000,2,2,0,Action|Adventure,exact,1.0000,2,0,0,Action|Adventure,exact,1.0000,2,0,0
3724870_0,Casual|RPG|Simulation|Sports,Action|Adventure|Casual,partial,0.1667,1,2,3,Action|Adventure|Casual|RPG,partial,0.3333,2,2,2,Adventure|Casual,partial,0.2000,1,1,3
3724870_1,Casual|RPG|Simulation|Sports,Action|Adventure|Casual|Simulation,partial,0.3333,2,2,2,Action|Adventure|Casual|RPG,partial,0.3333,2,2,2,Adventure|Casual,partial,0.2000,1,1,3
3726010_0,Action|Strategy,Action|Adventure|RPG,partial,0.2500,1,2,1,Action,partial,0.5000,1,0,1,Action|Casual,partial,0.3333,1,1,1
3726010_1,Action|Strategy,Action|Adventure,partial,0.3333,1,1,1,Action,partial,0.5000,1,0,1,Action|Casual,partial,0.3333,1,1,1
373630_0,Action,Action|Adventure|Casual,partial,0.3333,1,2,0,Action|Casual,partial,0.5000,1,1,0,Action|Casual,partial,0.5000,1,1,0
373630_1,Action,Casual|Simulation,wrong,0.0000,0,2,1,Action|Casual,partial,0.5000,1,1,0,Action|Casual,partial,0.5000,1,1,0
373750_0,Action|RPG|Simulation,Action|Adventure|Casual|RPG,partial,0.4000,2,2,1,Casual|Simulation|Strategy,partial,0.2000,1,2,2,Adventure|Casual|Simulation|Strategy,partial,0.1667,1,3,2
373750_1,Action|RPG|Simulation,Adventure|Casual|RPG|Simulation|Strategy,partial,0.3333,2,3,1,Casual|Simulation|Strategy,partial,0.2000,1,2,2,Casual|Simulation|Strategy,partial,0.2000,1,2,2
376210_0,Action|Adventure|Simulation,Action|Adventure|Simulation,exact,1.0000,3,0,0,Action|Adventure,partial,0.6667,2,0,1,Action|Adventure,partial,0.6667,2,0,1
376210_1,Action|Adventure|Simulation,Adventure|Casual|Simulation,partial,0.5000,2,1,1,Action|Adventure,partial,0.6667,2,0,1,Action|Adventure|Casual,partial,0.5000,2,1,1
3766750_0,Action|Casual|Simulation,Casual|Simulation|Strategy,partial,0.5000,2,1,1,Casual|Simulation,partial,0.6667,2,0,1,Casual,partial,0.3333,1,0,2
3767700_0,Casual|Simulation,Casual|RPG|Simulation|Strategy,partial,0.5000,2,2,0,Casual|Simulation,exact,1.0000,2,0,0,Casual|Simulation,exact,1.0000,2,0,0
3767700_1,Casual|Simulation,Casual|Simulation|Strategy,partial,0.6667,2,1,0,Casual|Simulation,exact,1.0000,2,0,0,Casual|Simulation,exact,1.0000,2,0,0
3773990_0,Adventure,Action|Adventure|Casual,partial,0.3333,1,2,0,Adventure|Casual,partial,0.5000,1,1,0,Adventure|Casual,partial,0.5000,1,1,0
3773990_1,Adventure,Adventure|Casual|RPG|Simulation,partial,0.2500,1,3,0,Adventure|Casual,partial,0.5000,1,1,0,Adventure|Casual,partial,0.5000,1,1,0
3793990_0,Casual,Action|Adventure|Casual,partial,0.3333,1,2,0,Adventure|Casual,partial,0.5000,1,1,0,Action|Adventure|Casual,partial,0.3333,1,2,0
3793990_1,Casual,Action|Adventure|Casual,partial,0.3333,1,2,0,Adventure|Casual,partial,0.5000,1,1,0,Action|Adventure|Casual,partial,0.3333,1,2,0
379530_0,Simulation|Strategy,Action|Adventure|Casual,wrong,0.0000,0,3,2,Adventure|Casual|RPG|Simulation,partial,0.2000,1,3,1,Action|Casual|Strategy,partial,0.2500,1,2,1
379530_1,Simulation|Strategy,Action|Adventure|RPG,wrong,0.0000,0,3,2,Adventure|Casual|RPG|Simulation,partial,0.2000,1,3,1,Action|Casual|Strategy,partial,0.2500,1,2,1
3810120_0,Action,Action|Casual|Simulation,partial,0.3333,1,2,0,Strategy,wrong,0.0000,0,1,1,Simulation|Strategy,wrong,0.0000,0,2,1
3810120_1,Action,Action|Adventure|Casual,partial,0.3333,1,2,0,Strategy,wrong,0.0000,0,1,1,Strategy,wrong,0.0000,0,1,1
3810250_0,Action|Casual|Strategy,Action|Casual|Racing|Simulation,partial,0.4000,2,2,1,Action,partial,0.3333,1,0,2,Action,partial,0.3333,1,0,2
3810250_1,Action|Casual|Strategy,Action|Casual|Racing|Simulation,partial,0.4000,2,2,1,Action,partial,0.3333,1,0,2,Action,partial,0.3333,1,0,2
3813240_0,Action|Casual,Action|Adventure|Casual,partial,0.6667,2,1,0,Action|Casual,exact,1.0000,2,0,0,Action|Casual,exact,1.0000,2,0,0
3813240_1,Action|Casual,Action|Adventure|Casual|RPG,partial,0.5000,2,2,0,Action|Casual,exact,1.0000,2,0,0,Action|Casual,exact,1.0000,2,0,0
3814720_0,Action|Adventure|Strategy,Action|Adventure|Casual|Racing|Simulation|Sports,partial,0.2857,2,4,1,Action|Adventure|RPG,partial,0.5000,2,1,1,Action|Adventure|RPG,partial,0.5000,2,1,1
381800_0,Racing,Action|Casual|Simulation|Strategy,wrong,0.0000,0,4,1,Racing|Simulation|Sports,partial,0.3333,1,2,0,Casual|Racing|Simulation|Sports,partial,0.2500,1,3,0
381800_1,Racing,Action|Adventure|Casual|Strategy,wrong,0.0000,0,4,1,Racing|Simulation|Sports,partial,0.3333,1,2,0,Racing|Simulation|Sports,partial,0.3333,1,2,0
3820910_0,Casual|Simulation,Action|Adventure|RPG,wrong,0.0000,0,3,2,Casual|Simulation|Strategy,partial,0.6667,2,1,0,Action|Casual|Simulation,partial,0.6667,2,1,0
3820910_1,Casual|Simulation,Action|Adventure|Casual,partial,0.2500,1,2,1,Casual|Simulation|Strategy,partial,0.6667,2,1,0,Casual,partial,0.5000,1,0,1
3822730_0,Action|Simulation,Action|Adventure|RPG|Simulation,partial,0.5000,2,2,0,Action,partial,0.5000,1,0,1,Action,partial,0.5000,1,0,1
3822730_1,Action|Simulation,Action|Adventure|RPG,partial,0.2500,1,2,1,Action,partial,0.5000,1,0,1,Action,partial,0.5000,1,0,1
3830800_0,Action|Racing|Simulation,Action|Racing|Simulation|Sports,partial,0.7500,3,1,0,Racing|Sports,partial,0.2500,1,1,2,Racing|Simulation|Sports,partial,0.5000,2,1,1
3830800_1,Action|Racing|Simulation,Action|Casual|Racing|Simulation|Sports,partial,0.6000,3,2,0,Racing|Sports,partial,0.2500,1,1,2,Racing|Simulation|Sports,partial,0.5000,2,1,1
3836390_0,Casual,Action|Adventure|Casual,partial,0.3333,1,2,0,Casual|Simulation,partial,0.5000,1,1,0,Casual|Simulation,partial,0.5000,1,1,0
3836390_1,Casual,Action|Adventure|Casual|Simulation,partial,0.2500,1,3,0,Casual|Simulation,partial,0.5000,1,1,0,Casual|Simulation,partial,0.5000,1,1,0
3837330_0,Casual|Simulation,Action|Adventure|Casual|Simulation|Strategy,partial,0.4000,2,3,0,Action|Adventure|Casual|Simulation,partial,0.5000,2,2,0,Action|Adventure|Casual|Simulation,partial,0.5000,2,2,0
3837330_1,Casual|Simulation,Action|Adventure|Casual|Simulation|Strategy,partial,0.4000,2,3,0,Action|Adventure|Casual|Simulation,partial,0.5000,2,2,0,Action|Adventure|Casual|Simulation,partial,0.5000,2,2,0
3838170_0,Action,Adventure|Casual,wrong,0.0000,0,2,1,Action,exact,1.0000,1,0,0,Action|Casual,partial,0.5000,1,1,0
3838170_1,Action,Action|Adventure|Casual|Strategy,partial,0.2500,1,3,0,Action,exact,1.0000,1,0,0,Action|Casual,partial,0.5000,1,1,0
3838670_0,Action,Action|Casual|Strategy,partial,0.3333,1,2,0,Action|Simulation,partial,0.5000,1,1,0,Casual|Simulation,wrong,0.0000,0,2,1
3838670_1,Action,Action|Adventure|Casual|Strategy,partial,0.2500,1,3,0,Action|Simulation,partial,0.5000,1,1,0,Action|Casual|Simulation,partial,0.3333,1,2,0
3839580_0,Casual,Action|Adventure|Casual|Simulation,partial,0.2500,1,3,0,Casual|Strategy,partial,0.5000,1,1,0,Casual,exact,1.0000,1,0,0
3839580_1,Casual,Adventure|Casual|Simulation,partial,0.3333,1,2,0,Casual|Strategy,partial,0.5000,1,1,0,Casual,exact,1.0000,1,0,0
384010_0,Action|Casual,Action|Adventure|Casual|Strategy,partial,0.5000,2,2,0,Casual|Simulation|Strategy,partial,0.2500,1,2,1,Casual|Simulation|Strategy,partial,0.2500,1,2,1
384010_1,Action|Casual,Casual,partial,0.5000,1,0,1,Casual|Simulation|Strategy,partial,0.2500,1,2,1,Casual|Simulation|Strategy,partial,0.2500,1,2,1
384250_0,Action,Action|Adventure|RPG,partial,0.3333,1,2,0,Action|Casual,partial,0.5000,1,1,0,Action|Casual,partial,0.5000,1,1,0
384250_1,Action,Action|Adventure|Casual,partial,0.3333,1,2,0,Action|Casual,partial,0.5000,1,1,0,Action|Casual,partial,0.5000,1,1,0
3843560_0,Simulation|Strategy,Action|Adventure|Casual|Simulation|Strategy,partial,0.4000,2,3,0,Action|Simulation|Strategy,partial,0.6667,2,1,0,Simulation|Strategy,exact,1.0000,2,0,0
3843560_1,Simulation|Strategy,Action|Adventure|Casual|RPG,wrong,0.0000,0,4,2,Action|Simulation|Strategy,partial,0.6667,2,1,0,Action|Simulation|Strategy,partial,0.6667,2,1,0
384570_0,Action|Adventure|RPG,Action|Adventure|Casual|Simulation,partial,0.4000,2,2,1,Adventure|RPG,partial,0.6667,2,0,1,Action|Adventure|Casual|RPG,partial,0.7500,3,1,0
384570_1,Action|Adventure|RPG,Action|Adventure|RPG,exact,1.0000,3,0,0,Adventure|RPG,partial,0.6667,2,0,1,Action|Adventure|RPG,exact,1.0000,3,0,0
3854760_0,Adventure,Action|Adventure|Casual,partial,0.3333,1,2,0,Action|Adventure,partial,0.5000,1,1,0,Action|Adventure|Casual,partial,0.3333,1,2,0
3854760_1,Adventure,Action|Adventure|RPG,partial,0.3333,1,2,0,Action|Adventure,partial,0.5000,1,1,0,Action|Adventure|Casual,partial,0.3333,1,2,0
385980_0,Action|Adventure|Casual,Action|Adventure|Casual,exact,1.0000,3,0,0,Action|Adventure,partial,0.6667,2,0,1,Action|Adventure,partial,0.6667,2,0,1
385980_1,Action|Adventure|Casual,Action|Adventure|RPG,partial,0.5000,2,1,1,Action|Adventure,partial,0.6667,2,0,1,Action|Adventure,partial,0.6667,2,0,1
3862920_0,Action|Adventure|Casual|Simulation|Sports|Strategy,Action|Adventure|Casual,partial,0.5000,3,0,3,Action|Adventure|Casual,partial,0.5000,3,0,3,Action|Adventure|Casual,partial,0.5000,3,0,3
3862920_1,Action|Adventure|Casual|Simulation|Sports|Strategy,Action|Adventure|Casual,partial,0.5000,3,0,3,Action|Adventure|Casual,partial,0.5000,3,0,3,Action|Adventure|Casual,partial,0.5000,3,0,3
3863720_0,Action|Racing|Simulation,Action|Adventure|Casual|Simulation,partial,0.4000,2,2,1,Action|Casual|Racing,partial,0.5000,2,1,1,Action|Casual|Racing|Sports,partial,0.4000,2,2,1
3863720_1,Action|Racing|Simulation,Action|Adventure|Casual|Racing|Simulation,partial,0.6000,3,2,0,Action|Casual|Racing,partial,0.5000,2,1,1,Action|Casual|Racing|Sports,partial,0.4000,2,2,1
386900_0,Strategy,Adventure|Casual,wrong,0.0000,0,2,1,Adventure|Casual,wrong,0.0000,0,2,1,Casual,wrong,0.0000,0,1,1
386900_1,Strategy,Action|Adventure|Casual|Simulation,wrong,0.0000,0,4,1,Adventure|Casual,wrong,0.0000,0,2,1,Casual|Strategy,partial,0.5000,1,1,0
387860_0,Adventure|RPG,Adventure|Casual|Simulation|Strategy,partial,0.2000,1,3,1,Action|Adventure,partial,0.3333,1,1,1,Adventure|Casual|Simulation,partial,0.2500,1,2,1
387860_1,Adventure|RPG,Adventure|Casual|Simulation,partial,0.2500,1,2,1,Action|Adventure,partial,0.3333,1,1,1,Adventure|Casual,partial,0.3333,1,1,1
3890010_0,Action|Adventure,Action|Adventure|Casual|Strategy,partial,0.5000,2,2,0,Action|Adventure|Casual,partial,0.6667,2,1,0,Action|Adventure|Casual,partial,0.6667,2,1,0
3890010_1,Action|Adventure,Action|Adventure|Casual,partial,0.6667,2,1,0,Action|Adventure|Casual,partial,0.6667,2,1,0,Action|Adventure|Casual,partial,0.6667,2,1,0
3894590_0,Casual|Strategy,Adventure|Casual|Simulation|Strategy,partial,0.5000,2,2,0,Adventure|Casual,partial,0.3333,1,1,1,Adventure|Casual|Simulation,partial,0.2500,1,2,1
3894590_1,Casual|Strategy,Adventure|Casual|Simulation|Strategy,partial,0.5000,2,2,0,Adventure|Casual,partial,0.3333,1,1,1,Adventure|Casual,partial,0.3333,1,1,1
3897470_0,Action|Casual|Sports|Strategy,Action|Adventure|Casual|Simulation,partial,0.3333,2,2,2,Casual|RPG|Simulation|Strategy,partial,0.3333,2,2,2,Action|Casual|RPG|Simulation|Strategy,partial,0.5000,3,2,1
3897470_1,Action|Casual|Sports|Strategy,Adventure|Casual|RPG,partial,0.1667,1,2,3,Casual|RPG|Simulation|Strategy,partial,0.3333,2,2,2,Casual|RPG|Strategy,partial,0.4000,2,1,2
3904000_0,RPG|Simulation,Action|Adventure|Casual,wrong,0.0000,0,3,2,Adventure,wrong,0.0000,0,1,2,Action|Adventure,wrong,0.0000,0,2,2
3904000_1,RPG|Simulation,Action|Adventure|Casual|Simulation,partial,0.2000,1,3,1,Adventure,wrong,0.0000,0,1,2,Adventure|Casual|Simulation,partial,0.2500,1,2,1
390710_0,Action,Action|Casual,partial,0.5000,1,1,0,Action|Casual,partial,0.5000,1,1,0,Action|Casual,partial,0.5000,1,1,0
390710_1,Action,Action|Adventure|Casual|RPG,partial,0.2500,1,3,0,Action|Casual,partial,0.5000,1,1,0,Action|Casual,partial,0.5000,1,1,0
3912380_0,Action|Adventure|Simulation,Action|Adventure|Casual|RPG|Strategy,partial,0.3333,2,3,1,Action|Casual|Simulation,partial,0.5000,2,1,1,Action|Casual|Simulation,partial,0.5000,2,1,1
3912380_1,Action|Adventure|Simulation,Adventure|RPG|Strategy,partial,0.2000,1,2,2,Action|Casual|Simulation,partial,0.5000,2,1,1,Casual|Simulation|Strategy,partial,0.2000,1,2,2
391290_0,Action|Racing,Action|Adventure|Simulation,partial,0.2500,1,2,1,Action,partial,0.5000,1,0,1,Action,partial,0.5000,1,0,1
391290_1,Action|Racing,Action|Adventure|Casual|RPG|Strategy,partial,0.1667,1,4,1,Action,partial,0.5000,1,0,1,Action,partial,0.5000,1,0,1
3915010_0,Adventure,Action|Adventure|Simulation,partial,0.3333,1,2,0,Action|Adventure,partial,0.5000,1,1,0,Action|Adventure,partial,0.5000,1,1,0
3915010_1,Adventure,Action|Adventure,partial,0.5000,1,1,0,Action|Adventure,partial,0.5000,1,1,0,Action|Adventure,partial,0.5000,1,1,0
3915060_0,Casual|Simulation|Sports|Strategy,Casual|Simulation|Strategy,partial,0.7500,3,0,1,Simulation|Strategy,partial,0.5000,2,0,2,Casual|Simulation|Sports|Strategy,exact,1.0000,4,0,0
3915060_1,Casual|Simulation|Sports|Strategy,Casual|Simulation|Strategy,partial,0.7500,3,0,1,Simulation|Strategy,partial,0.5000,2,0,2,Casual|Simulation|Strategy,partial,0.7500,3,0,1
3920520_0,Action|RPG|Simulation,Action|Adventure|Casual|Simulation,partial,0.4000,2,2,1,Action,partial,0.3333,1,0,2,Action,partial,0.3333,1,0,2
3920520_1,Action|RPG|Simulation,Action|Adventure|Casual,partial,0.2000,1,2,2,Action,partial,0.3333,1,0,2,Action,partial,0.3333,1,0,2
3923240_0,Casual|Simulation,Action|Adventure|Casual|Strategy,partial,0.2000,1,3,1,Casual|Simulation|Strategy,partial,0.6667,2,1,0,Casual|Simulation,exact,1.0000,2,0,0
3923240_1,Casual|Simulation,Casual|Strategy,partial,0.3333,1,1,1,Casual|Simulation|Strategy,partial,0.6667,2,1,0,Casual|Simulation|Strategy,partial,0.6667,2,1,0
3924000_0,Casual,Action|Adventure,wrong,0.0000,0,2,1,Adventure,wrong,0.0000,0,1,1,Action|Adventure,wrong,0.0000,0,2,1
3924000_1,Casual,Action|Adventure|Simulation,wrong,0.0000,0,3,1,Adventure,wrong,0.0000,0,1,1,Action|Adventure,wrong,0.0000,0,2,1
392410_0,Action|Adventure,Action|Adventure|Casual,partial,0.6667,2,1,0,Action|Adventure|Casual,partial,0.6667,2,1,0,Action|Adventure|Casual,partial,0.6667,2,1,0
392410_1,Action|Adventure,Action|Adventure|Casual,partial,0.6667,2,1,0,Action|Adventure|Casual,partial,0.6667,2,1,0,Action|Adventure|Casual,partial,0.6667,2,1,0
3924530_0,Simulation|Strategy,Action|Casual,wrong,0.0000,0,2,2,Casual,wrong,0.0000,0,1,2,Casual|Racing,wrong,0.0000,0,2,2
3924530_1,Simulation|Strategy,Action|Adventure|Casual|Racing,wrong,0.0000,0,4,2,Casual,wrong,0.0000,0,1,2,Adventure|Casual|Racing,wrong,0.0000,0,3,2
3925770_0,Casual|Strategy,Action|Adventure|Casual|RPG|Strategy,partial,0.4000,2,3,0,Adventure|Simulation|Strategy,partial,0.2500,1,2,1,Casual|Simulation|Strategy,partial,0.6667,2,1,0
3925770_1,Casual|Strategy,Action|Adventure|Casual|RPG|Simulation|Strategy,partial,0.3333,2,4,0,Adventure|Simulation|Strategy,partial,0.2500,1,2,1,Casual|Simulation|Strategy,partial,0.6667,2,1,0
3927260_0,Casual,Casual|Strategy,partial,0.5000,1,1,0,Casual|Strategy,partial,0.5000,1,1,0,Casual|Strategy,partial,0.5000,1,1,0
3927260_1,Casual,Casual|Strategy,partial,0.5000,1,1,0,Casual|Strategy,partial,0.5000,1,1,0,Casual|Strategy,partial,0.5000,1,1,0
3930550_0,Action|Adventure,Action|Adventure|RPG,partial,0.6667,2,1,0,Action|Adventure,exact,1.0000,2,0,0,Action|Adventure,exact,1.0000,2,0,0
3930550_1,Action|Adventure,Action|Adventure|Casual|RPG,partial,0.5000,2,2,0,Action|Adventure,exact,1.0000,2,0,0,Action|Adventure,exact,1.0000,2,0,0
3933530_0,Casual,Action|Adventure|Casual|Simulation|Strategy,partial,0.2000,1,4,0,Casual|Simulation,partial,0.5000,1,1,0,Casual|Simulation,partial,0.5000,1,1,0
3933530_1,Casual,Action|Adventure|Casual,partial,0.3333,1,2,0,Casual|Simulation,partial,0.5000,1,1,0,Casual,exact,1.0000,1,0,0
3933920_1,Simulation|Strategy,Action|Adventure|Casual,wrong,0.0000,0,3,2,Casual|Simulation,partial,0.3333,1,1,1,Casual|Simulation,partial,0.3333,1,1,1
3936770_0,Adventure|RPG,Action|Adventure|Casual|RPG|Strategy,partial,0.4000,2,3,0,Action|Adventure|RPG,partial,0.6667,2,1,0,Adventure|RPG,exact,1.0000,2,0,0
3936770_1,Adventure|RPG,Action|Adventure|Casual|RPG,partial,0.5000,2,2,0,Action|Adventure|RPG,partial,0.6667,2,1,0,Action|Adventure|RPG,partial,0.6667,2,1,0
3959050_0,Casual|Strategy,Action|Adventure|Casual|Simulation|Strategy,partial,0.4000,2,3,0,Action|Adventure|Casual|Racing,partial,0.2000,1,3,1,Action|Casual,partial,0.3333,1,1,1
3959050_1,Casual|Strategy,Casual|RPG|Simulation|Strategy,partial,0.5000,2,2,0,Action|Adventure|Casual|Racing,partial,0.2000,1,3,1,Action|Casual|Simulation,partial,0.2500,1,2,1
3966130_0,Adventure,Action|Adventure,partial,0.5000,1,1,0,Action|Adventure,partial,0.5000,1,1,0,Action|Adventure,partial,0.5000,1,1,0
3966130_1,Adventure,Action|Adventure|Simulation,partial,0.3333,1,2,0,Action|Adventure,partial,0.5000,1,1,0,Action|Adventure,partial,0.5000,1,1,0
3971600_0,Adventure|RPG,Action|Adventure|Casual,partial,0.2500,1,2,1,Adventure|Casual,partial,0.3333,1,1,1,Adventure|Casual,partial,0.3333,1,1,1
3971600_1,Adventure|RPG,Action|Adventure|Casual,partial,0.2500,1,2,1,Adventure|Casual,partial,0.3333,1,1,1,Adventure|Casual,partial,0.3333,1,1,1
3976510_0,Adventure|Casual,Casual|Strategy,partial,0.3333,1,1,1,Adventure|Casual,exact,1.0000,2,0,0,Casual|Strategy,partial,0.3333,1,1,1
3976510_1,Adventure|Casual,Action|Adventure|Casual,partial,0.6667,2,1,0,Adventure|Casual,exact,1.0000,2,0,0,Adventure|Casual,exact,1.0000,2,0,0
3978460_0,Action|Adventure|Casual|Racing|Simulation|Strategy,Action|Adventure|Casual|RPG|Simulation,partial,0.5714,4,1,2,Action|Adventure|Casual,partial,0.5000,3,0,3,Action|Adventure|Casual|Racing,partial,0.6667,4,0,2
3978460_1,Action|Adventure|Casual|Racing|Simulation|Strategy,Action|Adventure|Casual|Simulation,partial,0.6667,4,0,2,Action|Adventure|Casual,partial,0.5000,3,0,3,Action|Adventure|Casual|Racing,partial,0.6667,4,0,2
3987220_0,Adventure|Casual|Simulation,Action|Adventure|Casual|Simulation|Strategy,partial,0.6000,3,2,0,Action|Casual,partial,0.2500,1,1,2,Action|Casual|Simulation|Strategy,partial,0.4000,2,2,1
3987220_1,Adventure|Casual|Simulation,Casual|RPG|Simulation,partial,0.5000,2,1,1,Action|Casual,partial,0.2500,1,1,2,Casual|Simulation,partial,0.6667,2,0,1
398840_0,Action|Simulation|Strategy,Action|Adventure|Casual|RPG|Strategy,partial,0.3333,2,3,1,Adventure|Casual,wrong,0.0000,0,2,3,Adventure|Casual|Simulation,partial,0.2000,1,2,2
398840_1,Action|Simulation|Strategy,Action|Adventure|Casual|RPG|Strategy,partial,0.3333,2,3,1,Adventure|Casual,wrong,0.0000,0,2,3,Adventure|Casual|RPG|Simulation,partial,0.1667,1,3,2
3990590_0,Casual,Adventure|Casual,partial,0.5000,1,1,0,Action|Casual|Simulation,partial,0.3333,1,2,0,Casual|Simulation,partial,0.5000,1,1,0
3990590_1,Casual,Casual|Simulation|Strategy,partial,0.3333,1,2,0,Action|Casual|Simulation,partial,0.3333,1,2,0,Casual|Simulation,partial,0.5000,1,1,0
4006240_0,RPG|Strategy,Action|Adventure|Casual|RPG|Simulation,partial,0.1667,1,4,1,Action|Strategy,partial,0.3333,1,1,1,Action|Simulation|Strategy,partial,0.2500,1,2,1
4006240_1,RPG|Strategy,Action|Adventure|Casual|RPG|Strategy,partial,0.4000,2,3,0,Action|Strategy,partial,0.3333,1,1,1,Action|Casual|Strategy,partial,0.2500,1,2,1
4010350_0,Adventure,Action|Adventure,partial,0.5000,1,1,0,Action|Adventure,partial,0.5000,1,1,0,Action|Adventure,partial,0.5000,1,1,0
4010350_1,Adventure,Action|Adventure,partial,0.5000,1,1,0,Action|Adventure,partial,0.5000,1,1,0,Action|Adventure,partial,0.5000,1,1,0
4010750_0,Adventure|Casual|Strategy,Action|Adventure|Casual|Simulation,partial,0.4000,2,2,1,Casual|Strategy,partial,0.6667,2,0,1,Action|Casual|Strategy,partial,0.5000,2,1,1
4010750_1,Adventure|Casual|Strategy,Action|Simulation|Strategy,partial,0.2000,1,2,2,Casual|Strategy,partial,0.6667,2,0,1,Action|Casual|Strategy,partial,0.5000,2,1,1
401200_0,Adventure,Action|Adventure|Casual,partial,0.3333,1,2,0,Action|Adventure|Simulation,partial,0.3333,1,2,0,Action|Adventure|Simulation,partial,0.3333,1,2,0
401200_1,Adventure,Action|Adventure|Casual,partial,0.3333,1,2,0,Action|Adventure|Simulation,partial,0.3333,1,2,0,Action|Adventure|Simulation,partial,0.3333,1,2,0
4018200_0,Simulation,Action|Adventure|Simulation,partial,0.3333,1,2,0,Adventure|Casual,wrong,0.0000,0,2,1,Adventure,wrong,0.0000,0,1,1
4018200_1,Simulation,Action|Adventure,wrong,0.0000,0,2,1,Adventure|Casual,wrong,0.0000,0,2,1,Adventure|Casual,wrong,0.0000,0,2,1
401910_0,Strategy,Action|Casual|Strategy,partial,0.3333,1,2,0,Action,wrong,0.0000,0,1,1,Action|Casual,wrong,0.0000,0,2,1
401910_1,Strategy,Action|Casual|Simulation|Strategy,partial,0.2500,1,3,0,Action,wrong,0.0000,0,1,1,Casual|Simulation|Strategy,partial,0.3333,1,2,0
4020110_0,Action,Action|Adventure|RPG|Simulation,partial,0.2500,1,3,0,Action|Casual,partial,0.5000,1,1,0,Action|Casual|Strategy,partial,0.3333,1,2,0
4020110_1,Action,Action|Adventure,partial,0.5000,1,1,0,Action|Casual,partial,0.5000,1,1,0,Action|Casual|Strategy,partial,0.3333,1,2,0
4020970_0,Action|Adventure,Action|Adventure|Casual|Simulation,partial,0.5000,2,2,0,Adventure,partial,0.5000,1,0,1,Action|Adventure,exact,1.0000,2,0,0
4020970_1,Action|Adventure,Action|Adventure|Simulation,partial,0.6667,2,1,0,Adventure,partial,0.5000,1,0,1,Action|Adventure|Casual,partial,0.6667,2,1,0
4022490_0,Adventure|Casual,Action|Adventure|Casual,partial,0.6667,2,1,0,Adventure|Casual,exact,1.0000,2,0,0,Adventure|Casual,exact,1.0000,2,0,0
4022490_1,Adventure|Casual,Action|Adventure|RPG|Simulation,partial,0.2000,1,3,1,Adventure|Casual,exact,1.0000,2,0,0,Adventure|Casual,exact,1.0000,2,0,0
4031850_0,Adventure|RPG|Simulation,Action|Adventure|Casual|Racing|Simulation,partial,0.3333,2,3,1,Action|Adventure|Casual,partial,0.2000,1,2,2,Action|Adventure|Casual,partial,0.2000,1,2,2
4031850_1,Adventure|RPG|Simulation,Action|Adventure|Casual|Simulation,partial,0.4000,2,2,1,Action|Adventure|Casual,partial,0.2000,1,2,2,Action|Adventure|Casual,partial,0.2000,1,2,2
4039180_0,Adventure|RPG|Racing|Simulation,Action|Adventure|Casual|RPG,partial,0.3333,2,2,2,Action,wrong,0.0000,0,1,4,Action,wrong,0.0000,0,1,4
4039180_1,Adventure|RPG|Racing|Simulation,Action|Adventure|Casual|Simulation,partial,0.3333,2,2,2,Action,wrong,0.0000,0,1,4,Action|Casual|Racing,partial,0.1667,1,2,3
4043220_0,Adventure|Casual,Adventure|Casual|Simulation,partial,0.6667,2,1,0,Adventure|Casual,exact,1.0000,2,0,0,Adventure|Casual,exact,1.0000,2,0,0
4043220_1,Adventure|Casual,Adventure|Casual|Simulation,partial,0.6667,2,1,0,Adventure|Casual,exact,1.0000,2,0,0,Adventure|Casual,exact,1.0000,2,0,0
4048550_0,Action|Adventure|Simulation,Action|Adventure|Casual,partial,0.5000,2,1,1,Action|Adventure|Casual|Simulation,partial,0.7500,3,1,0,Action|Adventure|Casual|Simulation,partial,0.7500,3,1,0
4048550_1,Action|Adventure|Simulation,Action|Adventure|Casual,partial,0.5000,2,1,1,Action|Adventure|Casual|Simulation,partial,0.7500,3,1,0,Action|Adventure|Casual|Simulation,partial,0.7500,3,1,0
4050460_0,Action|Adventure,Action|Adventure|Casual|RPG|Simulation,partial,0.4000,2,3,0,Action|Adventure,exact,1.0000,2,0,0,Action|Adventure|Casual,partial,0.6667,2,1,0
4050460_1,Action|Adventure,Action|Adventure,exact,1.0000,2,0,0,Action|Adventure,exact,1.0000,2,0,0,Action|Adventure|Casual,partial,0.6667,2,1,0
405340_0,Action|Strategy,Action|Adventure|Casual|RPG,partial,0.2000,1,3,1,Action|Casual,partial,0.3333,1,1,1,Action|Adventure|Casual,partial,0.2500,1,2,1
405340_1,Action|Strategy,Action|Adventure|Casual,partial,0.2500,1,2,1,Action|Casual,partial,0.3333,1,1,1,Action|Casual,partial,0.3333,1,1,1
4056230_0,Action|Adventure,Action|Adventure|Casual|Simulation,partial,0.5000,2,2,0,Action|Adventure,exact,1.0000,2,0,0,Action|Adventure|Simulation,partial,0.6667,2,1,0
4056230_1,Action|Adventure,Action|Adventure|Casual|RPG|Strategy,partial,0.4000,2,3,0,Action|Adventure,exact,1.0000,2,0,0,Action|Adventure|Casual|Simulation,partial,0.5000,2,2,0
406940_0,Action|Racing,Action|Adventure|Casual,partial,0.2500,1,2,1,Action|Casual|Racing,partial,0.6667,2,1,0,Action|Casual|Racing|Sports,partial,0.5000,2,2,0
406940_1,Action|Racing,Action|Casual,partial,0.3333,1,1,1,Action|Casual|Racing,partial,0.6667,2,1,0,Action|Casual|Racing,partial,0.6667,2,1,0
4070620_0,Action,Action|Adventure|RPG,partial,0.3333,1,2,0,Adventure|RPG,wrong,0.0000,0,2,1,Action|Adventure|RPG,partial,0.3333,1,2,0
4070620_1,Action,Action|Adventure|Casual|RPG|Strategy,partial,0.2000,1,4,0,Adventure|RPG,wrong,0.0000,0,2,1,Action|Adventure|Casual|RPG|Strategy,partial,0.2000,1,4,0
4076200_0,Casual,Action|Adventure|Casual,partial,0.3333,1,2,0,Action|Casual|Sports,partial,0.3333,1,2,0,Casual|Sports,partial,0.5000,1,1,0
4076200_1,Casual,Action|Adventure|Casual,partial,0.3333,1,2,0,Action|Casual|Sports,partial,0.3333,1,2,0,Casual|Sports,partial,0.5000,1,1,0
4083510_0,Adventure,Action|Adventure,partial,0.5000,1,1,0,Action|Adventure,partial,0.5000,1,1,0,Action|Adventure,partial,0.5000,1,1,0
4083510_1,Adventure,Action|Adventure,partial,0.5000,1,1,0,Action|Adventure,partial,0.5000,1,1,0,Action|Adventure,partial,0.5000,1,1,0
4106530_0,Action|Casual|Sports,Action|Casual,partial,0.6667,2,0,1,Action|Casual,partial,0.6667,2,0,1,Action|Casual,partial,0.6667,2,0,1
4106530_1,Action|Casual|Sports,Action|Casual,partial,0.6667,2,0,1,Action|Casual,partial,0.6667,2,0,1,Action|Casual,partial,0.6667,2,0,1
4111440_0,Action|RPG,Action|Adventure|Casual,partial,0.2500,1,2,1,Action|Adventure|RPG,partial,0.6667,2,1,0,Action|Adventure|Casual|RPG,partial,0.5000,2,2,0
4111440_1,Action|RPG,Action|Adventure|Casual|Simulation,partial,0.2000,1,3,1,Action|Adventure|RPG,partial,0.6667,2,1,0,Action|Adventure|Casual|RPG,partial,0.5000,2,2,0
4118640_0,Adventure|Casual|Simulation|Strategy,Casual|Simulation|Strategy,partial,0.7500,3,0,1,Action|Adventure|RPG|Strategy,partial,0.3333,2,2,2,Adventure|Casual|RPG|Strategy,partial,0.6000,3,1,1
411960_0,Action|Adventure,Adventure|Casual|Simulation,partial,0.2500,1,2,1,Action|Adventure|Casual,partial,0.6667,2,1,0,Adventure|Casual,partial,0.3333,1,1,1
411960_1,Action|Adventure,Action|Adventure|Casual,partial,0.6667,2,1,0,Action|Adventure|Casual,partial,0.6667,2,1,0,Action|Adventure|Casual,partial,0.6667,2,1,0
4125690_0,Action|Adventure|Casual|RPG,Action|Adventure|Casual,partial,0.7500,3,0,1,Action,partial,0.2500,1,0,3,Action|Casual,partial,0.5000,2,0,2
4125690_1,Action|Adventure|Casual|RPG,Casual|Strategy,partial,0.2000,1,1,3,Action,partial,0.2500,1,0,3,Action|Casual,partial,0.5000,2,0,2
4127540_0,Action|Adventure,Action|Adventure,exact,1.0000,2,0,0,Action|Adventure,exact,1.0000,2,0,0,Action|Adventure,exact,1.0000,2,0,0
4127540_1,Action|Adventure,Action|Adventure|Casual|RPG,partial,0.5000,2,2,0,Action|Adventure,exact,1.0000,2,0,0,Action|Adventure|RPG,partial,0.6667,2,1,0
412880_0,Action|Racing|Simulation|Sports,Action|Racing|Simulation|Sports,exact,1.0000,4,0,0,Racing|Simulation|Sports,partial,0.7500,3,0,1,Racing|Simulation|Sports,partial,0.7500,3,0,1
412880_1,Action|Racing|Simulation|Sports,Action|Casual|Racing|Simulation,partial,0.6000,3,1,1,Racing|Simulation|Sports,partial,0.7500,3,0,1,Casual|Racing|Simulation|Sports,partial,0.6000,3,1,1
4134640_0,Adventure|Casual,Adventure|Casual|RPG|Simulation,partial,0.5000,2,2,0,Adventure|Casual,exact,1.0000,2,0,0,Adventure|Casual|Simulation,partial,0.6667,2,1,0
4134640_1,Adventure|Casual,Adventure|Casual|RPG|Simulation,partial,0.5000,2,2,0,Adventure|Casual,exact,1.0000,2,0,0,Adventure|Casual|Simulation,partial,0.6667,2,1,0
4135950_0,Adventure|Casual|Racing|Simulation,Adventure|Casual|RPG,partial,0.4000,2,1,2,Adventure|Casual|RPG|Simulation,partial,0.6000,3,1,1,Adventure|Casual|RPG|Simulation,partial,0.6000,3,1,1
4135950_1,Adventure|Casual|Racing|Simulation,Adventure|Casual|RPG,partial,0.4000,2,1,2,Adventure|Casual|RPG|Simulation,partial,0.6000,3,1,1,Adventure|Casual|Simulation,partial,0.7500,3,0,1
4143020_0,Action|Adventure,Action|Adventure|RPG,partial,0.6667,2,1,0,Action|Adventure|RPG,partial,0.6667,2,1,0,Action|Adventure|Casual|RPG,partial,0.5000,2,2,0
4143020_1,Action|Adventure,Action|Adventure|Casual,partial,0.6667,2,1,0,Action|Adventure|RPG,partial,0.6667,2,1,0,Action|Adventure,exact,1.0000,2,0,0
415240_0,Action|Casual,Action|Casual,exact,1.0000,2,0,0,Action|Casual,exact,1.0000,2,0,0,Action|Casual,exact,1.0000,2,0,0
415240_1,Action|Casual,Action|Casual,exact,1.0000,2,0,0,Action|Casual,exact,1.0000,2,0,0,Action|Casual,exact,1.0000,2,0,0
415830_0,Casual|Strategy,Action|Casual,partial,0.3333,1,1,1,Adventure,wrong,0.0000,0,1,2,Casual|Simulation|Strategy,partial,0.6667,2,1,0
415830_1,Casual|Strategy,Casual|Strategy,exact,1.0000,2,0,0,Adventure,wrong,0.0000,0,1,2,Casual|Strategy,exact,1.0000,2,0,0
4172790_0,Action|Adventure|RPG|Simulation,Action|Adventure,partial,0.5000,2,0,2,Action|Adventure,partial,0.5000,2,0,2,Action|Adventure,partial,0.5000,2,0,2
4172790_1,Action|Adventure|RPG|Simulation,Action|Adventure,partial,0.5000,2,0,2,Action|Adventure,partial,0.5000,2,0,2,Action|Adventure,partial,0.5000,2,0,2
4175590_0,Action|Adventure|Simulation,Action|Adventure,partial,0.6667,2,0,1,Action|Adventure,partial,0.6667,2,0,1,Action|Adventure,partial,0.6667,2,0,1
4175590_1,Action|Adventure|Simulation,Action|Adventure|Simulation,exact,1.0000,3,0,0,Action|Adventure,partial,0.6667,2,0,1,Action|Adventure,partial,0.6667,2,0,1
4175730_0,Strategy,Casual|Strategy,partial,0.5000,1,1,0,Casual,wrong,0.0000,0,1,1,Casual,wrong,0.0000,0,1,1
4175730_1,Strategy,Adventure|Casual|Strategy,partial,0.3333,1,2,0,Casual,wrong,0.0000,0,1,1,Casual,wrong,0.0000,0,1,1
4195360_0,Action|Adventure|RPG,Action|Adventure|RPG,exact,1.0000,3,0,0,Action|Adventure|RPG,exact,1.0000,3,0,0,Action|Adventure|Casual|RPG,partial,0.7500,3,1,0
4195360_1,Action|Adventure|RPG,Action|Adventure|Casual|Strategy,partial,0.4000,2,2,1,Action|Adventure|RPG,exact,1.0000,3,0,0,Action|Adventure|Casual|RPG|Strategy,partial,0.6000,3,2,0
4204850_0,Action|Sports,Action|Adventure,partial,0.3333,1,1,1,Action|Casual,partial,0.3333,1,1,1,Action|Racing,partial,0.3333,1,1,1
4204850_1,Action|Sports,Action|Adventure,partial,0.3333,1,1,1,Action|Casual,partial,0.3333,1,1,1,Action,partial,0.5000,1,0,1
4209090_0,Strategy,Action|Adventure,wrong,0.0000,0,2,1,Casual|Strategy,partial,0.5000,1,1,0,Casual|Strategy,partial,0.5000,1,1,0
4209090_1,Strategy,Action|Adventure,wrong,0.0000,0,2,1,Casual|Strategy,partial,0.5000,1,1,0,Casual|Strategy,partial,0.5000,1,1,0
4221100_0,Action|Adventure,Adventure|Casual,partial,0.3333,1,1,1,Action|Adventure,exact,1.0000,2,0,0,Action|Adventure,exact,1.0000,2,0,0
4221100_1,Action|Adventure,Casual|Simulation|Strategy,wrong,0.0000,0,3,2,Action|Adventure,exact,1.0000,2,0,0,Adventure|RPG,partial,0.3333,1,1,1
423270_0,Action,Action|Adventure|Casual|Simulation,partial,0.2500,1,3,0,Action,exact,1.0000,1,0,0,Action|Casual,partial,0.5000,1,1,0
423270_1,Action,Action|Casual|Racing|Simulation,partial,0.2500,1,3,0,Action,exact,1.0000,1,0,0,Action|Casual,partial,0.5000,1,1,0
4233440_0,Casual|Racing,Action|Adventure|Casual,partial,0.2500,1,2,1,Action|Casual|Racing,partial,0.6667,2,1,0,Action|Casual|Racing|Sports,partial,0.5000,2,2,0
4233440_1,Casual|Racing,Action|Adventure|Casual|Racing|Simulation,partial,0.4000,2,3,0,Action|Casual|Racing,partial,0.6667,2,1,0,Action|Casual|Racing|Sports,partial,0.5000,2,2,0
423610_0,Action|Adventure|Casual|Racing|Simulation,Action|Adventure|Casual|RPG|Strategy,partial,0.4286,3,2,2,Action|Adventure,partial,0.4000,2,0,3,Adventure|Casual,partial,0.4000,2,0,3
423610_1,Action|Adventure|Casual|Racing|Simulation,Action|Adventure|Casual,partial,0.6000,3,0,2,Action|Adventure,partial,0.4000,2,0,3,Action|Adventure|Casual,partial,0.6000,3,0,2
4244170_0,Casual,Adventure|Casual,partial,0.5000,1,1,0,Casual|Simulation,partial,0.5000,1,1,0,Casual|Simulation,partial,0.5000,1,1,0
4244170_1,Casual,Casual|Strategy,partial,0.5000,1,1,0,Casual|Simulation,partial,0.5000,1,1,0,Casual|Simulation,partial,0.5000,1,1,0
4249780_0,Action|Adventure,Action|Adventure|Casual|Simulation,partial,0.5000,2,2,0,Action|Adventure,exact,1.0000,2,0,0,Action|Adventure,exact,1.0000,2,0,0
4249780_1,Action|Adventure,Action|Adventure|Casual,partial,0.6667,2,1,0,Action|Adventure,exact,1.0000,2,0,0,Action|Adventure,exact,1.0000,2,0,0
425210_0,Action|Adventure,Action|Adventure,exact,1.0000,2,0,0,Action|Adventure,exact,1.0000,2,0,0,Action|Adventure,exact,1.0000,2,0,0
425210_1,Action|Adventure,Action|Adventure|RPG,partial,0.6667,2,1,0,Action|Adventure,exact,1.0000,2,0,0,Action|Adventure,exact,1.0000,2,0,0
4289120_0,Simulation|Strategy,Action|Adventure|Casual,wrong,0.0000,0,3,2,Casual|Simulation|Strategy,partial,0.6667,2,1,0,Casual|Simulation|Strategy,partial,0.6667,2,1,0
4299860_0,Simulation,Action|Adventure|Casual|Simulation,partial,0.2500,1,3,0,Action|Adventure|Casual,wrong,0.0000,0,3,1,Action|Adventure|Casual,wrong,0.0000,0,3,1
4299860_1,Simulation,Action|Adventure|Casual|Racing|Simulation,partial,0.2000,1,4,0,Action|Adventure|Casual,wrong,0.0000,0,3,1,Action|Adventure|Casual,wrong,0.0000,0,3,1
431590_0,Action|Racing,Action|Adventure|Casual|Simulation,partial,0.2000,1,3,1,Action|Casual|Racing,partial,0.6667,2,1,0,Action|Casual|Racing,partial,0.6667,2,1,0
432380_0,RPG|Strategy,Action|Adventure|RPG|Strategy,partial,0.5000,2,2,0,Action|Casual,wrong,0.0000,0,2,2,Action|Casual,wrong,0.0000,0,2,2
432380_1,RPG|Strategy,Action|Adventure,wrong,0.0000,0,2,2,Action|Casual,wrong,0.0000,0,2,2,Action|Casual,wrong,0.0000,0,2,2
436510_0,Action|RPG|Strategy,Action|Adventure|RPG,partial,0.5000,2,1,1,Action|RPG|Strategy,exact,1.0000,3,0,0,Action|RPG|Strategy,exact,1.0000,3,0,0
436510_1,Action|RPG|Strategy,Action|Adventure|RPG|Strategy,partial,0.7500,3,1,0,Action|RPG|Strategy,exact,1.0000,3,0,0,RPG|Strategy,partial,0.6667,2,0,1
438420_0,Adventure|RPG,Action|Adventure|Casual,partial,0.2500,1,2,1,Adventure|RPG,exact,1.0000,2,0,0,Action|Adventure|Casual|RPG|Simulation,partial,0.4000,2,3,0
438420_1,Adventure|RPG,Action|Adventure|RPG|Strategy,partial,0.5000,2,2,0,Adventure|RPG,exact,1.0000,2,0,0,Action|Adventure|Casual|RPG|Strategy,partial,0.4000,2,3,0
444870_0,Action|Racing,Action|Adventure|Casual|RPG|Strategy,partial,0.1667,1,4,1,Action|Racing,exact,1.0000,2,0,0,Action|Casual,partial,0.3333,1,1,1
444870_1,Action|Racing,Action|Adventure|RPG|Strategy,partial,0.2000,1,3,1,Action|Racing,exact,1.0000,2,0,0,Action|Casual|Racing,partial,0.6667,2,1,0
457960_0,Action|Simulation|Sports,Action|Adventure|Casual|Simulation,partial,0.4000,2,2,1,Action,partial,0.3333,1,0,2,Action|Casual,partial,0.2500,1,1,2
457960_1,Action|Simulation|Sports,Action|Adventure|Casual|Simulation,partial,0.4000,2,2,1,Action,partial,0.3333,1,0,2,Action|Casual,partial,0.2500,1,1,2
458630_0,Simulation|Strategy,Casual|Strategy,partial,0.3333,1,1,1,Simulation,partial,0.5000,1,0,1,Casual|Simulation|Strategy,partial,0.6667,2,1,0
458630_1,Simulation|Strategy,Casual|Simulation|Sports|Strategy,partial,0.5000,2,2,0,Simulation,partial,0.5000,1,0,1,Casual|Simulation|Strategy,partial,0.6667,2,1,0
46370_0,Simulation,Action|Adventure|Casual|Simulation|Strategy,partial,0.2000,1,4,0,Action|Adventure,wrong,0.0000,0,2,1,Action|Adventure|Casual|Racing|Simulation,partial,0.2000,1,4,0
46370_1,Simulation,Action|Adventure|Simulation,partial,0.3333,1,2,0,Action|Adventure,wrong,0.0000,0,2,1,Action|Adventure|Racing|Simulation,partial,0.2500,1,3,0
468240_0,Casual|Simulation|Sports,Action|Casual|Racing|Simulation|Sports,partial,0.6000,3,2,0,Adventure|Casual|Simulation,partial,0.5000,2,1,1,Casual|Racing|Simulation|Sports,partial,0.7500,3,1,0
468240_1,Casual|Simulation|Sports,Action|Casual|Racing|Simulation|Sports,partial,0.6000,3,2,0,Adventure|Casual|Simulation,partial,0.5000,2,1,1,Casual|Racing|Simulation|Sports,partial,0.7500,3,1,0
474210_0,Action|Adventure,Action|Adventure,exact,1.0000,2,0,0,Action|Adventure,exact,1.0000,2,0,0,Action,partial,0.5000,1,0,1
474210_1,Action|Adventure,Action|Adventure|RPG,partial,0.6667,2,1,0,Action|Adventure,exact,1.0000,2,0,0,Action|Adventure,exact,1.0000,2,0,0
485240_0,Action|RPG,Action|Adventure|Casual,partial,0.2500,1,2,1,Action|Adventure,partial,0.3333,1,1,1,Action,partial,0.5000,1,0,1
485240_1,Action|RPG,Action|Adventure|Casual|Simulation,partial,0.2000,1,3,1,Action|Adventure,partial,0.3333,1,1,1,Action|Adventure,partial,0.3333,1,1,1
486850_0,Casual|Strategy,Action|Adventure|Casual|RPG|Strategy,partial,0.4000,2,3,0,Casual,partial,0.5000,1,0,1,Casual|Strategy,exact,1.0000,2,0,0
486850_1,Casual|Strategy,Action|Simulation|Strategy,partial,0.2500,1,2,1,Casual,partial,0.5000,1,0,1,Casual|Strategy,exact,1.0000,2,0,0
492400_0,Action,Action|Adventure|Casual|RPG,partial,0.2500,1,3,0,Action|Casual,partial,0.5000,1,1,0,Action|Casual,partial,0.5000,1,1,0
492400_1,Action,Action|Adventure|Casual|Strategy,partial,0.2500,1,3,0,Action|Casual,partial,0.5000,1,1,0,Action|Casual,partial,0.5000,1,1,0
494730_0,Casual|Simulation|Strategy,Action|Casual|Simulation|Strategy,partial,0.7500,3,1,0,Adventure|Casual|Simulation,partial,0.5000,2,1,1,Casual|Simulation|Strategy,exact,1.0000,3,0,0
494730_1,Casual|Simulation|Strategy,RPG|Simulation|Strategy,partial,0.5000,2,1,1,Adventure|Casual|Simulation,partial,0.5000,2,1,1,Casual|Simulation|Strategy,exact,1.0000,3,0,0
494840_0,Action|RPG|Simulation|Strategy,Action|Adventure|Casual|Simulation,partial,0.3333,2,2,2,Action|Adventure|Simulation,partial,0.4000,2,1,2,Action|Adventure|Casual|Simulation,partial,0.3333,2,2,2
494840_1,Action|RPG|Simulation|Strategy,Action|Adventure,partial,0.2000,1,1,3,Action|Adventure|Simulation,partial,0.4000,2,1,2,Action|Adventure|Simulation,partial,0.4000,2,1,2
500150_0,Adventure|Casual,Adventure|Casual|RPG|Strategy,partial,0.5000,2,2,0,Adventure|Casual,exact,1.0000,2,0,0,Adventure|Casual,exact,1.0000,2,0,0
500150_1,Adventure|Casual,Adventure|Casual,exact,1.0000,2,0,0,Adventure|Casual,exact,1.0000,2,0,0,Adventure|Casual,exact,1.0000,2,0,0
500670_0,Action,Action|Adventure|Casual|Strategy,partial,0.2500,1,3,0,Action|Casual,partial,0.5000,1,1,0,Action|Casual,partial,0.5000,1,1,0
500670_1,Action,Action|Adventure|RPG,partial,0.3333,1,2,0,Action|Casual,partial,0.5000,1,1,0,Action|Casual,partial,0.5000,1,1,0
501500_0,Strategy,Action|Adventure|RPG,wrong,0.0000,0,3,1,Action|Adventure|RPG|Strategy,partial,0.2500,1,3,0,Action|Adventure|RPG|Strategy,partial,0.2500,1,3,0
501500_1,Strategy,Action|Adventure|RPG,wrong,0.0000,0,3,1,Action|Adventure|RPG|Strategy,partial,0.2500,1,3,0,Action|Adventure|RPG|Strategy,partial,0.2500,1,3,0
504660_0,Adventure|Casual|RPG,Action|Adventure|RPG|Strategy,partial,0.4000,2,2,1,Action|Adventure|RPG,partial,0.5000,2,1,1,Action|Adventure|RPG,partial,0.5000,2,1,1
504660_1,Adventure|Casual|RPG,Adventure|Casual|Strategy,partial,0.5000,2,1,1,Action|Adventure|RPG,partial,0.5000,2,1,1,Action|Adventure|RPG,partial,0.5000,2,1,1
504840_0,Casual,Action|Casual|Strategy,partial,0.3333,1,2,0,Action|Casual,partial,0.5000,1,1,0,Action|Casual,partial,0.5000,1,1,0
504840_1,Casual,Action|Adventure|Casual,partial,0.3333,1,2,0,Action|Casual,partial,0.5000,1,1,0,Action|Casual,partial,0.5000,1,1,0
510710_0,Casual|Strategy,Action|Adventure|Casual,partial,0.2500,1,2,1,Casual,partial,0.5000,1,0,1,Action|Casual,partial,0.3333,1,1,1
510710_1,Casual|Strategy,Action|Casual|Simulation|Strategy,partial,0.5000,2,2,0,Casual,partial,0.5000,1,0,1,Casual,partial,0.5000,1,0,1
512150_0,Action,Action|Adventure|Casual,partial,0.3333,1,2,0,Action,exact,1.0000,1,0,0,Action|Casual,partial,0.5000,1,1,0
512150_1,Action,Action|Adventure|RPG,partial,0.3333,1,2,0,Action,exact,1.0000,1,0,0,Action|Casual,partial,0.5000,1,1,0
512260_0,Casual,Adventure|Casual|Simulation|Strategy,partial,0.2500,1,3,0,Casual|Simulation|Strategy,partial,0.3333,1,2,0,Casual|Strategy,partial,0.5000,1,1,0
512260_1,Casual,Casual|Strategy,partial,0.5000,1,1,0,Casual|Simulation|Strategy,partial,0.3333,1,2,0,Casual|Strategy,partial,0.5000,1,1,0
512680_0,Action|Casual,Action|Casual|Strategy,partial,0.6667,2,1,0,Action,partial,0.5000,1,0,1,Action|Casual,exact,1.0000,2,0,0
512680_1,Action|Casual,Action|Adventure|Casual,partial,0.6667,2,1,0,Action,partial,0.5000,1,0,1,Action,partial,0.5000,1,0,1
513820_0,Action|Casual|Strategy,Action|Adventure|Casual,partial,0.5000,2,1,1,Adventure|Casual,partial,0.2500,1,1,2,Action|Adventure|Casual,partial,0.5000,2,1,1
513820_1,Action|Casual|Strategy,Action|Adventure,partial,0.2500,1,1,2,Adventure|Casual,partial,0.2500,1,1,2,Action|Adventure|Casual,partial,0.5000,2,1,1
513930_0,Casual|Racing|Simulation,Action|Racing|Simulation,partial,0.5000,2,1,1,Action|Casual|Racing|Simulation|Sports,partial,0.6000,3,2,0,Racing|Simulation|Sports,partial,0.5000,2,1,1
513930_1,Casual|Racing|Simulation,Action|Casual|Racing|Simulation,partial,0.7500,3,1,0,Action|Casual|Racing|Simulation|Sports,partial,0.6000,3,2,0,Casual|Racing|Simulation|Sports,partial,0.7500,3,1,0
514530_0,Casual|Racing|Strategy,Action|Adventure|Casual,partial,0.2000,1,2,2,Action|Adventure,wrong,0.0000,0,2,3,Action|Adventure|Casual,partial,0.2000,1,2,2
514530_1,Casual|Racing|Strategy,Action|Adventure|Casual|RPG,partial,0.1667,1,3,2,Action|Adventure,wrong,0.0000,0,2,3,Action|Adventure|Casual|Racing,partial,0.4000,2,2,1
515260_0,Casual|Simulation,Action|Adventure|Casual|Simulation,partial,0.5000,2,2,0,Casual|Simulation,exact,1.0000,2,0,0,Adventure|Casual|Simulation,partial,0.6667,2,1,0
515260_1,Casual|Simulation,Action|Adventure|Casual|Simulation,partial,0.5000,2,2,0,Casual|Simulation,exact,1.0000,2,0,0,Adventure|Casual|Simulation,partial,0.6667,2,1,0
523720_0,Action,Action|Adventure|Casual,partial,0.3333,1,2,0,Action|Adventure,partial,0.5000,1,1,0,Action|Adventure|Casual,partial,0.3333,1,2,0
523720_1,Action,Action|Adventure|Casual,partial,0.3333,1,2,0,Action|Adventure,partial,0.5000,1,1,0,Action|Adventure,partial,0.5000,1,1,0
523870_0,Action|Casual|Racing,Action|Casual|Simulation,partial,0.5000,2,1,1,Action|Casual|Racing,exact,1.0000,3,0,0,Casual|Racing,partial,0.6667,2,0,1
523870_1,Action|Casual|Racing,Adventure|Casual,partial,0.2500,1,1,2,Action|Casual|Racing,exact,1.0000,3,0,0,Casual|Racing,partial,0.6667,2,0,1
526470_0,Adventure,Action|Adventure,partial,0.5000,1,1,0,Action|Adventure,partial,0.5000,1,1,0,Action|Adventure,partial,0.5000,1,1,0
526470_1,Adventure,Action|Adventure|Casual,partial,0.3333,1,2,0,Action|Adventure,partial,0.5000,1,1,0,Action|Adventure,partial,0.5000,1,1,0
531780_0,Casual|Strategy,Action|Adventure|Casual|RPG|Simulation,partial,0.1667,1,4,1,Adventure|RPG|Strategy,partial,0.2500,1,2,1,Adventure|Casual|RPG|Strategy,partial,0.5000,2,2,0
531780_1,Casual|Strategy,Adventure|Casual|RPG,partial,0.2500,1,2,1,Adventure|RPG|Strategy,partial,0.2500,1,2,1,Adventure|Casual|RPG|Strategy,partial,0.5000,2,2,0
539400_0,Action|Adventure,Action|Adventure|Casual|RPG,partial,0.5000,2,2,0,Action|Adventure|Casual|RPG,partial,0.5000,2,2,0,Action|Casual|RPG,partial,0.2500,1,2,1
539400_1,Action|Adventure,Action|Adventure|Casual,partial,0.6667,2,1,0,Action|Adventure|Casual|RPG,partial,0.5000,2,2,0,Action|Casual|RPG,partial,0.2500,1,2,1
540020_0,RPG,Action|Adventure|Casual|RPG,partial,0.2500,1,3,0,Action|Adventure|RPG,partial,0.3333,1,2,0,Action|Adventure|RPG,partial,0.3333,1,2,0
540020_1,RPG,Action|Adventure|Casual|RPG,partial,0.2500,1,3,0,Action|Adventure|RPG,partial,0.3333,1,2,0,Action|Adventure|RPG,partial,0.3333,1,2,0
540840_0,Adventure,Action|Adventure|Casual|Simulation,partial,0.2500,1,3,0,Action|Adventure,partial,0.5000,1,1,0,Action|Adventure,partial,0.5000,1,1,0
540840_1,Adventure,Adventure|Casual|Simulation|Strategy,partial,0.2500,1,3,0,Action|Adventure,partial,0.5000,1,1,0,Adventure,exact,1.0000,1,0,0
543410_0,Action|Adventure|Casual,Action|Adventure|Casual|RPG,partial,0.7500,3,1,0,Action|Adventure|RPG,partial,0.5000,2,1,1,Action|Adventure|Casual|RPG,partial,0.7500,3,1,0
543410_1,Action|Adventure|Casual,Action|Adventure|Casual|RPG|Strategy,partial,0.6000,3,2,0,Action|Adventure|RPG,partial,0.5000,2,1,1,Action|Adventure|Casual|RPG,partial,0.7500,3,1,0
544870_0,Adventure|Casual|RPG|Strategy,Adventure|Casual|RPG|Strategy,exact,1.0000,4,0,0,Action|Adventure|RPG,partial,0.4000,2,1,2,Action|Adventure|RPG,partial,0.4000,2,1,2
544870_1,Adventure|Casual|RPG|Strategy,Action|Adventure|Casual|RPG|Strategy,partial,0.8000,4,1,0,Action|Adventure|RPG,partial,0.4000,2,1,2,Action|Adventure|RPG,partial,0.4000,2,1,2
546410_0,Casual,Action|Adventure|Casual|RPG,partial,0.2500,1,3,0,Adventure|Casual,partial,0.5000,1,1,0,Adventure|Casual,partial,0.5000,1,1,0
546410_1,Casual,Action|Adventure|Casual,partial,0.3333,1,2,0,Adventure|Casual,partial,0.5000,1,1,0,Adventure|Casual,partial,0.5000,1,1,0
546900_0,Action|Strategy,Action|Adventure,partial,0.3333,1,1,1,Action|Adventure,partial,0.3333,1,1,1,Action|Adventure,partial,0.3333,1,1,1
546900_1,Action|Strategy,Action|Adventure|Casual,partial,0.2500,1,2,1,Action|Adventure,partial,0.3333,1,1,1,Action|Adventure,partial,0.3333,1,1,1
549880_0,Sports,Action|Adventure|Casual,wrong,0.0000,0,3,1,Action|Casual|Sports,partial,0.3333,1,2,0,Action|Casual|Sports,partial,0.3333,1,2,0
549880_1,Sports,Action|Adventure|Casual,wrong,0.0000,0,3,1,Action|Casual|Sports,partial,0.3333,1,2,0,Action|Casual|Sports,partial,0.3333,1,2,0
555160_0,Action,Action|Adventure|Simulation,partial,0.3333,1,2,0,Action|Simulation,partial,0.5000,1,1,0,Action|Simulation|Sports,partial,0.3333,1,2,0
555160_1,Action,Action|Adventure,partial,0.5000,1,1,0,Action|Simulation,partial,0.5000,1,1,0,Action|Simulation,partial,0.5000,1,1,0
556280_0,Action|Casual,Action|Adventure|Casual,partial,0.6667,2,1,0,Adventure|Casual,partial,0.3333,1,1,1,Casual,partial,0.5000,1,0,1
556280_1,Action|Casual,Action|Casual,exact,1.0000,2,0,0,Adventure|Casual,partial,0.3333,1,1,1,Casual,partial,0.5000,1,0,1
557880_0,Adventure|Casual,Adventure|Casual,exact,1.0000,2,0,0,Adventure|RPG,partial,0.3333,1,1,1,Adventure|Casual,exact,1.0000,2,0,0
557880_1,Adventure|Casual,Action|Adventure|Casual|Simulation,partial,0.5000,2,2,0,Adventure|RPG,partial,0.3333,1,1,1,Adventure|Casual,exact,1.0000,2,0,0
561080_0,Adventure,Action|Adventure|Casual,partial,0.3333,1,2,0,Action|Adventure,partial,0.5000,1,1,0,Action|Adventure,partial,0.5000,1,1,0
561080_1,Adventure,Adventure|Casual|Simulation,partial,0.3333,1,2,0,Action|Adventure,partial,0.5000,1,1,0,Action|Adventure|Strategy,partial,0.3333,1,2,0
563680_0,Action|Casual|Racing|Simulation|Sports,Action|Adventure|Casual,partial,0.3333,2,1,3,Casual|Racing,partial,0.4000,2,0,3,Action|Adventure|Casual|Racing,partial,0.5000,3,1,2
563680_1,Action|Casual|Racing|Simulation|Sports,Action|Adventure|Simulation,partial,0.3333,2,1,3,Casual|Racing,partial,0.4000,2,0,3,Action|Adventure|Casual|Racing|Sports,partial,0.6667,4,1,1
564480_0,Action|Adventure|Casual,Action|Adventure|Casual,exact,1.0000,3,0,0,Action|Adventure,partial,0.6667,2,0,1,Action|Adventure,partial,0.6667,2,0,1
564480_1,Action|Adventure|Casual,Action|Adventure|Casual|Racing|Simulation,partial,0.6000,3,2,0,Action|Adventure,partial,0.6667,2,0,1,Action|Adventure|Casual,exact,1.0000,3,0,0
567480_0,Action|Adventure,Action|Adventure,exact,1.0000,2,0,0,Action|Adventure|Simulation,partial,0.6667,2,1,0,Action|Adventure|Casual|Simulation,partial,0.5000,2,2,0
567480_1,Action|Adventure,Action|Adventure|Simulation|Strategy,partial,0.5000,2,2,0,Action|Adventure|Simulation,partial,0.6667,2,1,0,Action|Adventure|Simulation,partial,0.6667,2,1,0
570600_0,Action,Action|Adventure|Casual,partial,0.3333,1,2,0,Action|Casual,partial,0.5000,1,1,0,Action|Casual|Racing|Sports,partial,0.2500,1,3,0
570600_1,Action,Action|Adventure|Casual,partial,0.3333,1,2,0,Action|Casual,partial,0.5000,1,1,0,Action|Casual|Racing|Sports,partial,0.2500,1,3,0
570980_0,Action|Adventure,Action|Adventure|Casual,partial,0.6667,2,1,0,Action|Adventure|RPG,partial,0.6667,2,1,0,Action|Adventure|Casual|RPG|Simulation,partial,0.4000,2,3,0
570980_1,Action|Adventure,Action|Adventure|Casual|RPG,partial,0.5000,2,2,0,Action|Adventure|RPG,partial,0.6667,2,1,0,Action|Adventure|Casual|RPG,partial,0.5000,2,2,0
571740_0,Casual|Simulation|Sports,Action|Adventure|Casual|RPG,partial,0.1667,1,3,2,Casual|Racing|Simulation|Sports,partial,0.7500,3,1,0,Adventure|Casual|Racing|Simulation|Sports,partial,0.6000,3,2,0
571740_1,Casual|Simulation|Sports,Action|Adventure|Casual|Simulation,partial,0.4000,2,2,1,Casual|Racing|Simulation|Sports,partial,0.7500,3,1,0,Casual|Racing|Simulation|Sports,partial,0.7500,3,1,0
573090_0,Simulation,Casual|Racing|Simulation|Sports,partial,0.2500,1,3,0,Action|Adventure|Simulation,partial,0.3333,1,2,0,Casual|Simulation,partial,0.5000,1,1,0
573090_1,Simulation,Action|Adventure,wrong,0.0000,0,2,1,Action|Adventure|Simulation,partial,0.3333,1,2,0,Action|Adventure|Simulation,partial,0.3333,1,2,0
576800_0,Action|Adventure|RPG,Action|Adventure|Casual|RPG,partial,0.7500,3,1,0,Action|Adventure,partial,0.6667,2,0,1,Action|Adventure|RPG,exact,1.0000,3,0,0
576800_1,Action|Adventure|RPG,Action|Adventure|Casual|RPG,partial,0.7500,3,1,0,Action|Adventure,partial,0.6667,2,0,1,Action|Adventure|RPG,exact,1.0000,3,0,0
577490_0,Strategy,Casual|Strategy,partial,0.5000,1,1,0,Casual|Strategy,partial,0.5000,1,1,0,Casual|Strategy,partial,0.5000,1,1,0
577490_1,Strategy,Casual|Simulation|Strategy,partial,0.3333,1,2,0,Casual|Strategy,partial,0.5000,1,1,0,Casual|Strategy,partial,0.5000,1,1,0
577570_0,Action,Action|Adventure|Casual|RPG,partial,0.2500,1,3,0,Action|Adventure|RPG,partial,0.3333,1,2,0,Action|Adventure|RPG|Strategy,partial,0.2500,1,3,0
577570_1,Action,Action|Adventure|Casual|Simulation,partial,0.2500,1,3,0,Action|Adventure|RPG,partial,0.3333,1,2,0,Action|Adventure|RPG|Strategy,partial,0.2500,1,3,0
579330_0,Action|Adventure|RPG,Action|Adventure|Casual|RPG,partial,0.7500,3,1,0,Adventure|RPG,partial,0.6667,2,0,1,Action|Adventure|Casual|RPG|Strategy,partial,0.6000,3,2,0
579330_1,Action|Adventure|RPG,Adventure|Casual|RPG|Simulation|Strategy,partial,0.3333,2,3,1,Adventure|RPG,partial,0.6667,2,0,1,Action|Adventure|Casual|RPG|Strategy,partial,0.6000,3,2,0
579940_0,Strategy,Action|Adventure|Casual|Strategy,partial,0.2500,1,3,0,Adventure|RPG|Simulation|Strategy,partial,0.2500,1,3,0,Casual|Simulation|Strategy,partial,0.3333,1,2,0
579940_1,Strategy,Adventure|Casual|RPG|Strategy,partial,0.2500,1,3,0,Adventure|RPG|Simulation|Strategy,partial,0.2500,1,3,0,Casual|Simulation|Strategy,partial,0.3333,1,2,0
586770_0,Adventure|Casual|Simulation|Strategy,Adventure|Casual|RPG,partial,0.4000,2,1,2,Adventure|RPG|Simulation|Strategy,partial,0.6000,3,1,1,Adventure|Casual|RPG|Simulation,partial,0.6000,3,1,1
586770_1,Adventure|Casual|Simulation|Strategy,Adventure|Casual|Simulation|Strategy,exact,1.0000,4,0,0,Adventure|RPG|Simulation|Strategy,partial,0.6000,3,1,1,Casual|Simulation|Strategy,partial,0.7500,3,0,1
588750_0,Racing|Simulation|Sports,Action|Adventure|Casual|Simulation,partial,0.1667,1,3,2,Action|Racing|Simulation|Sports,partial,0.7500,3,1,0,Action|Casual|Racing|Simulation|Sports,partial,0.6000,3,2,0
589870_0,Action|Adventure|Casual|Simulation|Strategy,Action|Adventure|Casual|Racing|Simulation,partial,0.6667,4,1,1,Casual|Simulation,partial,0.4000,2,0,3,Casual|Racing|Simulation,partial,0.3333,2,1,3
589870_1,Action|Adventure|Casual|Simulation|Strategy,Action|Casual|Racing|Sports,partial,0.2857,2,2,3,Casual|Simulation,partial,0.4000,2,0,3,Casual|Racing|Simulation,partial,0.3333,2,1,3
590820_0,Adventure|RPG,Action|Adventure|RPG|Strategy,partial,0.5000,2,2,0,Action|Adventure|RPG,partial,0.6667,2,1,0,Action|Adventure|Casual|RPG,partial,0.5000,2,2,0
590820_1,Adventure|RPG,Action|Adventure|Casual|RPG,partial,0.5000,2,2,0,Action|Adventure|RPG,partial,0.6667,2,1,0,Action|Adventure|Casual|RPG,partial,0.5000,2,2,0
595100_0,Action,Action|Adventure|RPG,partial,0.3333,1,2,0,Action|Adventure|RPG,partial,0.3333,1,2,0,Action|Adventure|RPG,partial,0.3333,1,2,0
595100_1,Action,Action|Adventure,partial,0.5000,1,1,0,Action|Adventure|RPG,partial,0.3333,1,2,0,Action|Adventure|RPG,partial,0.3333,1,2,0
595500_0,Action|Adventure,Action|Adventure|Casual|RPG|Strategy,partial,0.4000,2,3,0,Action|Adventure|RPG,partial,0.6667,2,1,0,Action|Adventure|Casual|RPG,partial,0.5000,2,2,0
595500_1,Action|Adventure,Action|Adventure|Casual,partial,0.6667,2,1,0,Action|Adventure|RPG,partial,0.6667,2,1,0,Action|Adventure|RPG,partial,0.6667,2,1,0
596380_0,Action,Action|Adventure|Casual|RPG|Strategy,partial,0.2000,1,4,0,Action,exact,1.0000,1,0,0,Action,exact,1.0000,1,0,0
596380_1,Action,Action|Adventure|Casual|RPG,partial,0.2500,1,3,0,Action,exact,1.0000,1,0,0,Action,exact,1.0000,1,0,0
602120_0,Action,Action|Adventure|RPG|Strategy,partial,0.2500,1,3,0,Action|Adventure,partial,0.5000,1,1,0,Action,exact,1.0000,1,0,0
602120_1,Action,Action|Adventure|Casual|RPG|Strategy,partial,0.2000,1,4,0,Action|Adventure,partial,0.5000,1,1,0,Action|Casual,partial,0.5000,1,1,0
602590_0,Adventure,Action|Adventure|Casual,partial,0.3333,1,2,0,Adventure|RPG,partial,0.5000,1,1,0,Action|Adventure|RPG,partial,0.3333,1,2,0
602590_1,Adventure,Action|Adventure|Casual|Racing|Simulation,partial,0.2000,1,4,0,Adventure|RPG,partial,0.5000,1,1,0,Action|Adventure|RPG,partial,0.3333,1,2,0
602960_0,Action|Simulation|Strategy,Action|Simulation,partial,0.6667,2,0,1,Action|Adventure|Simulation,partial,0.5000,2,1,1,Action|Adventure|Simulation,partial,0.5000,2,1,1
602960_1,Action|Simulation|Strategy,Action|Simulation|Strategy,exact,1.0000,3,0,0,Action|Adventure|Simulation,partial,0.5000,2,1,1,Action|Adventure|Casual|Simulation,partial,0.4000,2,2,1
616820_0,Action,Action|Adventure|Simulation,partial,0.3333,1,2,0,Action|Adventure,partial,0.5000,1,1,0,Action|Adventure,partial,0.5000,1,1,0
616820_1,Action,Action|Adventure,partial,0.5000,1,1,0,Action|Adventure,partial,0.5000,1,1,0,Action,exact,1.0000,1,0,0
622720_0,Simulation|Strategy,Action|Adventure|Casual|Simulation|Strategy,partial,0.4000,2,3,0,Simulation,partial,0.5000,1,0,1,Simulation|Strategy,exact,1.0000,2,0,0
622720_1,Simulation|Strategy,Action|Casual|Simulation,partial,0.2500,1,2,1,Simulation,partial,0.5000,1,0,1,Simulation|Strategy,exact,1.0000,2,0,0
623050_0,Casual|Simulation|Sports,Action|Adventure|Casual,partial,0.2000,1,2,2,Adventure|Casual|Simulation,partial,0.5000,2,1,1,Action|Casual|Simulation,partial,0.5000,2,1,1
623050_1,Casual|Simulation|Sports,Action|Adventure,wrong,0.0000,0,2,3,Adventure|Casual|Simulation,partial,0.5000,2,1,1,Action|Casual|Simulation,partial,0.5000,2,1,1
625830_0,Action,Action|Adventure|Casual|RPG,partial,0.2500,1,3,0,Action,exact,1.0000,1,0,0,Action,exact,1.0000,1,0,0
625830_1,Action,Action|Adventure|Casual|RPG,partial,0.2500,1,3,0,Action,exact,1.0000,1,0,0,Action,exact,1.0000,1,0,0
628700_0,Adventure,Action|Adventure,partial,0.5000,1,1,0,Adventure|Casual,partial,0.5000,1,1,0,Adventure|Casual,partial,0.5000,1,1,0
628700_1,Adventure,Action|Adventure|Casual|Simulation,partial,0.2500,1,3,0,Adventure|Casual,partial,0.5000,1,1,0,Adventure|Casual,partial,0.5000,1,1,0
632510_0,Casual,Action|Adventure|Casual|Simulation,partial,0.2500,1,3,0,Action|Casual|Strategy,partial,0.3333,1,2,0,Action|Casual|Strategy,partial,0.3333,1,2,0
632510_1,Casual,Action|Adventure|Casual|Simulation,partial,0.2500,1,3,0,Action|Casual|Strategy,partial,0.3333,1,2,0,Action|Casual|Strategy,partial,0.3333,1,2,0
636910_0,Action|Casual,Action|Adventure|Casual,partial,0.6667,2,1,0,Action|Casual,exact,1.0000,2,0,0,Action|Adventure|Casual,partial,0.6667,2,1,0
636910_1,Action|Casual,Action|Adventure|Casual|Simulation,partial,0.5000,2,2,0,Action|Casual,exact,1.0000,2,0,0,Action|Adventure|Casual,partial,0.6667,2,1,0
637090_0,Action|Adventure|Strategy,Action|Adventure|Simulation,partial,0.5000,2,1,1,Action,partial,0.3333,1,0,2,Action|Simulation|Strategy,partial,0.5000,2,1,1
637090_1,Action|Adventure|Strategy,Action|Adventure,partial,0.6667,2,0,1,Action,partial,0.3333,1,0,2,Action,partial,0.3333,1,0,2
638850_0,Action|Adventure|Simulation,Action|Adventure|Casual|Simulation,partial,0.7500,3,1,0,Action|Adventure,partial,0.6667,2,0,1,Action|Adventure,partial,0.6667,2,0,1
638850_1,Action|Adventure|Simulation,Action|Adventure|Casual|Simulation,partial,0.7500,3,1,0,Action|Adventure,partial,0.6667,2,0,1,Action|Adventure|Casual,partial,0.5000,2,1,1
642690_0,Simulation,Action|Casual,wrong,0.0000,0,2,1,Casual|Simulation,partial,0.5000,1,1,0,Casual|Simulation,partial,0.5000,1,1,0
642690_1,Simulation,Action|Adventure|Casual|Simulation,partial,0.2500,1,3,0,Casual|Simulation,partial,0.5000,1,1,0,Casual|Simulation,partial,0.5000,1,1,0
644150_0,Action|Adventure,Action|Adventure|Simulation,partial,0.6667,2,1,0,Action|Adventure,exact,1.0000,2,0,0,Action|Adventure|Casual,partial,0.6667,2,1,0
644150_1,Action|Adventure,Action|Adventure|Casual|RPG|Simulation,partial,0.4000,2,3,0,Action|Adventure,exact,1.0000,2,0,0,Action|Adventure|Casual,partial,0.6667,2,1,0
644560_0,Adventure|RPG,Action|Adventure|Casual|RPG,partial,0.5000,2,2,0,Adventure|Casual|Simulation,partial,0.2500,1,2,1,Casual|Simulation,wrong,0.0000,0,2,2
644560_1,Adventure|RPG,Action|Adventure|Casual|RPG,partial,0.5000,2,2,0,Adventure|Casual|Simulation,partial,0.2500,1,2,1,Casual|Simulation,wrong,0.0000,0,2,2
645920_0,Action|RPG,Action|Adventure|Casual|Strategy,partial,0.2000,1,3,1,Action|Casual|RPG|Strategy,partial,0.5000,2,2,0,Casual|Strategy,wrong,0.0000,0,2,2
645920_1,Action|RPG,Action|Adventure|Casual|RPG|Simulation|Strategy,partial,0.3333,2,4,0,Action|Casual|RPG|Strategy,partial,0.5000,2,2,0,Casual|RPG|Strategy,partial,0.2500,1,2,1
649620_0,Casual,Action|Adventure|Casual|Simulation,partial,0.2500,1,3,0,Action|RPG|Simulation,wrong,0.0000,0,3,1,Action|Simulation,wrong,0.0000,0,2,1
649620_1,Casual,Action|Adventure|Casual|Simulation,partial,0.2500,1,3,0,Action|RPG|Simulation,wrong,0.0000,0,3,1,Action|Simulation,wrong,0.0000,0,2,1
650700_0,Adventure|Casual,Action|Adventure|Casual,partial,0.6667,2,1,0,Action|Adventure,partial,0.3333,1,1,1,Adventure|Casual,exact,1.0000,2,0,0
650700_1,Adventure|Casual,Adventure|Casual|RPG,partial,0.6667,2,1,0,Action|Adventure,partial,0.3333,1,1,1,Adventure|Casual,exact,1.0000,2,0,0
651990_0,Casual|Strategy,Action|Adventure|RPG,wrong,0.0000,0,3,2,Action|Adventure|Casual,partial,0.2500,1,2,1,Action|Casual,partial,0.3333,1,1,1
651990_1,Casual|Strategy,Action|Adventure,wrong,0.0000,0,2,2,Action|Adventure|Casual,partial,0.2500,1,2,1,Action|Casual,partial,0.3333,1,1,1
656360_0,Adventure|Casual,Action|Adventure|Casual,partial,0.6667,2,1,0,Action|Adventure|Casual,partial,0.6667,2,1,0,Action|Adventure|Casual,partial,0.6667,2,1,0
656360_1,Adventure|Casual,Action|Adventure|Casual,partial,0.6667,2,1,0,Action|Adventure|Casual,partial,0.6667,2,1,0,Action|Adventure|Casual,partial,0.6667,2,1,0
656780_0,Action|Casual|Racing|Sports,Action|Adventure|Casual,partial,0.4000,2,1,2,Adventure|Casual,partial,0.2000,1,1,3,Action|Adventure|Casual|Simulation,partial,0.3333,2,2,2
656780_1,Action|Casual|Racing|Sports,Action|Adventure|Casual|Racing|Simulation,partial,0.5000,3,2,1,Adventure|Casual,partial,0.2000,1,1,3,Action|Adventure|Casual|Simulation,partial,0.3333,2,2,2
657110_0,Casual|Strategy,Casual|Strategy,exact,1.0000,2,0,0,Action|Casual|Racing,partial,0.2500,1,2,1,Casual,partial,0.5000,1,0,1
657110_1,Casual|Strategy,Casual|Strategy,exact,1.0000,2,0,0,Action|Casual|Racing,partial,0.2500,1,2,1,Casual,partial,0.5000,1,0,1
661700_0,Adventure,Action|Adventure|Casual|Strategy,partial,0.2500,1,3,0,,empty_prediction,0.0000,0,0,1,Casual|Simulation|Strategy,wrong,0.0000,0,3,1
661700_1,Adventure,Action|Adventure|Casual|Simulation,partial,0.2500,1,3,0,,empty_prediction,0.0000,0,0,1,RPG|Simulation,wrong,0.0000,0,2,1
665360_0,Casual|RPG|Simulation,Action|Adventure|Casual|RPG,partial,0.4000,2,2,1,Casual|Simulation,partial,0.6667,2,0,1,Adventure|Casual|Simulation,partial,0.5000,2,1,1
665360_1,Casual|RPG|Simulation,Action|Adventure|RPG,partial,0.2000,1,2,2,Casual|Simulation,partial,0.6667,2,0,1,Casual|Simulation,partial,0.6667,2,0,1
667360_0,Action|Casual,Action|Adventure|Casual,partial,0.6667,2,1,0,Action|Adventure|Casual,partial,0.6667,2,1,0,Action|Adventure|Casual,partial,0.6667,2,1,0
667360_1,Action|Casual,Action|Adventure|Casual,partial,0.6667,2,1,0,Action|Adventure|Casual,partial,0.6667,2,1,0,Action|Adventure|Casual,partial,0.6667,2,1,0
667580_0,Action,Action|Adventure|Casual|Simulation,partial,0.2500,1,3,0,Action|Adventure|Casual,partial,0.3333,1,2,0,Action|Adventure|Casual|Simulation,partial,0.2500,1,3,0
667580_1,Action,Action|Adventure|Casual|Simulation,partial,0.2500,1,3,0,Action|Adventure|Casual,partial,0.3333,1,2,0,Action|Adventure|Casual|Simulation,partial,0.2500,1,3,0
668830_0,Action|Strategy,Action|Adventure|Casual|RPG|Strategy,partial,0.4000,2,3,0,Action|Strategy,exact,1.0000,2,0,0,Action|Strategy,exact,1.0000,2,0,0
668830_1,Action|Strategy,Action|Adventure|Strategy,partial,0.6667,2,1,0,Action|Strategy,exact,1.0000,2,0,0,Action|Strategy,exact,1.0000,2,0,0
672250_0,Action|Adventure|RPG,Action|Adventure|Casual,partial,0.5000,2,1,1,Action|Adventure|Casual|RPG|Strategy,partial,0.6000,3,2,0,Action|Adventure|Casual,partial,0.5000,2,1,1
672250_1,Action|Adventure|RPG,Action|Adventure|Casual,partial,0.5000,2,1,1,Action|Adventure|Casual|RPG|Strategy,partial,0.6000,3,2,0,Action|Adventure|Casual,partial,0.5000,2,1,1
675360_0,Adventure,Adventure|Casual|RPG|Simulation,partial,0.2500,1,3,0,Action|Adventure|Casual|Simulation,partial,0.2500,1,3,0,Adventure|Casual|RPG|Simulation,partial,0.2500,1,3,0
675360_1,Adventure,Adventure|Casual|RPG,partial,0.3333,1,2,0,Action|Adventure|Casual|Simulation,partial,0.2500,1,3,0,Adventure|Casual|Simulation,partial,0.3333,1,2,0
677030_0,Casual|Simulation|Strategy,Action|Adventure|Casual|RPG,partial,0.1667,1,3,2,Action|Adventure|Casual|RPG,partial,0.1667,1,3,2,Action|Adventure|Casual|RPG|Simulation,partial,0.3333,2,3,1
677030_1,Casual|Simulation|Strategy,Action|Adventure|RPG,wrong,0.0000,0,3,3,Action|Adventure|Casual|RPG,partial,0.1667,1,3,2,Action|Adventure|Casual|RPG,partial,0.1667,1,3,2
678530_0,Action|Casual,Casual|Simulation,partial,0.3333,1,1,1,Action|Adventure|Casual,partial,0.6667,2,1,0,Casual|Simulation,partial,0.3333,1,1,1
678530_1,Action|Casual,Action|Adventure|Casual|Simulation,partial,0.5000,2,2,0,Action|Adventure|Casual,partial,0.6667,2,1,0,Adventure|Casual|Simulation,partial,0.2500,1,2,1
679470_0,RPG,Action|Adventure|Casual|RPG|Strategy,partial,0.2000,1,4,0,Adventure,wrong,0.0000,0,1,1,Action|Adventure|Casual|RPG,partial,0.2500,1,3,0
679470_1,RPG,Action|Adventure|Casual|RPG,partial,0.2500,1,3,0,Adventure,wrong,0.0000,0,1,1,Action|Adventure,wrong,0.0000,0,2,1
681100_0,Adventure|Casual|RPG,Action|Casual|Strategy,partial,0.2000,1,2,2,Action|Adventure|Casual|RPG,partial,0.7500,3,1,0,Action|Adventure|Casual,partial,0.5000,2,1,1
681100_1,Adventure|Casual|RPG,Action|Casual|Strategy,partial,0.2000,1,2,2,Action|Adventure|Casual|RPG,partial,0.7500,3,1,0,Action|Adventure|Casual,partial,0.5000,2,1,1
686550_0,Action|Casual|Simulation|Strategy,Casual|Simulation|Strategy,partial,0.7500,3,0,1,Casual,partial,0.2500,1,0,3,Casual,partial,0.2500,1,0,3
686550_1,Action|Casual|Simulation|Strategy,Casual|Simulation|Strategy,partial,0.7500,3,0,1,Casual,partial,0.2500,1,0,3,Casual,partial,0.2500,1,0,3
686630_0,Casual,Action|Casual,partial,0.5000,1,1,0,Action|Casual,partial,0.5000,1,1,0,Action|Casual,partial,0.5000,1,1,0
686630_1,Casual,Action|Adventure|Casual|Strategy,partial,0.2500,1,3,0,Action|Casual,partial,0.5000,1,1,0,Action|Casual,partial,0.5000,1,1,0
686680_0,Simulation|Strategy,Adventure|Casual|Simulation,partial,0.2500,1,2,1,Simulation|Strategy,exact,1.0000,2,0,0,Simulation|Strategy,exact,1.0000,2,0,0
686680_1,Simulation|Strategy,Action|Adventure|Casual,wrong,0.0000,0,3,2,Simulation|Strategy,exact,1.0000,2,0,0,Simulation|Strategy,exact,1.0000,2,0,0
690570_0,Casual|Racing,Action|Adventure|Casual,partial,0.2500,1,2,1,Action|Casual|Racing,partial,0.6667,2,1,0,Action|Casual|Racing,partial,0.6667,2,1,0
690570_1,Casual|Racing,Action|Adventure|Casual,partial,0.2500,1,2,1,Action|Casual|Racing,partial,0.6667,2,1,0,Action|Casual|Racing,partial,0.6667,2,1,0
695720_0,Adventure|Casual,Action|Casual|Strategy,partial,0.2500,1,2,1,Adventure|Casual|Simulation,partial,0.6667,2,1,0,Casual,partial,0.5000,1,0,1
695720_1,Adventure|Casual,Action|Adventure|Casual|Simulation,partial,0.5000,2,2,0,Adventure|Casual|Simulation,partial,0.6667,2,1,0,Adventure|Casual|Simulation,partial,0.6667,2,1,0
697550_0,Action|RPG,Action|Adventure|RPG,partial,0.6667,2,1,0,Action|Adventure|RPG,partial,0.6667,2,1,0,Action|Adventure|RPG,partial,0.6667,2,1,0
697550_1,Action|RPG,Action|Adventure|RPG|Strategy,partial,0.5000,2,2,0,Action|Adventure|RPG,partial,0.6667,2,1,0,Action|Adventure|RPG,partial,0.6667,2,1,0
697610_0,Casual,Adventure|Casual|RPG|Simulation,partial,0.2500,1,3,0,Action|Casual,partial,0.5000,1,1,0,Casual,exact,1.0000,1,0,0
697610_1,Casual,Casual|Simulation,partial,0.5000,1,1,0,Action|Casual,partial,0.5000,1,1,0,Casual,exact,1.0000,1,0,0
705120_0,Adventure|Casual|Strategy,Action|Adventure|Casual,partial,0.5000,2,1,1,Action|Adventure|Casual,partial,0.5000,2,1,1,Action|Casual,partial,0.2500,1,1,2
705120_1,Adventure|Casual|Strategy,Casual|Simulation|Strategy,partial,0.5000,2,1,1,Action|Adventure|Casual,partial,0.5000,2,1,1,Casual|Strategy,partial,0.6667,2,0,1
706320_0,Action|Casual|Simulation|Strategy,Casual|Simulation|Strategy,partial,0.7500,3,0,1,Casual,partial,0.2500,1,0,3,Casual|Simulation,partial,0.5000,2,0,2
706320_1,Action|Casual|Simulation|Strategy,Casual|Simulation|Strategy,partial,0.7500,3,0,1,Casual,partial,0.2500,1,0,3,Casual,partial,0.2500,1,0,3
709380_0,Casual,Action|Casual|Strategy,partial,0.3333,1,2,0,Action|Adventure|Casual,partial,0.3333,1,2,0,Action|Casual,partial,0.5000,1,1,0
709380_1,Casual,Action|Casual,partial,0.5000,1,1,0,Action|Adventure|Casual,partial,0.3333,1,2,0,Action|Adventure|Casual,partial,0.3333,1,2,0
711540_0,Action|Racing|Simulation|Sports,Action|Adventure|Casual,partial,0.1667,1,2,3,Action|Adventure|Casual|Racing,partial,0.3333,2,2,2,Action|Adventure|Casual|Racing|Sports,partial,0.5000,3,2,1
711540_1,Action|Racing|Simulation|Sports,Action|Adventure|Casual,partial,0.1667,1,2,3,Action|Adventure|Casual|Racing,partial,0.3333,2,2,2,Action|Adventure|Casual|Racing|Sports,partial,0.5000,3,2,1
715510_0,Adventure|Casual,Action|Adventure|Casual,partial,0.6667,2,1,0,Action|Adventure|Casual,partial,0.6667,2,1,0,Action|Adventure|Casual,partial,0.6667,2,1,0
715510_1,Adventure|Casual,Action|Adventure|Casual,partial,0.6667,2,1,0,Action|Adventure|Casual,partial,0.6667,2,1,0,Action|Casual,partial,0.3333,1,1,1
724520_0,RPG,Action|Adventure|Casual|RPG,partial,0.2500,1,3,0,Action|Adventure|Casual|RPG,partial,0.2500,1,3,0,Adventure|Casual|RPG,partial,0.3333,1,2,0
724520_1,RPG,Action|Adventure|Casual|RPG,partial,0.2500,1,3,0,Action|Adventure|Casual|RPG,partial,0.2500,1,3,0,Adventure|Casual|RPG,partial,0.3333,1,2,0
726030_1,Casual|Simulation|Strategy,Action|Casual,partial,0.2500,1,1,2,Casual|Strategy,partial,0.6667,2,0,1,Casual,partial,0.3333,1,0,2
732050_0,Simulation|Strategy,Casual|Simulation|Strategy,partial,0.6667,2,1,0,Casual|Simulation|Strategy,partial,0.6667,2,1,0,Casual|Simulation|Strategy,partial,0.6667,2,1,0
732050_1,Simulation|Strategy,Casual|Simulation|Strategy,partial,0.6667,2,1,0,Casual|Simulation|Strategy,partial,0.6667,2,1,0,Simulation|Strategy,exact,1.0000,2,0,0
739180_0,Casual,Action|Adventure|Casual|Simulation|Strategy,partial,0.2000,1,4,0,Action|Casual|Sports,partial,0.3333,1,2,0,Casual|Sports,partial,0.5000,1,1,0
740950_0,Action|Casual,Action|Adventure|RPG|Strategy,partial,0.2000,1,3,1,Action|Casual,exact,1.0000,2,0,0,Action|Casual,exact,1.0000,2,0,0
740950_1,Action|Casual,Action|Casual,exact,1.0000,2,0,0,Action|Casual,exact,1.0000,2,0,0,Action|Casual,exact,1.0000,2,0,0
748370_0,Action|Simulation,Action|Adventure|Simulation,partial,0.6667,2,1,0,Action|Adventure|Casual,partial,0.2500,1,2,1,Action|Adventure|Racing|Simulation,partial,0.5000,2,2,0
748370_1,Action|Simulation,Action|Racing|Simulation|Sports,partial,0.5000,2,2,0,Action|Adventure|Casual,partial,0.2500,1,2,1,Action|Adventure|Casual|Racing,partial,0.2000,1,3,1
750800_0,Action|RPG,Action|Adventure|RPG,partial,0.6667,2,1,0,Action|Adventure|Casual,partial,0.2500,1,2,1,Action|Adventure|Casual,partial,0.2500,1,2,1
750800_1,Action|RPG,Action|Adventure|RPG,partial,0.6667,2,1,0,Action|Adventure|Casual,partial,0.2500,1,2,1,Action|Adventure,partial,0.3333,1,1,1
7530_0,Strategy,Action|Adventure|RPG|Strategy,partial,0.2500,1,3,0,RPG|Strategy,partial,0.5000,1,1,0,RPG|Strategy,partial,0.5000,1,1,0
7530_1,Strategy,Action|Adventure|RPG,wrong,0.0000,0,3,1,RPG|Strategy,partial,0.5000,1,1,0,Action|Adventure|RPG|Strategy,partial,0.2500,1,3,0
756290_0,Action|Adventure,Action|Adventure|RPG,partial,0.6667,2,1,0,Action,partial,0.5000,1,0,1,Action,partial,0.5000,1,0,1
756290_1,Action|Adventure,Action|Adventure,exact,1.0000,2,0,0,Action,partial,0.5000,1,0,1,Action,partial,0.5000,1,0,1
758870_0,Adventure|RPG|Simulation,Adventure|Casual|RPG|Strategy,partial,0.4000,2,2,1,Adventure|Casual|RPG|Simulation,partial,0.7500,3,1,0,Adventure|Casual|RPG|Simulation,partial,0.7500,3,1,0
758870_1,Adventure|RPG|Simulation,Adventure|Casual|RPG|Strategy,partial,0.4000,2,2,1,Adventure|Casual|RPG|Simulation,partial,0.7500,3,1,0,Adventure|Casual|RPG|Simulation,partial,0.7500,3,1,0
763750_0,Action|Adventure|RPG|Strategy,Action|Adventure|RPG|Strategy,exact,1.0000,4,0,0,Adventure|Casual|Simulation,partial,0.1667,1,2,3,Action|Adventure|Casual|RPG,partial,0.6000,3,1,1
763750_1,Action|Adventure|RPG|Strategy,Action|Adventure|Casual|RPG|Strategy,partial,0.8000,4,1,0,Adventure|Casual|Simulation,partial,0.1667,1,2,3,Action|Adventure|Casual|RPG,partial,0.6000,3,1,1
764590_0,Action|Adventure,Action|Adventure|Casual|RPG,partial,0.5000,2,2,0,Action|Adventure|Simulation,partial,0.6667,2,1,0,Action|Adventure|Simulation,partial,0.6667,2,1,0
764590_1,Action|Adventure,Action|Adventure|Casual|Simulation,partial,0.5000,2,2,0,Action|Adventure|Simulation,partial,0.6667,2,1,0,Action|Adventure|Casual|Simulation,partial,0.5000,2,2,0
767310_0,Action|Adventure|Strategy,Action|Adventure|Casual|Simulation,partial,0.4000,2,2,1,Action|Adventure|Strategy,exact,1.0000,3,0,0,Action|Adventure|Strategy,exact,1.0000,3,0,0
767310_1,Action|Adventure|Strategy,Action|Adventure|Casual|RPG|Simulation,partial,0.3333,2,3,1,Action|Adventure|Strategy,exact,1.0000,3,0,0,Action|Adventure|Casual|RPG|Strategy,partial,0.6000,3,2,0
767800_0,Adventure|RPG,Action|Adventure|RPG|Strategy,partial,0.5000,2,2,0,Action|Adventure|RPG,partial,0.6667,2,1,0,Adventure|RPG,exact,1.0000,2,0,0
767800_1,Adventure|RPG,Action|Adventure|RPG,partial,0.6667,2,1,0,Action|Adventure|RPG,partial,0.6667,2,1,0,Adventure|RPG,exact,1.0000,2,0,0
770490_0,Action|Simulation,Action|Adventure|Casual,partial,0.2500,1,2,1,Action|Adventure|Casual,partial,0.2500,1,2,1,Action|Adventure|Casual,partial,0.2500,1,2,1
770490_1,Action|Simulation,Action|Adventure|Casual|Simulation,partial,0.5000,2,2,0,Action|Adventure|Casual,partial,0.2500,1,2,1,Action|Adventure|Casual,partial,0.2500,1,2,1
771010_0,Casual|Simulation|Strategy,Casual|Strategy,partial,0.6667,2,0,1,Simulation|Strategy,partial,0.6667,2,0,1,Casual|Simulation|Strategy,exact,1.0000,3,0,0
771010_1,Casual|Simulation|Strategy,Casual|Strategy,partial,0.6667,2,0,1,Simulation|Strategy,partial,0.6667,2,0,1,Casual|Simulation|Strategy,exact,1.0000,3,0,0
772070_0,Casual|Simulation|Strategy,Adventure|Casual|Strategy,partial,0.5000,2,1,1,Casual|Simulation|Strategy,exact,1.0000,3,0,0,Casual|Simulation|Strategy,exact,1.0000,3,0,0
772070_1,Casual|Simulation|Strategy,Casual|Strategy,partial,0.6667,2,0,1,Casual|Simulation|Strategy,exact,1.0000,3,0,0,Casual|Simulation|Strategy,exact,1.0000,3,0,0
776280_0,Action,Action|Strategy,partial,0.5000,1,1,0,Action|Adventure|Casual,partial,0.3333,1,2,0,Action|Casual,partial,0.5000,1,1,0
776280_1,Action,Action|Casual,partial,0.5000,1,1,0,Action|Adventure|Casual,partial,0.3333,1,2,0,Casual,wrong,0.0000,0,1,1
782020_0,Action|Adventure|RPG,Action|Adventure|RPG,exact,1.0000,3,0,0,Action|Adventure|RPG,exact,1.0000,3,0,0,Action|Adventure|RPG,exact,1.0000,3,0,0
782020_1,Action|Adventure|RPG,Action|Adventure|RPG,exact,1.0000,3,0,0,Action|Adventure|RPG,exact,1.0000,3,0,0,Action|Adventure|RPG,exact,1.0000,3,0,0
786490_0,Action|Casual|Simulation,Action|Adventure|Casual,partial,0.5000,2,1,1,Adventure|Casual|Simulation,partial,0.5000,2,1,1,Casual,partial,0.3333,1,0,2
786490_1,Action|Casual|Simulation,Adventure|Casual|Simulation,partial,0.5000,2,1,1,Adventure|Casual|Simulation,partial,0.5000,2,1,1,Casual|Simulation,partial,0.6667,2,0,1
787840_0,Casual|RPG|Simulation,Action|Adventure|Casual,partial,0.2000,1,2,2,Action|Adventure|Casual|RPG|Simulation,partial,0.6000,3,2,0,Action|Adventure|Casual|RPG,partial,0.4000,2,2,1
787840_1,Casual|RPG|Simulation,Action|Adventure|Casual|Simulation,partial,0.4000,2,2,1,Action|Adventure|Casual|RPG|Simulation,partial,0.6000,3,2,0,Adventure|Casual|RPG|Simulation,partial,0.7500,3,1,0
790230_0,Action|Casual,Casual|Simulation|Strategy,partial,0.2500,1,2,1,Action|Casual|Strategy,partial,0.6667,2,1,0,Action|Casual|Strategy,partial,0.6667,2,1,0
790820_0,Action|RPG|Strategy,Action|Simulation|Strategy,partial,0.5000,2,1,1,Action|RPG|Strategy,exact,1.0000,3,0,0,Action|Strategy,partial,0.6667,2,0,1
790820_1,Action|RPG|Strategy,Action|Adventure|Simulation,partial,0.2000,1,2,2,Action|RPG|Strategy,exact,1.0000,3,0,0,Action|Strategy,partial,0.6667,2,0,1
793670_0,Action,Action|Adventure,partial,0.5000,1,1,0,Action|Adventure,partial,0.5000,1,1,0,Action|Adventure,partial,0.5000,1,1,0
793670_1,Action,Action|Adventure,partial,0.5000,1,1,0,Action|Adventure,partial,0.5000,1,1,0,Action|Adventure,partial,0.5000,1,1,0
798960_0,Simulation,Action|Adventure|Casual|Simulation,partial,0.2500,1,3,0,Action|Simulation,partial,0.5000,1,1,0,Casual|Simulation|Strategy,partial,0.3333,1,2,0
798960_1,Simulation,Action|Adventure|Casual,wrong,0.0000,0,3,1,Action|Simulation,partial,0.5000,1,1,0,Action|Casual|Simulation,partial,0.3333,1,2,0
799860_0,Adventure|Simulation,Action|Adventure|Casual|Simulation,partial,0.5000,2,2,0,Adventure|Casual,partial,0.3333,1,1,1,Action|Adventure|Casual,partial,0.2500,1,2,1
799860_1,Adventure|Simulation,Action|Adventure|Casual|Simulation,partial,0.5000,2,2,0,Adventure|Casual,partial,0.3333,1,1,1,Adventure|Casual,partial,0.3333,1,1,1
802310_0,Casual|Simulation|Sports,Action|Casual|Simulation,partial,0.5000,2,1,1,Casual|Simulation|Sports,exact,1.0000,3,0,0,Casual|Simulation|Sports,exact,1.0000,3,0,0
802310_1,Casual|Simulation|Sports,Casual|Simulation,partial,0.6667,2,0,1,Casual|Simulation|Sports,exact,1.0000,3,0,0,Casual|Simulation|Sports,exact,1.0000,3,0,0
806900_0,Casual,Casual|Simulation|Strategy,partial,0.3333,1,2,0,Action|Casual,partial,0.5000,1,1,0,Casual|Strategy,partial,0.5000,1,1,0
806900_1,Casual,Casual|Strategy,partial,0.5000,1,1,0,Action|Casual,partial,0.5000,1,1,0,Casual|Strategy,partial,0.5000,1,1,0
807120_0,RPG|Strategy,Action|Adventure|Casual,wrong,0.0000,0,3,2,Action|Adventure|RPG,partial,0.2500,1,2,1,Action|Adventure|RPG,partial,0.2500,1,2,1
807120_1,RPG|Strategy,Action|Adventure|RPG|Strategy,partial,0.5000,2,2,0,Action|Adventure|RPG,partial,0.2500,1,2,1,Action|RPG|Strategy,partial,0.6667,2,1,0
808800_0,Action|Adventure|RPG,Action|Adventure|RPG|Simulation|Strategy,partial,0.6000,3,2,0,Action|Adventure|RPG,exact,1.0000,3,0,0,Action|Adventure|RPG|Simulation,partial,0.7500,3,1,0
808800_1,Action|Adventure|RPG,Action|Adventure|Casual|Simulation,partial,0.4000,2,2,1,Action|Adventure|RPG,exact,1.0000,3,0,0,Action|Adventure|Casual|RPG|Simulation,partial,0.6000,3,2,0
810680_0,Action|Casual,Action|Adventure|RPG|Strategy,partial,0.2000,1,3,1,Action|Adventure,partial,0.3333,1,1,1,Action,partial,0.5000,1,0,1
810680_1,Action|Casual,Action|Adventure|RPG,partial,0.2500,1,2,1,Action|Adventure,partial,0.3333,1,1,1,Action,partial,0.5000,1,0,1
811940_0,Action|Casual|Racing|Sports,Action|Adventure|Casual|Racing,partial,0.6000,3,1,1,Action|Casual,partial,0.5000,2,0,2,Action|Casual|Racing|Sports,exact,1.0000,4,0,0
811940_1,Action|Casual|Racing|Sports,Action|Casual|Racing|Sports,exact,1.0000,4,0,0,Action|Casual,partial,0.5000,2,0,2,Action|Casual|Racing|Sports,exact,1.0000,4,0,0
812450_0,Casual,Action|Adventure|Casual,partial,0.3333,1,2,0,Action|Casual,partial,0.5000,1,1,0,Action|Casual,partial,0.5000,1,1,0
813440_0,Action|Simulation|Sports,Action|Adventure|Casual|Simulation,partial,0.4000,2,2,1,Action|Simulation|Sports,exact,1.0000,3,0,0,Action|Casual|Racing|Simulation|Sports,partial,0.6000,3,2,0
813440_1,Action|Simulation|Sports,Action|Adventure|Racing|Simulation,partial,0.4000,2,2,1,Action|Simulation|Sports,exact,1.0000,3,0,0,Action|Racing|Simulation|Sports,partial,0.7500,3,1,0
814680_0,Adventure,Action|Adventure,partial,0.5000,1,1,0,Action|Adventure,partial,0.5000,1,1,0,Action|Adventure,partial,0.5000,1,1,0
814680_1,Adventure,Action|Adventure|RPG|Strategy,partial,0.2500,1,3,0,Action|Adventure,partial,0.5000,1,1,0,Action|Adventure|Casual,partial,0.3333,1,2,0
815010_0,Casual,Action|Casual,partial,0.5000,1,1,0,Casual,exact,1.0000,1,0,0,Casual,exact,1.0000,1,0,0
815010_1,Casual,Action|Casual|Simulation,partial,0.3333,1,2,0,Casual,exact,1.0000,1,0,0,Casual,exact,1.0000,1,0,0
816630_1,Action,Casual|Strategy,wrong,0.0000,0,2,1,Action|Adventure,partial,0.5000,1,1,0,Action|Adventure|Casual|RPG,partial,0.2500,1,3,0
818220_0,Action|Casual,Action|Casual,exact,1.0000,2,0,0,Action,partial,0.5000,1,0,1,Action,partial,0.5000,1,0,1
818220_1,Action|Casual,Action|Adventure|RPG,partial,0.2500,1,2,1,Action,partial,0.5000,1,0,1,Action,partial,0.5000,1,0,1
820880_0,Casual|Simulation,Adventure|Casual|Simulation,partial,0.6667,2,1,0,Action|Adventure|Casual,partial,0.2500,1,2,1,Adventure|Casual|Simulation,partial,0.6667,2,1,0
820880_1,Casual|Simulation,Action|Adventure|Casual|Racing|Simulation,partial,0.4000,2,3,0,Action|Adventure|Casual,partial,0.2500,1,2,1,Action|Adventure|Casual|Simulation,partial,0.5000,2,2,0
823700_0,Action|Racing|Simulation|Sports,Action|Casual|Racing|Simulation|Sports,partial,0.8000,4,1,0,Casual|Racing|Simulation,partial,0.4000,2,1,2,Casual|Racing|Simulation|Sports,partial,0.6000,3,1,1
823700_1,Action|Racing|Simulation|Sports,Action|Casual|Racing|Simulation|Sports,partial,0.8000,4,1,0,Casual|Racing|Simulation,partial,0.4000,2,1,2,Casual|Racing|Simulation|Sports,partial,0.6000,3,1,1
828320_0,Casual|Sports,Action|Adventure,wrong,0.0000,0,2,2,Action|Casual,partial,0.3333,1,1,1,Action|Casual|Sports,partial,0.6667,2,1,0
828320_1,Casual|Sports,Action|Casual|Simulation,partial,0.2500,1,2,1,Action|Casual,partial,0.3333,1,1,1,Action|Casual|Racing|Sports,partial,0.5000,2,2,0
830430_0,Adventure,Action|Adventure|Casual,partial,0.3333,1,2,0,Action|Adventure|Casual,partial,0.3333,1,2,0,Action|Adventure|Casual,partial,0.3333,1,2,0
830430_1,Adventure,Action|Adventure|Casual,partial,0.3333,1,2,0,Action|Adventure|Casual,partial,0.3333,1,2,0,Action|Adventure,partial,0.5000,1,1,0
832130_0,Action|Adventure,Action|Adventure|Casual,partial,0.6667,2,1,0,Action|Adventure|Casual,partial,0.6667,2,1,0,Action|Adventure|Casual,partial,0.6667,2,1,0
832130_1,Action|Adventure,Action|Adventure|Casual,partial,0.6667,2,1,0,Action|Adventure|Casual,partial,0.6667,2,1,0,Action|Casual,partial,0.3333,1,1,1
835650_0,Simulation|Strategy,Adventure|Casual|RPG|Simulation|Strategy,partial,0.4000,2,3,0,RPG|Strategy,partial,0.3333,1,1,1,Casual|Strategy,partial,0.3333,1,1,1
835650_1,Simulation|Strategy,Adventure|Casual|RPG|Strategy,partial,0.2000,1,3,1,RPG|Strategy,partial,0.3333,1,1,1,Strategy,partial,0.5000,1,0,1
836080_0,Action,Action|Adventure|RPG,partial,0.3333,1,2,0,Action|Adventure|Casual,partial,0.3333,1,2,0,Action|Casual,partial,0.5000,1,1,0
836080_1,Action,Action|Adventure|RPG,partial,0.3333,1,2,0,Action|Adventure|Casual,partial,0.3333,1,2,0,Action,exact,1.0000,1,0,0
836260_0,Action|Adventure|Casual,Action|Adventure|Casual|Simulation,partial,0.7500,3,1,0,Adventure|Casual,partial,0.6667,2,0,1,Action|Adventure|Casual,exact,1.0000,3,0,0
836260_1,Action|Adventure|Casual,Action|Adventure|Casual,exact,1.0000,3,0,0,Adventure|Casual,partial,0.6667,2,0,1,Action|Adventure|Casual,exact,1.0000,3,0,0
836940_0,Adventure|Simulation,Adventure|RPG|Simulation,partial,0.6667,2,1,0,Simulation|Strategy,partial,0.3333,1,1,1,Adventure|Casual|Simulation,partial,0.6667,2,1,0
836940_1,Adventure|Simulation,Adventure|Casual|RPG|Simulation,partial,0.5000,2,2,0,Simulation|Strategy,partial,0.3333,1,1,1,Adventure|Casual|Simulation,partial,0.6667,2,1,0
839130_0,Action|Casual,Action|Adventure|Casual,partial,0.6667,2,1,0,Action|Adventure|Casual,partial,0.6667,2,1,0,Action|Adventure|Casual,partial,0.6667,2,1,0
839130_1,Action|Casual,Action|Adventure|Casual,partial,0.6667,2,1,0,Action|Adventure|Casual,partial,0.6667,2,1,0,Action|Adventure|Casual,partial,0.6667,2,1,0
844990_0,Action|Adventure,Action|Adventure|Casual|Simulation,partial,0.5000,2,2,0,Action,partial,0.5000,1,0,1,Action,partial,0.5000,1,0,1
844990_1,Action|Adventure,Action|Adventure,exact,1.0000,2,0,0,Action,partial,0.5000,1,0,1,Action|Adventure,exact,1.0000,2,0,0
849360_0,Action|Casual,Action|Adventure|Casual,partial,0.6667,2,1,0,Action|Casual,exact,1.0000,2,0,0,Action|Casual,exact,1.0000,2,0,0
849360_1,Action|Casual,Action|Adventure|Casual,partial,0.6667,2,1,0,Action|Casual,exact,1.0000,2,0,0,Action|Casual,exact,1.0000,2,0,0
854770_0,Action,Action|Adventure|Casual|Simulation,partial,0.2500,1,3,0,Action,exact,1.0000,1,0,0,Action,exact,1.0000,1,0,0
854770_1,Action,Action|Adventure|Casual|Simulation,partial,0.2500,1,3,0,Action,exact,1.0000,1,0,0,Action,exact,1.0000,1,0,0
858680_0,Action,Casual|Simulation|Strategy,wrong,0.0000,0,3,1,Action,exact,1.0000,1,0,0,Action,exact,1.0000,1,0,0
858680_1,Action,Action|Adventure|Casual,partial,0.3333,1,2,0,Action,exact,1.0000,1,0,0,Action,exact,1.0000,1,0,0
865370_0,Action|Adventure|Casual|Sports,Action|Adventure|Casual|Simulation,partial,0.6000,3,1,1,Action|Adventure|Casual,partial,0.7500,3,0,1,Action|Adventure|Casual,partial,0.7500,3,0,1
865370_1,Action|Adventure|Casual|Sports,Action|Adventure|Casual,partial,0.7500,3,0,1,Action|Adventure|Casual,partial,0.7500,3,0,1,Action|Adventure|Casual,partial,0.7500,3,0,1
865760_0,Adventure,Action|Adventure|Casual,partial,0.3333,1,2,0,Adventure,exact,1.0000,1,0,0,Action|Adventure|Casual,partial,0.3333,1,2,0
865760_1,Adventure,Action|Adventure|Casual|Simulation,partial,0.2500,1,3,0,Adventure,exact,1.0000,1,0,0,Action|Adventure|Casual,partial,0.3333,1,2,0
868260_0,Casual|Simulation|Strategy,Casual|Simulation|Strategy,exact,1.0000,3,0,0,Casual|Simulation,partial,0.6667,2,0,1,Simulation|Strategy,partial,0.6667,2,0,1
868260_1,Casual|Simulation|Strategy,Casual|Simulation|Strategy,exact,1.0000,3,0,0,Casual|Simulation,partial,0.6667,2,0,1,Casual|Simulation|Strategy,exact,1.0000,3,0,0
873250_0,RPG,Adventure|Casual|RPG,partial,0.3333,1,2,0,Adventure,wrong,0.0000,0,1,1,Adventure|Casual,wrong,0.0000,0,2,1
873250_1,RPG,Action|Adventure|RPG,partial,0.3333,1,2,0,Adventure,wrong,0.0000,0,1,1,Adventure,wrong,0.0000,0,1,1
876780_0,Action|Adventure|Casual|Strategy,Action|Adventure|Simulation,partial,0.4000,2,1,2,Action|Casual,partial,0.5000,2,0,2,Action|Casual,partial,0.5000,2,0,2
876780_1,Action|Adventure|Casual|Strategy,Action|Adventure|Casual,partial,0.7500,3,0,1,Action|Casual,partial,0.5000,2,0,2,Action|Casual,partial,0.5000,2,0,2
877850_0,Casual|Simulation|Strategy,Casual|Simulation,partial,0.6667,2,0,1,Adventure|Casual|Racing|Simulation|Sports,partial,0.3333,2,3,1,Casual|Simulation,partial,0.6667,2,0,1
877850_1,Casual|Simulation|Strategy,Casual|Simulation|Strategy,exact,1.0000,3,0,0,Adventure|Casual|Racing|Simulation|Sports,partial,0.3333,2,3,1,Casual|Simulation|Sports,partial,0.5000,2,1,1
878340_0,Action|Adventure|RPG,Action|Adventure|Casual,partial,0.5000,2,1,1,Action|Adventure|RPG,exact,1.0000,3,0,0,Action|Adventure|Casual|RPG,partial,0.7500,3,1,0
878340_1,Action|Adventure|RPG,Action|Adventure|Casual,partial,0.5000,2,1,1,Action|Adventure|RPG,exact,1.0000,3,0,0,Action|Adventure,partial,0.6667,2,0,1
880210_0,RPG,Action|Adventure|Casual|RPG,partial,0.2500,1,3,0,Action|Adventure|RPG,partial,0.3333,1,2,0,Action|Adventure|RPG,partial,0.3333,1,2,0
880210_1,RPG,Action|Adventure|Casual|RPG,partial,0.2500,1,3,0,Action|Adventure|RPG,partial,0.3333,1,2,0,Action|Adventure|RPG,partial,0.3333,1,2,0
880620_0,Action|Adventure|RPG,Adventure|Casual|Strategy,partial,0.2000,1,2,2,Action|Adventure|Casual,partial,0.5000,2,1,1,Action|Casual|Strategy,partial,0.2000,1,2,2
880620_1,Action|Adventure|RPG,Action|Adventure|Simulation,partial,0.5000,2,1,1,Action|Adventure|Casual,partial,0.5000,2,1,1,Action|Adventure|Simulation,partial,0.5000,2,1,1
885140_0,Adventure|Casual,Action|Adventure|Casual,partial,0.6667,2,1,0,Adventure|RPG,partial,0.3333,1,1,1,Adventure|Casual,exact,1.0000,2,0,0
885140_1,Adventure|Casual,Adventure|Casual,exact,1.0000,2,0,0,Adventure|RPG,partial,0.3333,1,1,1,Adventure|Casual,exact,1.0000,2,0,0
885970_0,Strategy,Action|Simulation,wrong,0.0000,0,2,1,Action|Adventure|RPG|Strategy,partial,0.2500,1,3,0,Action|Simulation,wrong,0.0000,0,2,1
885970_1,Strategy,Action|Adventure|Casual|RPG|Strategy,partial,0.2000,1,4,0,Action|Adventure|RPG|Strategy,partial,0.2500,1,3,0,Action|Casual|Strategy,partial,0.3333,1,2,0
886490_0,Action|Casual,Action|Casual,exact,1.0000,2,0,0,Action|Casual,exact,1.0000,2,0,0,Casual,partial,0.5000,1,0,1
886490_1,Action|Casual,Action|Casual,exact,1.0000,2,0,0,Action|Casual,exact,1.0000,2,0,0,Casual,partial,0.5000,1,0,1
887590_0,Action|Casual,Action|Adventure|Casual|Simulation,partial,0.5000,2,2,0,Action|Casual,exact,1.0000,2,0,0,Action|Casual,exact,1.0000,2,0,0
887590_1,Action|Casual,Action|Adventure|Casual,partial,0.6667,2,1,0,Action|Casual,exact,1.0000,2,0,0,Action|Casual,exact,1.0000,2,0,0
888380_0,Action|Casual,Action|Adventure|Casual,partial,0.6667,2,1,0,Action,partial,0.5000,1,0,1,Action|Casual,exact,1.0000,2,0,0
888380_1,Action|Casual,Action|Adventure|Casual|Simulation,partial,0.5000,2,2,0,Action,partial,0.5000,1,0,1,Action|Casual,exact,1.0000,2,0,0
889970_0,Casual|Simulation,Action|Adventure|Casual|Simulation,partial,0.5000,2,2,0,Casual|Simulation,exact,1.0000,2,0,0,Casual|Simulation,exact,1.0000,2,0,0
889970_1,Casual|Simulation,Casual|Simulation|Strategy,partial,0.6667,2,1,0,Casual|Simulation,exact,1.0000,2,0,0,Casual|Simulation,exact,1.0000,2,0,0
894420_0,Action|Adventure,Action|Adventure|Casual,partial,0.6667,2,1,0,Action|Adventure|Casual,partial,0.6667,2,1,0,Action|Adventure|Casual,partial,0.6667,2,1,0
894420_1,Action|Adventure,Adventure|Casual,partial,0.3333,1,1,1,Action|Adventure|Casual,partial,0.6667,2,1,0,Action|Adventure|Casual,partial,0.6667,2,1,0
895620_1,Simulation|Strategy,Action|Adventure|Casual|Simulation,partial,0.2000,1,3,1,Simulation|Strategy,exact,1.0000,2,0,0,Casual|Simulation|Strategy,partial,0.6667,2,1,0
895760_0,Action|Adventure|Casual,Casual|Simulation,partial,0.2500,1,1,2,Action|Adventure|Casual,exact,1.0000,3,0,0,Adventure|Casual,partial,0.6667,2,0,1
895760_1,Action|Adventure|Casual,Action|Adventure|Simulation,partial,0.5000,2,1,1,Action|Adventure|Casual,exact,1.0000,3,0,0,Action|Adventure|Casual,exact,1.0000,3,0,0
896110_0,Adventure|Casual,Action|Adventure|Casual|Simulation|Strategy,partial,0.4000,2,3,0,Adventure|RPG,partial,0.3333,1,1,1,Action|Adventure|Casual|RPG,partial,0.5000,2,2,0
896110_1,Adventure|Casual,Action|Adventure|Casual|RPG|Simulation|Strategy,partial,0.3333,2,4,0,Adventure|RPG,partial,0.3333,1,1,1,Adventure|Casual|RPG|Simulation,partial,0.5000,2,2,0
903180_0,Action|RPG|Strategy,Action|Adventure|Casual|Simulation,partial,0.1667,1,3,2,Adventure|RPG,partial,0.2500,1,1,2,Action|Adventure|RPG,partial,0.5000,2,1,1
903180_1,Action|RPG|Strategy,Action|Adventure|Casual,partial,0.2000,1,2,2,Adventure|RPG,partial,0.2500,1,1,2,Adventure|RPG|Strategy,partial,0.5000,2,1,1
909220_0,Casual|Sports,Action|Casual|Racing|Simulation|Sports,partial,0.4000,2,3,0,Casual|Sports,exact,1.0000,2,0,0,Casual|Sports,exact,1.0000,2,0,0
909220_1,Casual|Sports,Action|Adventure|Casual|Simulation|Sports,partial,0.4000,2,3,0,Casual|Sports,exact,1.0000,2,0,0,Casual|Sports,exact,1.0000,2,0,0
913720_0,Adventure|Casual|RPG,Action|Casual|RPG|Strategy,partial,0.4000,2,2,1,Adventure|Casual,partial,0.6667,2,0,1,Adventure|Casual,partial,0.6667,2,0,1
913720_1,Adventure|Casual|RPG,Action|Adventure|Casual|Strategy,partial,0.4000,2,2,1,Adventure|Casual,partial,0.6667,2,0,1,Adventure|Casual,partial,0.6667,2,0,1
914630_0,Action|Adventure|Casual|RPG|Simulation,Action|Adventure|Casual|RPG|Simulation|Strategy,partial,0.8333,5,1,0,Adventure|Casual,partial,0.4000,2,0,3,Action|Adventure|Casual|RPG|Simulation,exact,1.0000,5,0,0
914630_1,Action|Adventure|Casual|RPG|Simulation,Action|Adventure|Casual|RPG|Simulation|Strategy,partial,0.8333,5,1,0,Adventure|Casual,partial,0.4000,2,0,3,Adventure|Casual|RPG|Simulation,partial,0.8000,4,0,1
914750_0,Adventure|Casual|Simulation,Action|Adventure|Casual|RPG,partial,0.4000,2,2,1,Action|Casual|Simulation,partial,0.5000,2,1,1,Action|Adventure|Casual|Simulation,partial,0.7500,3,1,0
914750_1,Adventure|Casual|Simulation,Action|Adventure|Casual|RPG,partial,0.4000,2,2,1,Action|Casual|Simulation,partial,0.5000,2,1,1,Action|Casual,partial,0.2500,1,1,2
916140_0,Action|Adventure|Casual,Action|Adventure|Casual,exact,1.0000,3,0,0,Action|Adventure|RPG,partial,0.5000,2,1,1,Action|Adventure|Casual|RPG,partial,0.7500,3,1,0
916140_1,Action|Adventure|Casual,Action|Adventure|RPG,partial,0.5000,2,1,1,Action|Adventure|RPG,partial,0.5000,2,1,1,Action|Adventure|RPG,partial,0.5000,2,1,1
917600_0,Adventure|Casual|RPG|Simulation,Action|Adventure|Casual,partial,0.4000,2,1,2,Action|Adventure|Casual|RPG,partial,0.6000,3,1,1,Action|Adventure|Casual,partial,0.4000,2,1,2
917600_1,Adventure|Casual|RPG|Simulation,Action|Adventure|Casual,partial,0.4000,2,1,2,Action|Adventure|Casual|RPG,partial,0.6000,3,1,1,Action|Adventure|Casual|Simulation,partial,0.6000,3,1,1
917870_0,Action,Action|Adventure|Casual|RPG|Strategy,partial,0.2000,1,4,0,Action,exact,1.0000,1,0,0,Action|Casual,partial,0.5000,1,1,0
917870_1,Action,Action|Casual|Strategy,partial,0.3333,1,2,0,Action,exact,1.0000,1,0,0,Action|Casual,partial,0.5000,1,1,0
920710_0,Action|Adventure|Racing,Action|Adventure|RPG,partial,0.5000,2,1,1,Action|Racing,partial,0.6667,2,0,1,Action|Racing,partial,0.6667,2,0,1
920710_1,Action|Adventure|Racing,Action|Racing|Simulation|Sports,partial,0.4000,2,2,1,Action|Racing,partial,0.6667,2,0,1,Action|Racing|Sports,partial,0.5000,2,1,1
926240_0,Action,Adventure|Casual|RPG|Simulation|Strategy,wrong,0.0000,0,5,1,Action|Casual,partial,0.5000,1,1,0,Action|Casual,partial,0.5000,1,1,0
926240_1,Action,Action|Adventure|Casual|RPG,partial,0.2500,1,3,0,Action|Casual,partial,0.5000,1,1,0,Action|Casual,partial,0.5000,1,1,0
931820_0,Action,Action|Casual|Simulation|Strategy,partial,0.2500,1,3,0,Action|Casual,partial,0.5000,1,1,0,Action|Casual,partial,0.5000,1,1,0
931820_1,Action,Action|Adventure|Casual,partial,0.3333,1,2,0,Action|Casual,partial,0.5000,1,1,0,Action|Casual,partial,0.5000,1,1,0
933080_0,Casual|Simulation,Action|Adventure,wrong,0.0000,0,2,2,Adventure|Casual|Simulation,partial,0.6667,2,1,0,Adventure|Casual|Simulation,partial,0.6667,2,1,0
933080_1,Casual|Simulation,Action|Adventure,wrong,0.0000,0,2,2,Adventure|Casual|Simulation,partial,0.6667,2,1,0,Adventure|Casual|Simulation,partial,0.6667,2,1,0
936790_0,Action|Adventure,Adventure|Casual|Simulation,partial,0.2500,1,2,1,Adventure|Casual,partial,0.3333,1,1,1,Adventure|Casual,partial,0.3333,1,1,1
936790_1,Action|Adventure,Adventure|Casual|Simulation,partial,0.2500,1,2,1,Adventure|Casual,partial,0.3333,1,1,1,Adventure|Casual|RPG,partial,0.2500,1,2,1
937780_0,Action|Adventure|Casual|RPG|Simulation|Sports|Strategy,Action|Adventure|Casual|RPG,partial,0.5714,4,0,3,Action|Strategy,partial,0.2857,2,0,5,Action|Casual|Strategy,partial,0.4286,3,0,4
937780_1,Action|Adventure|Casual|RPG|Simulation|Sports|Strategy,Action|Adventure|Casual|Simulation|Strategy,partial,0.7143,5,0,2,Action|Strategy,partial,0.2857,2,0,5,Action|Casual|Strategy,partial,0.4286,3,0,4
939870_0,Casual|Simulation,Adventure|Casual|RPG,partial,0.2500,1,2,1,Adventure|Casual|RPG,partial,0.2500,1,2,1,Adventure|Casual|RPG|Simulation,partial,0.5000,2,2,0
939870_1,Casual|Simulation,Action|Adventure|Casual,partial,0.2500,1,2,1,Adventure|Casual|RPG,partial,0.2500,1,2,1,Adventure|Casual|RPG,partial,0.2500,1,2,1
94000_0,Casual,Action|Adventure|Casual|Simulation,partial,0.2500,1,3,0,Adventure|Casual|Simulation,partial,0.3333,1,2,0,Adventure|Casual|Simulation,partial,0.3333,1,2,0
94000_1,Casual,Action|Adventure|Casual|Simulation,partial,0.2500,1,3,0,Adventure|Casual|Simulation,partial,0.3333,1,2,0,Adventure|Casual|Simulation,partial,0.3333,1,2,0
946860_0,Action|Adventure|Casual,Action|Adventure|Casual,exact,1.0000,3,0,0,Action|Adventure|Casual,exact,1.0000,3,0,0,Action|Adventure|Casual,exact,1.0000,3,0,0
946860_1,Action|Adventure|Casual,Action|Adventure|Casual,exact,1.0000,3,0,0,Action|Adventure|Casual,exact,1.0000,3,0,0,Action|Adventure|Casual,exact,1.0000,3,0,0
947250_0,Casual|Simulation|Sports,Action|Adventure|Casual|Simulation,partial,0.4000,2,2,1,Adventure|Casual|Racing|Simulation|Sports,partial,0.6000,3,2,0,Casual|Racing|Simulation|Sports,partial,0.7500,3,1,0
947250_1,Casual|Simulation|Sports,Action|Adventure|Casual|RPG|Simulation,partial,0.3333,2,3,1,Adventure|Casual|Racing|Simulation|Sports,partial,0.6000,3,2,0,Adventure|Casual|Racing|Simulation|Sports,partial,0.6000,3,2,0
950620_0,Action|Adventure|Simulation,Action|Adventure|RPG,partial,0.5000,2,1,1,Action|Adventure,partial,0.6667,2,0,1,Action|Adventure,partial,0.6667,2,0,1
950620_1,Action|Adventure|Simulation,Action|Adventure|Casual|RPG,partial,0.4000,2,2,1,Action|Adventure,partial,0.6667,2,0,1,Action|Adventure,partial,0.6667,2,0,1
951250_0,Casual|Simulation,Action|Adventure|Casual|RPG,partial,0.2000,1,3,1,Action|Casual,partial,0.3333,1,1,1,Action|Adventure|Casual|Simulation,partial,0.5000,2,2,0
951250_1,Casual|Simulation,Action|Adventure|Casual,partial,0.2500,1,2,1,Action|Casual,partial,0.3333,1,1,1,Action|Adventure|Casual|Simulation,partial,0.5000,2,2,0
952400_0,Action|Adventure|Casual,Action|Adventure|Casual,exact,1.0000,3,0,0,Action|Adventure|Simulation,partial,0.5000,2,1,1,Action|Adventure,partial,0.6667,2,0,1
952400_1,Action|Adventure|Casual,Action|Adventure|RPG,partial,0.5000,2,1,1,Action|Adventure|Simulation,partial,0.5000,2,1,1,Action|Adventure,partial,0.6667,2,0,1
955190_0,Casual,Action|Casual|Strategy,partial,0.3333,1,2,0,Adventure|Casual,partial,0.5000,1,1,0,Casual|Strategy,partial,0.5000,1,1,0
955190_1,Casual,Action|Casual,partial,0.5000,1,1,0,Adventure|Casual,partial,0.5000,1,1,0,Casual,exact,1.0000,1,0,0
955600_0,Simulation|Strategy,Action|Adventure|Casual,wrong,0.0000,0,3,2,Simulation|Strategy,exact,1.0000,2,0,0,Casual|Simulation|Strategy,partial,0.6667,2,1,0
955600_1,Simulation|Strategy,Action|Adventure|Casual|Simulation,partial,0.2000,1,3,1,Simulation|Strategy,exact,1.0000,2,0,0,Casual|Simulation,partial,0.3333,1,1,1
955890_0,Action|Adventure|Casual|RPG|Racing|Simulation|Strategy,Action|Adventure|Simulation|Strategy,partial,0.5714,4,0,3,Simulation|Strategy,partial,0.2857,2,0,5,Simulation|Strategy,partial,0.2857,2,0,5
955890_1,Action|Adventure|Casual|RPG|Racing|Simulation|Strategy,Action|Adventure,partial,0.2857,2,0,5,Simulation|Strategy,partial,0.2857,2,0,5,Simulation|Strategy,partial,0.2857,2,0,5
956560_0,Action,Action|Adventure|Casual,partial,0.3333,1,2,0,Action|Adventure,partial,0.5000,1,1,0,Action|Adventure,partial,0.5000,1,1,0
956560_1,Action,Action|Adventure|Casual|RPG,partial,0.2500,1,3,0,Action|Adventure,partial,0.5000,1,1,0,Action|Adventure,partial,0.5000,1,1,0
961110_0,Action|Adventure|Casual,Action|Adventure|Casual,exact,1.0000,3,0,0,Action|Adventure|Casual,exact,1.0000,3,0,0,Action|Casual,partial,0.6667,2,0,1
961110_1,Action|Adventure|Casual,Action|Adventure|Casual,exact,1.0000,3,0,0,Action|Adventure|Casual,exact,1.0000,3,0,0,Action|Casual,partial,0.6667,2,0,1
962810_0,Action|Adventure|Casual,Action|Adventure,partial,0.6667,2,0,1,Action|Adventure|Casual|Racing,partial,0.7500,3,1,0,Action|Adventure|Casual|Racing,partial,0.7500,3,1,0
962810_1,Action|Adventure|Casual,Action|Adventure,partial,0.6667,2,0,1,Action|Adventure|Casual|Racing,partial,0.7500,3,1,0,Action|Casual|Racing,partial,0.5000,2,1,1
963730_0,Adventure|RPG,Action|Adventure|Casual,partial,0.2500,1,2,1,Action|Adventure|RPG,partial,0.6667,2,1,0,Action|Adventure|RPG,partial,0.6667,2,1,0
963730_1,Adventure|RPG,Action|Adventure|Casual|RPG,partial,0.5000,2,2,0,Action|Adventure|RPG,partial,0.6667,2,1,0,Action|Adventure|RPG,partial,0.6667,2,1,0
964570_0,Action|Adventure|Racing|Simulation|Sports,Action|Adventure|Casual,partial,0.3333,2,1,3,Racing|Simulation|Sports,partial,0.6000,3,0,2,Racing|Simulation|Sports,partial,0.6000,3,0,2
964570_1,Action|Adventure|Racing|Simulation|Sports,Action|Adventure|Casual,partial,0.3333,2,1,3,Racing|Simulation|Sports,partial,0.6000,3,0,2,Racing|Simulation|Sports,partial,0.6000,3,0,2
966190_0,Action|Adventure|Casual|Racing,Action|Adventure|Casual,partial,0.7500,3,0,1,Action|Casual|Racing,partial,0.7500,3,0,1,Action|Casual|Racing,partial,0.7500,3,0,1
966190_1,Action|Adventure|Casual|Racing,Action|Adventure|Casual,partial,0.7500,3,0,1,Action|Casual|Racing,partial,0.7500,3,0,1,Action|Casual|Racing|Sports,partial,0.6000,3,1,1
978660_0,Casual,Action|Casual,partial,0.5000,1,1,0,Action|Casual,partial,0.5000,1,1,0,Action|Casual,partial,0.5000,1,1,0
978660_1,Casual,Action|Casual|Strategy,partial,0.3333,1,2,0,Action|Casual,partial,0.5000,1,1,0,Action|Casual,partial,0.5000,1,1,0
980640_0,Action|Adventure|RPG|Strategy,Action|Adventure|RPG,partial,0.7500,3,0,1,Action|RPG|Simulation|Strategy,partial,0.6000,3,1,1,Action|RPG|Strategy,partial,0.7500,3,0,1
980640_1,Action|Adventure|RPG|Strategy,Action|Adventure|RPG|Strategy,exact,1.0000,4,0,0,Action|RPG|Simulation|Strategy,partial,0.6000,3,1,1,Action|RPG|Strategy,partial,0.7500,3,0,1
985930_0,Action|Casual|Sports,Action|Casual,partial,0.6667,2,0,1,Action|Casual|Sports,exact,1.0000,3,0,0,Action|Casual,partial,0.6667,2,0,1
985930_1,Action|Casual|Sports,Action|Casual,partial,0.6667,2,0,1,Action|Casual|Sports,exact,1.0000,3,0,0,Action|Casual,partial,0.6667,2,0,1
987770_0,Action,Action|Adventure|Casual|RPG|Simulation,partial,0.2000,1,4,0,Action,exact,1.0000,1,0,0,Action|Simulation,partial,0.5000,1,1,0
987770_1,Action,Action|Adventure,partial,0.5000,1,1,0,Action,exact,1.0000,1,0,0,Action,exact,1.0000,1,0,0
987910_0,Action|Strategy,Action|Adventure|RPG,partial,0.2500,1,2,1,Action|Adventure,partial,0.3333,1,1,1,Action|Adventure|RPG|Simulation,partial,0.2000,1,3,1
987910_1,Action|Strategy,Action|Adventure|Strategy,partial,0.6667,2,1,0,Action|Adventure,partial,0.3333,1,1,1,Action|Adventure|RPG,partial,0.2500,1,2,1
992640_0,Action|RPG,Action|Adventure|RPG,partial,0.6667,2,1,0,Action|RPG,exact,1.0000,2,0,0,Action|RPG,exact,1.0000,2,0,0
992640_1,Action|RPG,Action|Adventure|RPG,partial,0.6667,2,1,0,Action|RPG,exact,1.0000,2,0,0,Action|RPG,exact,1.0000,2,0,0
998150_0,Adventure|RPG|Simulation|Strategy,Adventure|Casual|Simulation|Strategy,partial,0.6000,3,1,1,Casual,wrong,0.0000,0,1,4,Casual|Simulation,partial,0.2000,1,1,3
998150_1,Adventure|RPG|Simulation|Strategy,Adventure|Casual|Simulation|Strategy,partial,0.6000,3,1,1,Casual,wrong,0.0000,0,1,4,Casual,wrong,0.0000,0,1,4
998630_0,Adventure|RPG|Strategy,Action|Adventure|Casual,partial,0.2000,1,2,2,Simulation|Strategy,partial,0.2500,1,1,2,Simulation|Strategy,partial,0.2500,1,1,2
998630_1,Adventure|RPG|Strategy,Adventure|Casual|RPG|Simulation|Strategy,partial,0.6000,3,2,0,Simulation|Strategy,partial,0.2500,1,1,2,Simulation|Strategy,partial,0.2500,1,1,2
998690_0,Action|Adventure|Casual,Action|Adventure|Casual|RPG|Strategy,partial,0.6000,3,2,0,Action|Adventure|Casual,exact,1.0000,3,0,0,Action|Adventure|Casual,exact,1.0000,3,0,0
998690_1,Action|Adventure|Casual,Action|Adventure|RPG,partial,0.5000,2,1,1,Action|Adventure|Casual,exact,1.0000,3,0,0,Action|Adventure|Casual,exact,1.0000,3,0,0
998850_0,Casual|RPG|Strategy,Action|Adventure|Casual,partial,0.2000,1,2,2,Casual|Strategy,partial,0.6667,2,0,1,Casual|Strategy,partial,0.6667,2,0,1
998850_1,Casual|RPG|Strategy,Casual|Strategy,partial,0.6667,2,0,1,Casual|Strategy,partial,0.6667,2,0,1,Casual|Strategy,partial,0.6667,2,0,1
